instance_name,timeout,num_chunks,gate_out,depth_out,num_swaps,seed,method_is,objfun
miller_11,10,1,61,37,11,1,default,depth
miller_11,10,1,59,37,9,2,default,depth
miller_11,10,1,61,37,11,3,default,depth
miller_11,10,1,61,37,11,4,default,depth
miller_11,10,1,59,37,9,5,default,depth
miller_11,10,1,61,37,11,6,default,depth
miller_11,10,1,61,37,11,7,default,depth
miller_11,10,1,60,37,10,8,default,depth
miller_11,10,1,60,37,10,9,default,depth
miller_11,10,1,60,37,10,10,default,depth
miller_11,10,1,60,37,10,11,default,depth
miller_11,10,1,61,37,11,12,default,depth
miller_11,10,1,59,37,9,13,default,depth
miller_11,10,1,59,37,9,14,default,depth
miller_11,10,1,61,37,11,15,default,depth
miller_11,10,1,61,37,11,16,default,depth
miller_11,10,1,59,37,9,17,default,depth
miller_11,10,1,60,37,10,18,default,depth
miller_11,10,1,60,37,10,19,default,depth
miller_11,10,1,61,37,11,20,default,depth
miller_11,10,1,59,37,9,21,default,depth
miller_11,10,1,61,37,11,22,default,depth
miller_11,10,1,61,37,11,25,default,depth
miller_11,10,1,61,37,11,23,default,depth
miller_11,10,1,60,37,10,24,default,depth
miller_11,10,1,60,37,10,26,default,depth
miller_11,10,1,60,37,10,27,default,depth
miller_11,10,1,61,37,11,28,default,depth
miller_11,10,1,61,37,11,30,default,depth
miller_11,10,1,60,37,10,29,default,depth
miller_11,10,1,50,29,0,1,ils,depth
miller_11,10,1,50,29,0,4,ils,depth
miller_11,10,1,50,29,0,5,ils,depth
miller_11,10,1,50,29,0,6,ils,depth
miller_11,10,1,50,29,0,7,ils,depth
miller_11,10,1,50,29,0,8,ils,depth
miller_11,10,1,50,29,0,9,ils,depth
miller_11,10,1,50,29,0,2,ils,depth
miller_11,10,1,50,29,0,10,ils,depth
miller_11,10,1,50,29,0,3,ils,depth
miller_11,10,1,50,29,0,13,ils,depth
miller_11,10,1,50,29,0,15,ils,depth
miller_11,10,1,50,29,0,16,ils,depth
miller_11,10,1,50,29,0,11,ils,depth
miller_11,10,1,50,29,0,18,ils,depth
miller_11,10,1,50,29,0,19,ils,depth
miller_11,10,1,50,29,0,12,ils,depth
miller_11,10,1,50,29,0,14,ils,depth
miller_11,10,1,50,29,0,22,ils,depth
miller_11,10,1,50,29,0,23,ils,depth
miller_11,10,1,50,29,0,17,ils,depth
miller_11,10,1,50,29,0,24,ils,depth
miller_11,10,1,50,29,0,25,ils,depth
miller_11,10,1,50,29,0,26,ils,depth
miller_11,10,1,50,29,0,20,ils,depth
miller_11,10,1,50,29,0,27,ils,depth
miller_11,10,1,50,29,0,28,ils,depth
miller_11,10,1,50,29,0,21,ils,depth
miller_11,10,1,50,29,0,30,ils,depth
miller_11,10,1,50,29,0,29,ils,depth
4gt13_91,10,2,122,66,19,19,default,depth
4gt13_91,10,2,122,66,19,22,default,depth
4gt13_91,10,2,122,66,19,1,default,depth
4gt13_91,10,2,122,66,19,8,default,depth
4gt13_91,10,2,122,66,19,5,default,depth
4gt13_91,10,2,122,66,19,15,default,depth
4gt13_91,10,2,122,66,19,6,default,depth
4gt13_91,10,2,122,66,19,23,default,depth
4gt13_91,10,2,122,66,19,11,default,depth
4gt13_91,10,2,122,66,19,20,default,depth
4gt13_91,10,2,122,66,19,13,default,depth
4gt13_91,10,2,122,66,19,4,default,depth
4gt13_91,10,2,122,66,19,2,default,depth
4gt13_91,10,2,122,66,19,24,default,depth
4gt13_91,10,2,122,66,19,17,default,depth
4gt13_91,10,2,122,66,19,25,default,depth
4gt13_91,10,2,122,66,19,7,default,depth
4gt13_91,10,2,122,66,19,10,default,depth
4gt13_91,10,2,122,66,19,3,default,depth
4gt13_91,10,2,122,66,19,29,default,depth
4gt13_91,10,2,122,66,19,26,default,depth
4gt13_91,10,2,122,66,19,14,default,depth
4gt13_91,10,2,122,66,19,18,default,depth
4gt13_91,10,2,122,66,19,30,default,depth
4gt13_91,10,2,122,66,19,27,default,depth
4gt13_91,10,2,122,66,19,12,default,depth
4gt13_91,10,2,122,66,19,9,default,depth
4gt13_91,10,2,122,66,19,21,default,depth
4gt13_91,10,2,122,66,19,16,default,depth
4gt13_91,10,2,122,66,19,28,default,depth
4gt13_91,10,2,107,63,4,3,ils,depth
4gt13_91,10,2,110,63,7,2,ils,depth
4gt13_91,10,2,107,63,4,4,ils,depth
4gt13_91,10,2,107,63,4,6,ils,depth
4gt13_91,10,2,111,63,8,7,ils,depth
4gt13_91,10,2,107,63,4,8,ils,depth
4gt13_91,10,2,110,63,7,9,ils,depth
4gt13_91,10,2,107,63,4,10,ils,depth
4gt13_91,10,2,107,63,4,1,ils,depth
4gt13_91,10,2,109,63,6,11,ils,depth
4gt13_91,10,2,107,63,4,13,ils,depth
4gt13_91,10,2,107,63,4,5,ils,depth
4gt13_91,10,2,107,63,4,15,ils,depth
4gt13_91,10,2,109,63,6,16,ils,depth
4gt13_91,10,2,107,63,4,17,ils,depth
4gt13_91,10,2,107,63,4,18,ils,depth
4gt13_91,10,2,107,63,4,14,ils,depth
4gt13_91,10,2,109,63,6,19,ils,depth
4gt13_91,10,2,107,63,4,20,ils,depth
4gt13_91,10,2,107,63,4,12,ils,depth
4gt13_91,10,2,109,63,6,22,ils,depth
4gt13_91,10,2,107,63,4,23,ils,depth
4gt13_91,10,2,107,63,4,24,ils,depth
4gt13_91,10,2,107,63,4,21,ils,depth
4gt13_91,10,2,107,63,4,27,ils,depth
4gt13_91,10,2,107,63,4,29,ils,depth
4gt13_91,10,2,109,63,6,30,ils,depth
4gt13_91,10,2,107,63,4,25,ils,depth
4gt13_91,10,2,107,63,4,26,ils,depth
4gt13_91,10,2,109,63,6,28,ils,depth
0410184_169,10,2,271,113,60,1,default,depth
0410184_169,10,2,273,113,62,6,default,depth
0410184_169,10,2,269,112,58,10,default,depth
0410184_169,10,2,260,115,49,26,default,depth
0410184_169,10,2,272,112,61,24,default,depth
0410184_169,10,2,273,112,62,11,default,depth
0410184_169,10,2,262,113,51,4,default,depth
0410184_169,10,2,257,113,46,21,default,depth
0410184_169,10,2,258,115,47,27,default,depth
0410184_169,10,2,273,114,62,5,default,depth
0410184_169,10,2,246,113,35,16,default,depth
0410184_169,10,2,262,113,51,18,default,depth
0410184_169,10,2,256,114,45,9,default,depth
0410184_169,10,2,266,112,55,7,default,depth
0410184_169,10,2,263,111,52,2,default,depth
0410184_169,10,2,272,112,61,25,default,depth
0410184_169,10,2,272,112,61,13,default,depth
0410184_169,10,2,277,113,66,28,default,depth
0410184_169,10,2,269,113,58,22,default,depth
0410184_169,10,2,272,112,61,3,default,depth
0410184_169,10,2,263,113,52,20,default,depth
0410184_169,10,2,249,113,38,29,default,depth
0410184_169,10,2,273,113,62,23,default,depth
0410184_169,10,2,277,113,66,19,default,depth
0410184_169,10,2,271,112,60,15,default,depth
0410184_169,10,2,260,115,49,17,default,depth
0410184_169,10,2,249,113,38,14,default,depth
0410184_169,10,2,273,112,62,30,default,depth
0410184_169,10,2,246,113,35,12,default,depth
0410184_169,10,2,246,113,35,8,default,depth
0410184_169,10,2,221,107,10,4,ils,depth
0410184_169,10,2,225,107,14,3,ils,depth
0410184_169,10,2,218,108,7,5,ils,depth
0410184_169,10,2,221,108,10,6,ils,depth
0410184_169,10,2,218,108,7,7,ils,depth
0410184_169,10,2,225,106,14,8,ils,depth
0410184_169,10,2,218,108,7,1,ils,depth
0410184_169,10,2,218,108,7,11,ils,depth
0410184_169,10,2,220,108,9,2,ils,depth
0410184_169,10,2,221,108,10,13,ils,depth
0410184_169,10,2,220,108,9,14,ils,depth
0410184_169,10,2,222,109,11,16,ils,depth
0410184_169,10,2,227,108,16,10,ils,depth
0410184_169,10,2,222,109,11,17,ils,depth
0410184_169,10,2,220,108,9,18,ils,depth
0410184_169,10,2,218,108,7,9,ils,depth
0410184_169,10,2,227,108,16,20,ils,depth
0410184_169,10,2,221,108,10,21,ils,depth
0410184_169,10,2,221,108,10,12,ils,depth
0410184_169,10,2,221,108,10,15,ils,depth
0410184_169,10,2,221,107,10,24,ils,depth
0410184_169,10,2,221,108,10,19,ils,depth
0410184_169,10,2,221,107,10,26,ils,depth
0410184_169,10,2,223,108,12,25,ils,depth
0410184_169,10,2,220,108,9,27,ils,depth
0410184_169,10,2,222,108,11,29,ils,depth
0410184_169,10,2,231,109,20,22,ils,depth
0410184_169,10,2,226,108,15,23,ils,depth
0410184_169,10,2,219,106,8,28,ils,depth
0410184_169,10,2,218,108,7,30,ils,depth
ex3_229,10,2,458,236,55,26,default,depth
ex3_229,10,2,451,237,48,29,default,depth
ex3_229,10,2,458,236,55,1,default,depth
ex3_229,10,2,451,237,48,17,default,depth
ex3_229,10,2,457,239,54,14,default,depth
ex3_229,10,2,457,237,54,12,default,depth
ex3_229,10,2,451,238,48,8,default,depth
ex3_229,10,2,453,237,50,4,default,depth
ex3_229,10,2,451,237,48,2,default,depth
ex3_229,10,2,458,237,55,28,default,depth
ex3_229,10,2,451,237,48,16,default,depth
ex3_229,10,2,455,237,52,5,default,depth
ex3_229,10,2,451,237,48,18,default,depth
ex3_229,10,2,453,237,50,11,default,depth
ex3_229,10,2,458,237,55,9,default,depth
ex3_229,10,2,458,236,55,24,default,depth
ex3_229,10,2,458,238,55,15,default,depth
ex3_229,10,2,458,236,55,21,default,depth
ex3_229,10,2,458,237,55,19,default,depth
ex3_229,10,2,451,238,48,25,default,depth
ex3_229,10,2,455,238,52,10,default,depth
ex3_229,10,2,451,238,48,20,default,depth
ex3_229,10,2,453,237,50,3,default,depth
ex3_229,10,2,459,238,56,13,default,depth
ex3_229,10,2,458,236,55,22,default,depth
ex3_229,10,2,459,240,56,30,default,depth
ex3_229,10,2,453,238,50,23,default,depth
ex3_229,10,2,458,237,55,6,default,depth
ex3_229,10,2,458,237,55,27,default,depth
ex3_229,10,2,437,237,34,7,default,depth
ex3_229,10,2,433,233,30,5,ils,depth
ex3_229,10,2,414,229,11,6,ils,depth
ex3_229,10,2,414,234,11,8,ils,depth
ex3_229,10,2,419,234,16,7,ils,depth
ex3_229,10,2,414,234,11,9,ils,depth
ex3_229,10,2,420,231,17,2,ils,depth
ex3_229,10,2,414,234,11,1,ils,depth
ex3_229,10,2,433,233,30,3,ils,depth
ex3_229,10,2,414,234,11,4,ils,depth
ex3_229,10,2,419,234,16,10,ils,depth
ex3_229,10,2,415,233,12,12,ils,depth
ex3_229,10,2,415,233,12,14,ils,depth
ex3_229,10,2,419,234,16,15,ils,depth
ex3_229,10,2,420,231,17,11,ils,depth
ex3_229,10,2,414,229,11,17,ils,depth
ex3_229,10,2,414,234,11,21,ils,depth
ex3_229,10,2,415,233,12,18,ils,depth
ex3_229,10,2,418,233,15,13,ils,depth
ex3_229,10,2,415,233,12,24,ils,depth
ex3_229,10,2,414,234,11,16,ils,depth
ex3_229,10,2,414,234,11,19,ils,depth
ex3_229,10,2,414,234,11,25,ils,depth
ex3_229,10,2,435,232,32,23,ils,depth
ex3_229,10,2,415,233,12,20,ils,depth
ex3_229,10,2,418,232,15,22,ils,depth
ex3_229,10,2,414,234,11,28,ils,depth
ex3_229,10,2,414,234,11,26,ils,depth
ex3_229,10,2,414,234,11,27,ils,depth
ex3_229,10,2,431,233,28,29,ils,depth
ex3_229,10,2,418,233,15,30,ils,depth
rd53_131,10,3,539,271,70,3,default,depth
rd53_131,10,3,540,272,71,1,default,depth
rd53_131,10,3,541,271,72,13,default,depth
rd53_131,10,3,542,272,73,6,default,depth
rd53_131,10,3,540,272,71,20,default,depth
rd53_131,10,3,538,271,69,26,default,depth
rd53_131,10,3,538,271,69,22,default,depth
rd53_131,10,3,538,271,69,28,default,depth
rd53_131,10,3,540,272,71,16,default,depth
rd53_131,10,3,543,271,74,5,default,depth
rd53_131,10,3,542,271,73,30,default,depth
rd53_131,10,3,540,272,71,14,default,depth
rd53_131,10,3,542,272,73,21,default,depth
rd53_131,10,3,540,272,71,29,default,depth
rd53_131,10,3,542,272,73,10,default,depth
rd53_131,10,3,540,272,71,7,default,depth
rd53_131,10,3,540,271,71,15,default,depth
rd53_131,10,3,542,272,73,24,default,depth
rd53_131,10,3,542,272,73,11,default,depth
rd53_131,10,3,544,272,75,18,default,depth
rd53_131,10,3,539,271,70,2,default,depth
rd53_131,10,3,549,272,80,27,default,depth
rd53_131,10,3,538,271,69,25,default,depth
rd53_131,10,3,540,272,71,12,default,depth
rd53_131,10,3,540,272,71,8,default,depth
rd53_131,10,3,540,272,71,17,default,depth
rd53_131,10,3,542,272,73,9,default,depth
rd53_131,10,3,540,272,71,23,default,depth
rd53_131,10,3,540,272,71,19,default,depth
rd53_131,10,3,540,272,71,4,default,depth
rd53_131,10,3,490,268,21,2,ils,depth
rd53_131,10,3,528,270,59,3,ils,depth
rd53_131,10,3,531,268,62,5,ils,depth
rd53_131,10,3,527,269,58,6,ils,depth
rd53_131,10,3,538,266,69,8,ils,depth
rd53_131,10,3,487,268,18,9,ils,depth
rd53_131,10,3,534,268,65,10,ils,depth
rd53_131,10,3,517,272,48,1,ils,depth
rd53_131,10,3,535,267,66,12,ils,depth
rd53_131,10,3,526,270,57,13,ils,depth
rd53_131,10,3,533,272,64,15,ils,depth
rd53_131,10,3,487,266,18,4,ils,depth
rd53_131,10,3,527,269,58,16,ils,depth
rd53_131,10,3,540,266,71,17,ils,depth
rd53_131,10,3,487,268,18,18,ils,depth
rd53_131,10,3,536,266,67,7,ils,depth
rd53_131,10,3,527,268,58,19,ils,depth
rd53_131,10,3,542,266,73,20,ils,depth
rd53_131,10,3,485,268,16,21,ils,depth
rd53_131,10,3,533,270,64,22,ils,depth
rd53_131,10,3,521,270,52,11,ils,depth
rd53_131,10,3,485,268,16,23,ils,depth
rd53_131,10,3,487,266,18,24,ils,depth
rd53_131,10,3,533,270,64,14,ils,depth
rd53_131,10,3,535,268,66,26,ils,depth
rd53_131,10,3,531,267,62,28,ils,depth
rd53_131,10,3,531,268,62,30,ils,depth
rd53_131,10,3,526,270,57,25,ils,depth
rd53_131,10,3,526,270,57,27,ils,depth
rd53_131,10,3,515,272,46,29,ils,depth
sf_276,10,8,890,464,112,2,default,depth
sf_276,10,8,895,462,117,10,default,depth
sf_276,10,8,890,461,112,7,default,depth
sf_276,10,8,886,460,108,28,default,depth
sf_276,10,8,890,461,112,6,default,depth
sf_276,10,8,887,458,109,9,default,depth
sf_276,10,8,879,456,101,4,default,depth
sf_276,10,8,889,461,111,5,default,depth
sf_276,10,8,875,460,97,12,default,depth
sf_276,10,8,888,464,110,1,default,depth
sf_276,10,8,889,461,111,16,default,depth
sf_276,10,8,920,473,142,27,default,depth
sf_276,10,8,828,445,50,26,default,depth
sf_276,10,8,884,460,106,25,default,depth
sf_276,10,8,890,461,112,15,default,depth
sf_276,10,8,894,461,116,30,default,depth
sf_276,10,8,890,461,112,14,default,depth
sf_276,10,8,867,455,89,8,default,depth
sf_276,10,8,890,461,112,23,default,depth
sf_276,10,8,890,461,112,11,default,depth
sf_276,10,8,889,469,111,20,default,depth
sf_276,10,8,891,469,113,18,default,depth
sf_276,10,8,890,461,112,21,default,depth
sf_276,10,8,887,458,109,24,default,depth
sf_276,10,8,889,464,111,3,default,depth
sf_276,10,8,888,462,110,22,default,depth
sf_276,10,8,892,462,114,19,default,depth
sf_276,10,8,889,461,111,13,default,depth
sf_276,10,8,893,461,115,17,default,depth
sf_276,10,8,883,458,105,29,default,depth
sf_276,10,8,817,448,39,2,ils,depth
sf_276,10,8,795,443,17,1,ils,depth
sf_276,10,8,795,443,17,3,ils,depth
sf_276,10,8,788,443,10,4,ils,depth
sf_276,10,8,848,451,70,7,ils,depth
sf_276,10,8,815,448,37,10,ils,depth
sf_276,10,8,867,454,89,12,ils,depth
sf_276,10,8,822,448,44,8,ils,depth
sf_276,10,8,847,442,69,13,ils,depth
sf_276,10,8,845,442,67,9,ils,depth
sf_276,10,8,837,452,59,14,ils,depth
sf_276,10,8,797,441,19,15,ils,depth
sf_276,10,8,818,446,40,16,ils,depth
sf_276,10,8,791,445,13,11,ils,depth
sf_276,10,8,845,442,67,18,ils,depth
sf_276,10,8,795,443,17,19,ils,depth
sf_276,10,8,865,455,87,22,ils,depth
sf_276,10,8,847,442,69,21,ils,depth
sf_276,10,8,797,443,19,5,ils,depth
sf_276,10,8,816,448,38,6,ils,depth
sf_276,10,8,870,452,92,23,ils,depth
sf_276,10,8,865,457,87,17,ils,depth
sf_276,10,8,808,443,30,29,ils,depth
sf_276,10,8,797,443,19,20,ils,depth
sf_276,10,8,864,458,86,27,ils,depth
sf_276,10,8,793,445,15,24,ils,depth
sf_276,10,8,845,442,67,25,ils,depth
sf_276,10,8,788,443,10,26,ils,depth
sf_276,10,8,878,455,100,28,ils,depth
sf_276,10,8,839,453,61,30,ils,depth
rd53_251,10,6,1413,751,122,12,default,depth
rd53_251,10,6,1428,749,137,9,default,depth
rd53_251,10,6,1420,752,129,21,default,depth
rd53_251,10,6,1426,745,135,29,default,depth
rd53_251,10,6,1422,747,131,8,default,depth
rd53_251,10,6,1426,748,135,25,default,depth
rd53_251,10,6,1428,745,137,1,default,depth
rd53_251,10,6,1424,749,133,7,default,depth
rd53_251,10,6,1426,748,135,22,default,depth
rd53_251,10,6,1441,765,150,2,default,depth
rd53_251,10,6,1417,749,126,4,default,depth
rd53_251,10,6,1426,751,135,11,default,depth
rd53_251,10,6,1424,745,133,13,default,depth
rd53_251,10,6,1428,751,137,6,default,depth
rd53_251,10,6,1422,746,131,14,default,depth
rd53_251,10,6,1418,749,127,5,default,depth
rd53_251,10,6,1422,748,131,15,default,depth
rd53_251,10,6,1420,746,129,23,default,depth
rd53_251,10,6,1428,749,137,17,default,depth
rd53_251,10,6,1432,761,141,20,default,depth
rd53_251,10,6,1418,748,127,19,default,depth
rd53_251,10,6,1418,747,127,26,default,depth
rd53_251,10,6,1422,747,131,16,default,depth
rd53_251,10,6,1422,746,131,18,default,depth
rd53_251,10,6,1412,746,121,3,default,depth
rd53_251,10,6,1420,758,129,24,default,depth
rd53_251,10,6,1494,775,203,10,default,depth
rd53_251,10,6,1419,750,128,30,default,depth
rd53_251,10,6,1405,749,114,27,default,depth
rd53_251,10,6,1413,747,122,28,default,depth
rd53_251,10,6,1372,744,81,1,ils,depth
rd53_251,10,6,1449,750,158,2,ils,depth
rd53_251,10,6,1427,753,136,3,ils,depth
rd53_251,10,6,1428,741,137,11,ils,depth
rd53_251,10,6,1412,743,121,13,ils,depth
rd53_251,10,6,1431,747,140,6,ils,depth
rd53_251,10,6,1427,747,136,15,ils,depth
rd53_251,10,6,1456,752,165,4,ils,depth
rd53_251,10,6,1403,744,112,7,ils,depth
rd53_251,10,6,1387,747,96,5,ils,depth
rd53_251,10,6,1394,746,103,17,ils,depth
rd53_251,10,6,1399,741,108,9,ils,depth
rd53_251,10,6,1402,741,111,19,ils,depth
rd53_251,10,6,1460,757,169,18,ils,depth
rd53_251,10,6,1424,749,133,8,ils,depth
rd53_251,10,6,1402,744,111,21,ils,depth
rd53_251,10,6,1379,746,88,10,ils,depth
rd53_251,10,6,1418,752,127,12,ils,depth
rd53_251,10,6,1406,742,115,14,ils,depth
rd53_251,10,6,1431,746,140,16,ils,depth
rd53_251,10,6,1391,744,100,29,ils,depth
rd53_251,10,6,1406,750,115,20,ils,depth
rd53_251,10,6,1452,746,161,22,ils,depth
rd53_251,10,6,1436,749,145,23,ils,depth
rd53_251,10,6,1393,747,102,24,ils,depth
rd53_251,10,6,1430,747,139,25,ils,depth
rd53_251,10,6,1389,750,98,26,ils,depth
rd53_251,10,6,1391,747,100,27,ils,depth
rd53_251,10,6,1404,741,113,28,ils,depth
rd53_251,10,6,1417,747,126,30,ils,depth
sqrt8_260,10,21,3478,1761,469,19,default,depth
sqrt8_260,10,21,3485,1757,476,13,default,depth
sqrt8_260,10,21,3468,1748,459,26,default,depth
sqrt8_260,10,21,3470,1760,461,25,default,depth
sqrt8_260,10,21,3492,1754,483,22,default,depth
sqrt8_260,10,21,3548,1767,539,21,default,depth
sqrt8_260,10,21,3483,1753,474,14,default,depth
sqrt8_260,10,21,3537,1773,528,1,default,depth
sqrt8_260,10,21,3524,1746,515,20,default,depth
sqrt8_260,10,21,3470,1750,461,12,default,depth
sqrt8_260,10,21,3502,1774,493,17,default,depth
sqrt8_260,10,21,3532,1765,523,3,default,depth
sqrt8_260,10,21,3458,1758,449,6,default,depth
sqrt8_260,10,21,3455,1747,446,4,default,depth
sqrt8_260,10,21,3501,1760,492,15,default,depth
sqrt8_260,10,21,3504,1761,495,24,default,depth
sqrt8_260,10,21,3503,1768,494,10,default,depth
sqrt8_260,10,21,3476,1763,467,16,default,depth
sqrt8_260,10,21,3481,1736,472,9,default,depth
sqrt8_260,10,21,3479,1768,470,18,default,depth
sqrt8_260,10,21,3474,1751,465,8,default,depth
sqrt8_260,10,21,3493,1757,484,7,default,depth
sqrt8_260,10,21,3469,1760,460,23,default,depth
sqrt8_260,10,21,3570,1768,561,29,default,depth
sqrt8_260,10,21,3496,1756,487,27,default,depth
sqrt8_260,10,21,3511,1755,502,5,default,depth
sqrt8_260,10,21,3477,1750,468,11,default,depth
sqrt8_260,10,21,3514,1749,505,30,default,depth
sqrt8_260,10,21,3487,1760,478,2,default,depth
sqrt8_260,10,21,3465,1755,456,28,default,depth
sqrt8_260,10,21,3440,1756,431,2,ils,depth
sqrt8_260,10,21,3440,1750,431,4,ils,depth
sqrt8_260,10,21,3485,1762,476,1,ils,depth
sqrt8_260,10,21,3502,1754,493,3,ils,depth
sqrt8_260,10,21,3409,1758,400,5,ils,depth
sqrt8_260,10,21,3353,1734,344,8,ils,depth
sqrt8_260,10,21,3490,1761,481,7,ils,depth
sqrt8_260,10,21,3487,1761,478,9,ils,depth
sqrt8_260,10,21,3407,1751,398,10,ils,depth
sqrt8_260,10,21,3434,1754,425,11,ils,depth
sqrt8_260,10,21,3513,1762,504,15,ils,depth
sqrt8_260,10,21,3467,1757,458,14,ils,depth
sqrt8_260,10,21,3480,1767,471,13,ils,depth
sqrt8_260,10,21,3500,1753,491,22,ils,depth
sqrt8_260,10,21,3404,1748,395,17,ils,depth
sqrt8_260,10,21,3500,1772,491,18,ils,depth
sqrt8_260,10,21,3403,1753,394,21,ils,depth
sqrt8_260,10,21,3341,1734,332,19,ils,depth
sqrt8_260,10,21,3423,1749,414,20,ils,depth
sqrt8_260,10,21,3457,1755,448,24,ils,depth
sqrt8_260,10,21,3392,1747,383,25,ils,depth
sqrt8_260,10,21,3517,1757,508,6,ils,depth
sqrt8_260,10,21,3417,1740,408,30,ils,depth
sqrt8_260,10,21,3425,1739,416,29,ils,depth
sqrt8_260,10,21,3430,1746,421,12,ils,depth
sqrt8_260,10,21,3513,1764,504,16,ils,depth
sqrt8_260,10,21,3390,1754,381,23,ils,depth
sqrt8_260,10,21,3461,1757,452,26,ils,depth
sqrt8_260,10,21,3417,1752,408,27,ils,depth
sqrt8_260,10,21,3511,1763,502,28,ils,depth
misex1_241,10,22,5304,2807,491,15,default,depth
misex1_241,10,22,5258,2805,445,9,default,depth
misex1_241,10,22,5131,2779,318,28,default,depth
misex1_241,10,22,5336,2797,523,2,default,depth
misex1_241,10,22,5198,2775,385,18,default,depth
misex1_241,10,22,5210,2801,397,1,default,depth
misex1_241,10,22,5162,2770,349,10,default,depth
misex1_241,10,22,5156,2768,343,21,default,depth
misex1_241,10,22,5320,2790,507,20,default,depth
misex1_241,10,22,5341,2818,528,16,default,depth
misex1_241,10,22,5187,2757,374,5,default,depth
misex1_241,10,22,5286,2795,473,6,default,depth
misex1_241,10,22,5184,2767,371,7,default,depth
misex1_241,10,22,5221,2758,408,22,default,depth
misex1_241,10,22,5241,2806,428,29,default,depth
misex1_241,10,22,5248,2778,435,4,default,depth
misex1_241,10,22,5171,2782,358,19,default,depth
misex1_241,10,22,5249,2775,436,12,default,depth
misex1_241,10,22,5288,2807,475,8,default,depth
misex1_241,10,22,5219,2772,406,23,default,depth
misex1_241,10,22,5213,2770,400,24,default,depth
misex1_241,10,22,5387,2781,574,3,default,depth
misex1_241,10,22,5379,2813,566,30,default,depth
misex1_241,10,22,5280,2801,467,26,default,depth
misex1_241,10,22,5252,2796,439,11,default,depth
misex1_241,10,22,5235,2793,422,13,default,depth
misex1_241,10,22,5202,2773,389,14,default,depth
misex1_241,10,22,5125,2762,312,17,default,depth
misex1_241,10,22,5173,2784,360,27,default,depth
misex1_241,10,22,5301,2798,488,25,default,depth
misex1_241,10,22,5265,2805,452,2,ils,depth
misex1_241,10,22,5214,2782,401,1,ils,depth
misex1_241,10,22,5206,2774,393,3,ils,depth
misex1_241,10,22,5198,2796,385,4,ils,depth
misex1_241,10,22,5244,2791,431,5,ils,depth
misex1_241,10,22,5230,2782,417,7,ils,depth
misex1_241,10,22,5276,2793,463,6,ils,depth
misex1_241,10,22,5142,2759,329,13,ils,depth
misex1_241,10,22,5248,2790,435,10,ils,depth
misex1_241,10,22,5245,2799,432,16,ils,depth
misex1_241,10,22,5167,2786,354,23,ils,depth
misex1_241,10,22,5147,2764,334,9,ils,depth
misex1_241,10,22,5206,2772,393,11,ils,depth
misex1_241,10,22,5313,2793,500,27,ils,depth
misex1_241,10,22,5254,2786,441,14,ils,depth
misex1_241,10,22,5227,2786,414,30,ils,depth
misex1_241,10,22,5370,2807,557,28,ils,depth
misex1_241,10,22,5242,2774,429,8,ils,depth
misex1_241,10,22,5252,2821,439,15,ils,depth
misex1_241,10,22,5263,2794,450,12,ils,depth
misex1_241,10,22,5237,2810,424,17,ils,depth
misex1_241,10,22,5254,2790,441,18,ils,depth
misex1_241,10,22,5312,2803,499,20,ils,depth
misex1_241,10,22,5276,2795,463,19,ils,depth
misex1_241,10,22,5339,2813,526,21,ils,depth
misex1_241,10,22,5297,2800,484,22,ils,depth
misex1_241,10,22,5295,2808,482,25,ils,depth
misex1_241,10,22,5228,2791,415,29,ils,depth
misex1_241,10,22,5251,2805,438,26,ils,depth
misex1_241,10,22,5284,2804,471,24,ils,depth
cycle10_2_110,10,57,7120,3621,1070,23,default,depth
cycle10_2_110,10,57,7056,3606,1006,12,default,depth
cycle10_2_110,10,57,7012,3597,962,14,default,depth
cycle10_2_110,10,57,7011,3597,961,30,default,depth
cycle10_2_110,10,57,7110,3602,1060,21,default,depth
cycle10_2_110,10,57,7098,3589,1048,10,default,depth
cycle10_2_110,10,57,7147,3634,1097,15,default,depth
cycle10_2_110,10,57,7071,3594,1021,29,default,depth
cycle10_2_110,10,57,7046,3632,996,20,default,depth
cycle10_2_110,10,57,7057,3610,1007,18,default,depth
cycle10_2_110,10,57,7077,3606,1027,19,default,depth
cycle10_2_110,10,57,7054,3604,1004,4,default,depth
cycle10_2_110,10,57,7011,3588,961,6,default,depth
cycle10_2_110,10,57,7062,3602,1012,8,default,depth
cycle10_2_110,10,57,7004,3603,954,25,default,depth
cycle10_2_110,10,57,7061,3596,1011,9,default,depth
cycle10_2_110,10,57,7088,3607,1038,2,default,depth
cycle10_2_110,10,57,7003,3607,953,1,default,depth
cycle10_2_110,10,57,7133,3603,1083,28,default,depth
cycle10_2_110,10,57,6957,3577,907,11,default,depth
cycle10_2_110,10,57,6930,3578,880,7,default,depth
cycle10_2_110,10,57,7235,3639,1185,13,default,depth
cycle10_2_110,10,57,7097,3612,1047,16,default,depth
cycle10_2_110,10,57,6903,3584,853,3,default,depth
cycle10_2_110,10,57,7102,3614,1052,5,default,depth
cycle10_2_110,10,57,7023,3602,973,17,default,depth
cycle10_2_110,10,57,7067,3612,1017,22,default,depth
cycle10_2_110,10,57,7065,3610,1015,26,default,depth
cycle10_2_110,10,57,7128,3626,1078,27,default,depth
cycle10_2_110,10,57,7038,3586,988,24,default,depth
cycle10_2_110,10,57,7191,3589,1141,1,ils,depth
cycle10_2_110,10,57,7031,3583,981,3,ils,depth
cycle10_2_110,10,57,7115,3612,1065,2,ils,depth
cycle10_2_110,10,57,6944,3581,894,4,ils,depth
cycle10_2_110,10,57,6890,3585,840,7,ils,depth
cycle10_2_110,10,57,7098,3608,1048,8,ils,depth
cycle10_2_110,10,57,7003,3580,953,9,ils,depth
cycle10_2_110,10,57,6995,3604,945,13,ils,depth
cycle10_2_110,10,57,6814,3573,764,14,ils,depth
cycle10_2_110,10,57,6925,3584,875,15,ils,depth
cycle10_2_110,10,57,7010,3587,960,11,ils,depth
cycle10_2_110,10,57,7018,3606,968,21,ils,depth
cycle10_2_110,10,57,6912,3582,862,5,ils,depth
cycle10_2_110,10,57,6954,3576,904,6,ils,depth
cycle10_2_110,10,57,6941,3610,891,26,ils,depth
cycle10_2_110,10,57,7007,3585,957,29,ils,depth
cycle10_2_110,10,57,7042,3572,992,10,ils,depth
cycle10_2_110,10,57,7025,3603,975,12,ils,depth
cycle10_2_110,10,57,6997,3610,947,17,ils,depth
cycle10_2_110,10,57,6970,3594,920,16,ils,depth
cycle10_2_110,10,57,6980,3575,930,18,ils,depth
cycle10_2_110,10,57,7102,3587,1052,22,ils,depth
cycle10_2_110,10,57,6993,3578,943,19,ils,depth
cycle10_2_110,10,57,7044,3607,994,20,ils,depth
cycle10_2_110,10,57,7045,3606,995,23,ils,depth
cycle10_2_110,10,57,7006,3584,956,24,ils,depth
cycle10_2_110,10,57,7007,3587,957,25,ils,depth
cycle10_2_110,10,57,6991,3592,941,30,ils,depth
cycle10_2_110,10,57,7013,3577,963,28,ils,depth
cycle10_2_110,10,57,7060,3578,1010,27,ils,depth
square_root_7,10,52,8589,4031,959,5,default,depth
square_root_7,10,52,8531,4045,901,15,default,depth
square_root_7,10,52,8572,4065,942,22,default,depth
square_root_7,10,52,8655,4053,1025,24,default,depth
square_root_7,10,52,8457,4000,827,12,default,depth
square_root_7,10,52,8679,4057,1049,4,default,depth
square_root_7,10,52,8563,4045,933,3,default,depth
square_root_7,10,52,8531,4009,901,11,default,depth
square_root_7,10,52,8535,4034,905,10,default,depth
square_root_7,10,52,8532,4046,902,13,default,depth
square_root_7,10,52,8583,4052,953,2,default,depth
square_root_7,10,52,8554,4034,924,8,default,depth
square_root_7,10,52,8558,4047,928,27,default,depth
square_root_7,10,52,8601,4077,971,16,default,depth
square_root_7,10,52,8628,4066,998,9,default,depth
square_root_7,10,52,8624,4084,994,6,default,depth
square_root_7,10,52,8555,4015,925,29,default,depth
square_root_7,10,52,8547,4026,917,17,default,depth
square_root_7,10,52,8503,3999,873,19,default,depth
square_root_7,10,52,8589,4072,959,18,default,depth
square_root_7,10,52,8609,4050,979,1,default,depth
square_root_7,10,52,8606,4069,976,20,default,depth
square_root_7,10,52,8552,4034,922,14,default,depth
square_root_7,10,52,8574,4060,944,21,default,depth
square_root_7,10,52,8615,4038,985,7,default,depth
square_root_7,10,52,8494,4032,864,30,default,depth
square_root_7,10,52,8530,4023,900,25,default,depth
square_root_7,10,52,8665,4081,1035,23,default,depth
square_root_7,10,52,8574,4039,944,28,default,depth
square_root_7,10,52,8599,4031,969,26,default,depth
square_root_7,10,52,8533,4039,903,4,ils,depth
square_root_7,10,52,8563,4026,933,5,ils,depth
square_root_7,10,52,8470,4028,840,7,ils,depth
square_root_7,10,52,8521,4060,891,10,ils,depth
square_root_7,10,52,8548,4041,918,8,ils,depth
square_root_7,10,52,8570,4045,940,13,ils,depth
square_root_7,10,52,8581,4033,951,14,ils,depth
square_root_7,10,52,8652,4060,1022,16,ils,depth
square_root_7,10,52,8650,4084,1020,18,ils,depth
square_root_7,10,52,8573,4036,943,21,ils,depth
square_root_7,10,52,8539,4041,909,22,ils,depth
square_root_7,10,52,8607,4042,977,23,ils,depth
square_root_7,10,52,8599,4040,969,20,ils,depth
square_root_7,10,52,8599,4065,969,19,ils,depth
square_root_7,10,52,8524,4055,894,29,ils,depth
square_root_7,10,52,8590,4070,960,1,ils,depth
square_root_7,10,52,8525,4043,895,25,ils,depth
square_root_7,10,52,8540,4044,910,27,ils,depth
square_root_7,10,52,8493,4026,863,6,ils,depth
square_root_7,10,52,8565,4069,935,9,ils,depth
square_root_7,10,52,8599,4087,969,3,ils,depth
square_root_7,10,52,8537,4032,907,28,ils,depth
square_root_7,10,52,8532,4074,902,11,ils,depth
square_root_7,10,52,8475,4024,845,12,ils,depth
square_root_7,10,52,8556,4052,926,15,ils,depth
square_root_7,10,52,8600,4046,970,17,ils,depth
square_root_7,10,52,8556,4055,926,2,ils,depth
square_root_7,10,52,8708,4042,1078,24,ils,depth
square_root_7,10,52,8514,4033,884,30,ils,depth
square_root_7,10,52,8611,4062,981,26,ils,depth
sqn_258,10,85,11752,5786,1529,20,default,depth
sqn_258,10,85,11838,5832,1615,11,default,depth
sqn_258,10,85,11741,5805,1518,28,default,depth
sqn_258,10,85,11831,5837,1608,29,default,depth
sqn_258,10,85,11678,5786,1455,18,default,depth
sqn_258,10,85,11698,5830,1475,13,default,depth
sqn_258,10,85,11793,5820,1570,7,default,depth
sqn_258,10,85,11862,5816,1639,2,default,depth
sqn_258,10,85,11758,5818,1535,9,default,depth
sqn_258,10,85,11644,5839,1421,30,default,depth
sqn_258,10,85,11822,5833,1599,16,default,depth
sqn_258,10,85,11772,5841,1549,19,default,depth
sqn_258,10,85,11754,5799,1531,17,default,depth
sqn_258,10,85,11744,5840,1521,24,default,depth
sqn_258,10,85,11665,5801,1442,1,default,depth
sqn_258,10,85,11691,5790,1468,14,default,depth
sqn_258,10,85,11769,5813,1546,12,default,depth
sqn_258,10,85,11737,5806,1514,4,default,depth
sqn_258,10,85,11810,5850,1587,22,default,depth
sqn_258,10,85,11560,5806,1337,8,default,depth
sqn_258,10,85,11853,5787,1630,3,default,depth
sqn_258,10,85,11819,5811,1596,5,default,depth
sqn_258,10,85,11719,5767,1496,23,default,depth
sqn_258,10,85,11696,5817,1473,6,default,depth
sqn_258,10,85,11595,5813,1372,25,default,depth
sqn_258,10,85,11694,5828,1471,26,default,depth
sqn_258,10,85,11771,5810,1548,15,default,depth
sqn_258,10,85,11793,5795,1570,27,default,depth
sqn_258,10,85,11859,5812,1636,10,default,depth
sqn_258,10,85,11836,5817,1613,21,default,depth
sqn_258,10,85,11509,5771,1286,3,ils,depth
sqn_258,10,85,11695,5805,1472,2,ils,depth
sqn_258,10,85,11625,5782,1402,12,ils,depth
sqn_258,10,85,11803,5832,1580,1,ils,depth
sqn_258,10,85,11746,5809,1523,9,ils,depth
sqn_258,10,85,11467,5787,1244,13,ils,depth
sqn_258,10,85,11737,5777,1514,6,ils,depth
sqn_258,10,85,11637,5802,1414,11,ils,depth
sqn_258,10,85,11592,5784,1369,15,ils,depth
sqn_258,10,85,11753,5793,1530,24,ils,depth
sqn_258,10,85,11470,5794,1247,22,ils,depth
sqn_258,10,85,11735,5820,1512,5,ils,depth
sqn_258,10,85,11923,5865,1700,20,ils,depth
sqn_258,10,85,11553,5786,1330,25,ils,depth
sqn_258,10,85,11750,5783,1527,21,ils,depth
sqn_258,10,85,11590,5753,1367,4,ils,depth
sqn_258,10,85,11684,5813,1461,29,ils,depth
sqn_258,10,85,11578,5801,1355,7,ils,depth
sqn_258,10,85,11834,5788,1611,23,ils,depth
sqn_258,10,85,11719,5829,1496,8,ils,depth
sqn_258,10,85,11751,5781,1528,10,ils,depth
sqn_258,10,85,11655,5764,1432,28,ils,depth
sqn_258,10,85,11688,5791,1465,30,ils,depth
sqn_258,10,85,11554,5766,1331,14,ils,depth
sqn_258,10,85,11608,5786,1385,27,ils,depth
sqn_258,10,85,11517,5765,1294,16,ils,depth
sqn_258,10,85,11848,5807,1625,17,ils,depth
sqn_258,10,85,11691,5790,1468,19,ils,depth
sqn_258,10,85,11644,5779,1421,18,ils,depth
sqn_258,10,85,11485,5721,1262,26,ils,depth
root_255,10,110,20167,9594,3008,12,default,depth
root_255,10,110,19991,9544,2832,24,default,depth
root_255,10,110,19847,9576,2688,26,default,depth
root_255,10,110,19861,9525,2702,23,default,depth
root_255,10,110,19894,9557,2735,27,default,depth
root_255,10,110,19842,9569,2683,22,default,depth
root_255,10,110,19767,9536,2608,11,default,depth
root_255,10,110,20050,9602,2891,6,default,depth
root_255,10,110,19986,9508,2827,3,default,depth
root_255,10,110,19737,9532,2578,13,default,depth
root_255,10,110,20067,9551,2908,18,default,depth
root_255,10,110,19921,9546,2762,29,default,depth
root_255,10,110,19778,9544,2619,7,default,depth
root_255,10,110,19904,9540,2745,2,default,depth
root_255,10,110,20049,9614,2890,10,default,depth
root_255,10,110,19966,9534,2807,16,default,depth
root_255,10,110,19948,9552,2789,25,default,depth
root_255,10,110,20031,9572,2872,15,default,depth
root_255,10,110,20003,9549,2844,21,default,depth
root_255,10,110,19864,9519,2705,14,default,depth
root_255,10,110,20192,9600,3033,5,default,depth
root_255,10,110,20030,9602,2871,20,default,depth
root_255,10,110,19932,9555,2773,4,default,depth
root_255,10,110,20033,9550,2874,19,default,depth
root_255,10,110,20194,9559,3035,1,default,depth
root_255,10,110,19950,9538,2791,28,default,depth
root_255,10,110,19915,9520,2756,9,default,depth
root_255,10,110,20025,9549,2866,8,default,depth
root_255,10,110,19945,9500,2786,17,default,depth
root_255,10,110,19997,9507,2838,30,default,depth
root_255,10,110,19859,9500,2700,8,ils,depth
root_255,10,110,19767,9505,2608,5,ils,depth
root_255,10,110,19630,9447,2471,2,ils,depth
root_255,10,110,19962,9533,2803,3,ils,depth
root_255,10,110,20115,9521,2956,4,ils,depth
root_255,10,110,19289,9412,2130,6,ils,depth
root_255,10,110,19867,9468,2708,13,ils,depth
root_255,10,110,19523,9390,2364,16,ils,depth
root_255,10,110,20059,9527,2900,17,ils,depth
root_255,10,110,19604,9417,2445,12,ils,depth
root_255,10,110,19983,9466,2824,11,ils,depth
root_255,10,110,20157,9512,2998,22,ils,depth
root_255,10,110,19840,9452,2681,23,ils,depth
root_255,10,110,19701,9485,2542,20,ils,depth
root_255,10,110,19427,9419,2268,24,ils,depth
root_255,10,110,20048,9513,2889,21,ils,depth
root_255,10,110,19650,9451,2491,15,ils,depth
root_255,10,110,19956,9483,2797,28,ils,depth
root_255,10,110,19617,9448,2458,29,ils,depth
root_255,10,110,19871,9445,2712,30,ils,depth
root_255,10,110,19624,9423,2465,27,ils,depth
root_255,10,110,19920,9482,2761,1,ils,depth
root_255,10,110,19860,9523,2701,10,ils,depth
root_255,10,110,19935,9527,2776,9,ils,depth
root_255,10,110,19871,9484,2712,7,ils,depth
root_255,10,110,19935,9492,2776,18,ils,depth
root_255,10,110,19399,9382,2240,19,ils,depth
root_255,10,110,19972,9468,2813,14,ils,depth
root_255,10,110,19679,9436,2520,25,ils,depth
root_255,10,110,19970,9523,2811,26,ils,depth
urf2_277,10,114,24264,12439,4152,26,default,depth
urf2_277,10,114,24254,12426,4142,27,default,depth
urf2_277,10,114,24767,12636,4655,13,default,depth
urf2_277,10,114,24139,12449,4027,21,default,depth
urf2_277,10,114,24257,12432,4145,6,default,depth
urf2_277,10,114,24335,12508,4223,19,default,depth
urf2_277,10,114,24197,12509,4085,3,default,depth
urf2_277,10,114,24313,12477,4201,15,default,depth
urf2_277,10,114,24234,12454,4122,10,default,depth
urf2_277,10,114,24258,12446,4146,9,default,depth
urf2_277,10,114,24259,12467,4147,23,default,depth
urf2_277,10,114,24226,12479,4114,22,default,depth
urf2_277,10,114,24329,12476,4217,1,default,depth
urf2_277,10,114,24163,12460,4051,14,default,depth
urf2_277,10,114,24339,12492,4227,12,default,depth
urf2_277,10,114,24157,12466,4045,18,default,depth
urf2_277,10,114,24459,12473,4347,16,default,depth
urf2_277,10,114,24280,12472,4168,5,default,depth
urf2_277,10,114,24248,12476,4136,7,default,depth
urf2_277,10,114,24241,12450,4129,4,default,depth
urf2_277,10,114,24105,12444,3993,17,default,depth
urf2_277,10,114,24363,12474,4251,8,default,depth
urf2_277,10,114,24120,12430,4008,29,default,depth
urf2_277,10,114,24876,12659,4764,2,default,depth
urf2_277,10,114,24172,12454,4060,30,default,depth
urf2_277,10,114,24184,12424,4072,11,default,depth
urf2_277,10,114,24081,12450,3969,24,default,depth
urf2_277,10,114,24108,12436,3996,28,default,depth
urf2_277,10,114,24199,12460,4087,20,default,depth
urf2_277,10,114,24252,12428,4140,25,default,depth
urf2_277,10,114,24078,12448,3966,18,ils,depth
urf2_277,10,114,24213,12478,4101,15,ils,depth
urf2_277,10,114,24059,12419,3947,19,ils,depth
urf2_277,10,114,24101,12455,3989,17,ils,depth
urf2_277,10,114,24278,12474,4166,4,ils,depth
urf2_277,10,114,24250,12476,4138,1,ils,depth
urf2_277,10,114,24153,12473,4041,3,ils,depth
urf2_277,10,114,24156,12459,4044,2,ils,depth
urf2_277,10,114,24264,12458,4152,8,ils,depth
urf2_277,10,114,24274,12493,4162,7,ils,depth
urf2_277,10,114,24266,12453,4154,11,ils,depth
urf2_277,10,114,24148,12461,4036,10,ils,depth
urf2_277,10,114,24166,12455,4054,24,ils,depth
urf2_277,10,114,24251,12448,4139,25,ils,depth
urf2_277,10,114,24140,12453,4028,21,ils,depth
urf2_277,10,114,24034,12408,3922,26,ils,depth
urf2_277,10,114,24032,12407,3920,22,ils,depth
urf2_277,10,114,24097,12485,3985,27,ils,depth
urf2_277,10,114,24190,12453,4078,14,ils,depth
urf2_277,10,114,24159,12469,4047,28,ils,depth
urf2_277,10,114,24067,12456,3955,13,ils,depth
urf2_277,10,114,24053,12451,3941,6,ils,depth
urf2_277,10,114,24286,12468,4174,16,ils,depth
urf2_277,10,114,24138,12456,4026,9,ils,depth
urf2_277,10,114,24163,12458,4051,12,ils,depth
urf2_277,10,114,24211,12437,4099,20,ils,depth
urf2_277,10,114,24232,12436,4120,5,ils,depth
urf2_277,10,114,24066,12398,3954,29,ils,depth
urf2_277,10,114,24156,12490,4044,23,ils,depth
urf2_277,10,114,24237,12469,4125,30,ils,depth
clip_206,10,400,39700,19245,5873,24,default,depth
clip_206,10,400,39834,19309,6007,3,default,depth
clip_206,10,400,39575,19264,5748,9,default,depth
clip_206,10,400,39868,19309,6041,15,default,depth
clip_206,10,400,39548,19254,5721,29,default,depth
clip_206,10,400,39686,19387,5859,6,default,depth
clip_206,10,400,39559,19246,5732,27,default,depth
clip_206,10,400,39613,19290,5786,30,default,depth
clip_206,10,400,39496,19263,5669,7,default,depth
clip_206,10,400,39902,19350,6075,19,default,depth
clip_206,10,400,39906,19349,6079,14,default,depth
clip_206,10,400,39280,19294,5453,10,default,depth
clip_206,10,400,39775,19311,5948,11,default,depth
clip_206,10,400,39552,19423,5725,4,default,depth
clip_206,10,400,39716,19304,5889,12,default,depth
clip_206,10,400,39634,19387,5807,22,default,depth
clip_206,10,400,39563,19422,5736,25,default,depth
clip_206,10,400,39731,19392,5904,21,default,depth
clip_206,10,400,39641,19368,5814,13,default,depth
clip_206,10,400,39696,19360,5869,18,default,depth
clip_206,10,400,39634,19301,5807,16,default,depth
clip_206,10,400,39768,19334,5941,8,default,depth
clip_206,10,400,39403,19297,5576,28,default,depth
clip_206,10,400,39992,19453,6165,2,default,depth
clip_206,10,400,39437,19261,5610,23,default,depth
clip_206,10,400,40132,19349,6305,20,default,depth
clip_206,10,400,39703,19402,5876,5,default,depth
clip_206,10,400,39666,19351,5839,17,default,depth
clip_206,10,400,39426,19305,5599,26,default,depth
clip_206,10,400,39637,19341,5810,1,default,depth
clip_206,10,400,39418,19235,5591,4,ils,depth
clip_206,10,400,39787,19336,5960,7,ils,depth
clip_206,10,400,39348,19327,5521,1,ils,depth
clip_206,10,400,39526,19239,5699,2,ils,depth
clip_206,10,400,39209,19374,5382,5,ils,depth
clip_206,10,400,39480,19241,5653,9,ils,depth
clip_206,10,400,39385,19258,5558,10,ils,depth
clip_206,10,400,39414,19274,5587,3,ils,depth
clip_206,10,400,38968,19265,5141,8,ils,depth
clip_206,10,400,39251,19261,5424,6,ils,depth
clip_206,10,400,39683,19325,5856,18,ils,depth
clip_206,10,400,39522,19272,5695,20,ils,depth
clip_206,10,400,39745,19370,5918,25,ils,depth
clip_206,10,400,39904,19413,6077,13,ils,depth
clip_206,10,400,39384,19294,5557,19,ils,depth
clip_206,10,400,39692,19287,5865,14,ils,depth
clip_206,10,400,39737,19358,5910,30,ils,depth
clip_206,10,400,39721,19400,5894,11,ils,depth
clip_206,10,400,39814,19392,5987,12,ils,depth
clip_206,10,400,39844,19407,6017,27,ils,depth
clip_206,10,400,39362,19286,5535,22,ils,depth
clip_206,10,400,39700,19401,5873,23,ils,depth
clip_206,10,400,39428,19269,5601,15,ils,depth
clip_206,10,400,39817,19318,5990,16,ils,depth
clip_206,10,400,39586,19333,5759,28,ils,depth
clip_206,10,400,39523,19268,5696,17,ils,depth
clip_206,10,400,39794,19421,5967,26,ils,depth
clip_206,10,400,39857,19437,6030,24,ils,depth
clip_206,10,400,39563,19308,5736,29,ils,depth
clip_206,10,400,39784,19317,5957,21,ils,depth
miller_11,10,1,59,39,9,2,default,swaps
miller_11,10,1,59,39,9,1,default,swaps
miller_11,10,1,59,37,9,3,default,swaps
miller_11,10,1,59,38,9,4,default,swaps
miller_11,10,1,59,38,9,5,default,swaps
miller_11,10,1,59,37,9,6,default,swaps
miller_11,10,1,59,38,9,8,default,swaps
miller_11,10,1,59,38,9,9,default,swaps
miller_11,10,1,59,38,9,7,default,swaps
miller_11,10,1,59,40,9,13,default,swaps
miller_11,10,1,59,39,9,15,default,swaps
miller_11,10,1,59,38,9,10,default,swaps
miller_11,10,1,59,40,9,11,default,swaps
miller_11,10,1,59,40,9,12,default,swaps
miller_11,10,1,59,37,9,21,default,swaps
miller_11,10,1,59,39,9,14,default,swaps
miller_11,10,1,59,38,9,16,default,swaps
miller_11,10,1,59,38,9,17,default,swaps
miller_11,10,1,59,37,9,23,default,swaps
miller_11,10,1,59,38,9,18,default,swaps
miller_11,10,1,59,39,9,19,default,swaps
miller_11,10,1,59,39,9,22,default,swaps
miller_11,10,1,59,39,9,20,default,swaps
miller_11,10,1,59,38,9,25,default,swaps
miller_11,10,1,59,38,9,24,default,swaps
miller_11,10,1,59,39,9,29,default,swaps
miller_11,10,1,59,40,9,27,default,swaps
miller_11,10,1,59,38,9,28,default,swaps
miller_11,10,1,59,40,9,26,default,swaps
miller_11,10,1,59,40,9,30,default,swaps
miller_11,10,1,50,29,0,2,ils,swaps
miller_11,10,1,50,29,0,3,ils,swaps
miller_11,10,1,50,29,0,5,ils,swaps
miller_11,10,1,50,29,0,7,ils,swaps
miller_11,10,1,50,29,0,8,ils,swaps
miller_11,10,1,50,29,0,1,ils,swaps
miller_11,10,1,50,29,0,9,ils,swaps
miller_11,10,1,50,29,0,10,ils,swaps
miller_11,10,1,50,29,0,4,ils,swaps
miller_11,10,1,50,29,0,11,ils,swaps
miller_11,10,1,50,29,0,6,ils,swaps
miller_11,10,1,50,29,0,16,ils,swaps
miller_11,10,1,50,29,0,17,ils,swaps
miller_11,10,1,50,29,0,14,ils,swaps
miller_11,10,1,50,29,0,12,ils,swaps
miller_11,10,1,50,29,0,20,ils,swaps
miller_11,10,1,50,29,0,13,ils,swaps
miller_11,10,1,50,29,0,15,ils,swaps
miller_11,10,1,50,29,0,22,ils,swaps
miller_11,10,1,50,29,0,23,ils,swaps
miller_11,10,1,50,29,0,18,ils,swaps
miller_11,10,1,50,29,0,19,ils,swaps
miller_11,10,1,50,29,0,27,ils,swaps
miller_11,10,1,50,29,0,21,ils,swaps
miller_11,10,1,50,29,0,29,ils,swaps
miller_11,10,1,50,29,0,24,ils,swaps
miller_11,10,1,50,29,0,30,ils,swaps
miller_11,10,1,50,29,0,25,ils,swaps
miller_11,10,1,50,29,0,26,ils,swaps
miller_11,10,1,50,29,0,28,ils,swaps
4gt13_91,10,1,116,71,13,1,default,swaps
4gt13_91,10,1,116,72,13,2,default,swaps
4gt13_91,10,1,116,71,13,3,default,swaps
4gt13_91,10,1,116,72,13,4,default,swaps
4gt13_91,10,1,116,71,13,5,default,swaps
4gt13_91,10,1,116,70,13,7,default,swaps
4gt13_91,10,1,116,72,13,8,default,swaps
4gt13_91,10,1,116,71,13,9,default,swaps
4gt13_91,10,1,116,71,13,10,default,swaps
4gt13_91,10,1,116,71,13,12,default,swaps
4gt13_91,10,1,116,71,13,6,default,swaps
4gt13_91,10,1,116,71,13,15,default,swaps
4gt13_91,10,1,116,72,13,16,default,swaps
4gt13_91,10,1,116,71,13,17,default,swaps
4gt13_91,10,1,116,71,13,18,default,swaps
4gt13_91,10,1,116,72,13,19,default,swaps
4gt13_91,10,1,116,71,13,11,default,swaps
4gt13_91,10,1,116,72,13,21,default,swaps
4gt13_91,10,1,116,71,13,22,default,swaps
4gt13_91,10,1,116,71,13,13,default,swaps
4gt13_91,10,1,116,71,13,14,default,swaps
4gt13_91,10,1,116,70,13,25,default,swaps
4gt13_91,10,1,116,72,13,24,default,swaps
4gt13_91,10,1,116,72,13,20,default,swaps
4gt13_91,10,1,116,71,13,27,default,swaps
4gt13_91,10,1,116,71,13,28,default,swaps
4gt13_91,10,1,116,71,13,23,default,swaps
4gt13_91,10,1,116,71,13,26,default,swaps
4gt13_91,10,1,116,71,13,29,default,swaps
4gt13_91,10,1,116,71,13,30,default,swaps
4gt13_91,10,1,111,67,8,1,ils,swaps
4gt13_91,10,1,111,66,8,2,ils,swaps
4gt13_91,10,1,111,68,8,5,ils,swaps
4gt13_91,10,1,111,67,8,4,ils,swaps
4gt13_91,10,1,111,68,8,8,ils,swaps
4gt13_91,10,1,111,67,8,3,ils,swaps
4gt13_91,10,1,111,67,8,6,ils,swaps
4gt13_91,10,1,111,68,8,7,ils,swaps
4gt13_91,10,1,111,67,8,12,ils,swaps
4gt13_91,10,1,111,68,8,14,ils,swaps
4gt13_91,10,1,111,68,8,13,ils,swaps
4gt13_91,10,1,111,69,8,9,ils,swaps
4gt13_91,10,1,111,67,8,10,ils,swaps
4gt13_91,10,1,111,68,8,11,ils,swaps
4gt13_91,10,1,111,67,8,19,ils,swaps
4gt13_91,10,1,111,66,8,20,ils,swaps
4gt13_91,10,1,111,68,8,21,ils,swaps
4gt13_91,10,1,111,68,8,15,ils,swaps
4gt13_91,10,1,111,67,8,16,ils,swaps
4gt13_91,10,1,111,68,8,17,ils,swaps
4gt13_91,10,1,111,68,8,18,ils,swaps
4gt13_91,10,1,111,68,8,25,ils,swaps
4gt13_91,10,1,111,68,8,26,ils,swaps
4gt13_91,10,1,111,68,8,28,ils,swaps
4gt13_91,10,1,111,67,8,22,ils,swaps
4gt13_91,10,1,111,67,8,29,ils,swaps
4gt13_91,10,1,111,69,8,23,ils,swaps
4gt13_91,10,1,111,68,8,30,ils,swaps
4gt13_91,10,1,111,68,8,24,ils,swaps
4gt13_91,10,1,111,66,8,27,ils,swaps
0410184_169,10,2,242,132,31,2,default,swaps
0410184_169,10,2,244,133,33,1,default,swaps
0410184_169,10,2,243,133,32,3,default,swaps
0410184_169,10,2,241,136,30,5,default,swaps
0410184_169,10,2,242,132,31,7,default,swaps
0410184_169,10,2,244,134,33,10,default,swaps
0410184_169,10,2,244,132,33,12,default,swaps
0410184_169,10,2,242,129,31,11,default,swaps
0410184_169,10,2,241,126,30,15,default,swaps
0410184_169,10,2,237,121,26,4,default,swaps
0410184_169,10,2,247,134,36,6,default,swaps
0410184_169,10,2,238,131,27,17,default,swaps
0410184_169,10,2,241,136,30,13,default,swaps
0410184_169,10,2,240,123,29,8,default,swaps
0410184_169,10,2,241,133,30,18,default,swaps
0410184_169,10,2,243,133,32,19,default,swaps
0410184_169,10,2,242,125,31,20,default,swaps
0410184_169,10,2,243,132,32,9,default,swaps
0410184_169,10,2,244,134,33,21,default,swaps
0410184_169,10,2,247,136,36,14,default,swaps
0410184_169,10,2,242,130,31,22,default,swaps
0410184_169,10,2,243,132,32,24,default,swaps
0410184_169,10,2,242,130,31,16,default,swaps
0410184_169,10,2,241,134,30,25,default,swaps
0410184_169,10,2,238,130,27,27,default,swaps
0410184_169,10,2,241,136,30,26,default,swaps
0410184_169,10,2,242,132,31,28,default,swaps
0410184_169,10,2,238,125,27,29,default,swaps
0410184_169,10,2,242,131,31,30,default,swaps
0410184_169,10,2,240,121,29,23,default,swaps
0410184_169,10,2,218,112,7,2,ils,swaps
0410184_169,10,2,214,106,3,4,ils,swaps
0410184_169,10,2,214,106,3,1,ils,swaps
0410184_169,10,2,220,112,9,3,ils,swaps
0410184_169,10,2,218,113,7,5,ils,swaps
0410184_169,10,2,219,111,8,6,ils,swaps
0410184_169,10,2,214,106,3,7,ils,swaps
0410184_169,10,2,220,111,9,8,ils,swaps
0410184_169,10,2,214,106,3,9,ils,swaps
0410184_169,10,2,222,112,11,10,ils,swaps
0410184_169,10,2,218,112,7,11,ils,swaps
0410184_169,10,2,219,110,8,13,ils,swaps
0410184_169,10,2,214,106,3,14,ils,swaps
0410184_169,10,2,220,112,9,16,ils,swaps
0410184_169,10,2,218,110,7,18,ils,swaps
0410184_169,10,2,220,112,9,17,ils,swaps
0410184_169,10,2,219,111,8,12,ils,swaps
0410184_169,10,2,219,109,8,15,ils,swaps
0410184_169,10,2,214,106,3,24,ils,swaps
0410184_169,10,2,214,106,3,23,ils,swaps
0410184_169,10,2,222,112,11,25,ils,swaps
0410184_169,10,2,218,110,7,28,ils,swaps
0410184_169,10,2,218,111,7,27,ils,swaps
0410184_169,10,2,216,107,5,26,ils,swaps
0410184_169,10,2,219,112,8,19,ils,swaps
0410184_169,10,2,214,106,3,20,ils,swaps
0410184_169,10,2,222,113,11,22,ils,swaps
0410184_169,10,2,219,110,8,21,ils,swaps
0410184_169,10,2,219,112,8,29,ils,swaps
0410184_169,10,2,214,106,3,30,ils,swaps
ex3_229,10,2,427,243,24,1,default,swaps
ex3_229,10,2,437,242,34,3,default,swaps
ex3_229,10,2,427,245,24,4,default,swaps
ex3_229,10,2,429,244,26,5,default,swaps
ex3_229,10,2,428,247,25,6,default,swaps
ex3_229,10,2,432,245,29,8,default,swaps
ex3_229,10,2,439,249,36,9,default,swaps
ex3_229,10,2,440,256,37,7,default,swaps
ex3_229,10,2,429,248,26,10,default,swaps
ex3_229,10,2,430,249,27,15,default,swaps
ex3_229,10,2,428,244,25,14,default,swaps
ex3_229,10,2,437,250,34,2,default,swaps
ex3_229,10,2,428,245,25,16,default,swaps
ex3_229,10,2,430,245,27,17,default,swaps
ex3_229,10,2,434,247,31,18,default,swaps
ex3_229,10,2,427,244,24,19,default,swaps
ex3_229,10,2,428,247,25,20,default,swaps
ex3_229,10,2,441,249,38,23,default,swaps
ex3_229,10,2,435,249,32,11,default,swaps
ex3_229,10,2,434,246,31,12,default,swaps
ex3_229,10,2,433,247,30,26,default,swaps
ex3_229,10,2,431,248,28,13,default,swaps
ex3_229,10,2,427,244,24,28,default,swaps
ex3_229,10,2,429,248,26,27,default,swaps
ex3_229,10,2,439,252,36,30,default,swaps
ex3_229,10,2,431,249,28,21,default,swaps
ex3_229,10,2,431,248,28,22,default,swaps
ex3_229,10,2,427,244,24,24,default,swaps
ex3_229,10,2,431,249,28,25,default,swaps
ex3_229,10,2,429,249,26,29,default,swaps
ex3_229,10,2,410,233,7,1,ils,swaps
ex3_229,10,2,410,232,7,2,ils,swaps
ex3_229,10,2,410,231,7,3,ils,swaps
ex3_229,10,2,410,232,7,4,ils,swaps
ex3_229,10,2,410,232,7,6,ils,swaps
ex3_229,10,2,410,230,7,5,ils,swaps
ex3_229,10,2,410,233,7,7,ils,swaps
ex3_229,10,2,410,232,7,9,ils,swaps
ex3_229,10,2,410,233,7,8,ils,swaps
ex3_229,10,2,410,232,7,10,ils,swaps
ex3_229,10,2,410,232,7,13,ils,swaps
ex3_229,10,2,410,232,7,12,ils,swaps
ex3_229,10,2,410,232,7,15,ils,swaps
ex3_229,10,2,410,232,7,14,ils,swaps
ex3_229,10,2,410,232,7,11,ils,swaps
ex3_229,10,2,410,232,7,21,ils,swaps
ex3_229,10,2,410,233,7,24,ils,swaps
ex3_229,10,2,410,233,7,25,ils,swaps
ex3_229,10,2,410,232,7,17,ils,swaps
ex3_229,10,2,410,233,7,16,ils,swaps
ex3_229,10,2,410,232,7,26,ils,swaps
ex3_229,10,2,410,232,7,18,ils,swaps
ex3_229,10,2,410,232,7,27,ils,swaps
ex3_229,10,2,410,232,7,19,ils,swaps
ex3_229,10,2,410,233,7,20,ils,swaps
ex3_229,10,2,410,230,7,22,ils,swaps
ex3_229,10,2,410,232,7,23,ils,swaps
ex3_229,10,2,410,232,7,28,ils,swaps
ex3_229,10,2,410,232,7,30,ils,swaps
ex3_229,10,2,410,231,7,29,ils,swaps
rd53_131,10,3,523,307,54,1,default,swaps
rd53_131,10,3,514,300,45,2,default,swaps
rd53_131,10,3,498,278,29,3,default,swaps
rd53_131,10,3,523,301,54,4,default,swaps
rd53_131,10,3,507,286,38,5,default,swaps
rd53_131,10,3,514,298,45,6,default,swaps
rd53_131,10,3,506,290,37,8,default,swaps
rd53_131,10,3,514,298,45,7,default,swaps
rd53_131,10,3,506,291,37,10,default,swaps
rd53_131,10,3,512,297,43,9,default,swaps
rd53_131,10,3,531,317,62,12,default,swaps
rd53_131,10,3,515,294,46,11,default,swaps
rd53_131,10,3,513,293,44,13,default,swaps
rd53_131,10,3,524,306,55,14,default,swaps
rd53_131,10,3,522,302,53,16,default,swaps
rd53_131,10,3,515,298,46,19,default,swaps
rd53_131,10,3,516,298,47,20,default,swaps
rd53_131,10,3,500,279,31,21,default,swaps
rd53_131,10,3,510,295,41,23,default,swaps
rd53_131,10,3,513,293,44,15,default,swaps
rd53_131,10,3,519,298,50,26,default,swaps
rd53_131,10,3,516,295,47,18,default,swaps
rd53_131,10,3,512,294,43,17,default,swaps
rd53_131,10,3,513,298,44,28,default,swaps
rd53_131,10,3,514,291,45,30,default,swaps
rd53_131,10,3,504,285,35,22,default,swaps
rd53_131,10,3,515,295,46,24,default,swaps
rd53_131,10,3,516,302,47,25,default,swaps
rd53_131,10,3,506,286,37,27,default,swaps
rd53_131,10,3,522,306,53,29,default,swaps
rd53_131,10,3,484,273,15,2,ils,swaps
rd53_131,10,3,484,273,15,1,ils,swaps
rd53_131,10,3,484,273,15,3,ils,swaps
rd53_131,10,3,485,275,16,4,ils,swaps
rd53_131,10,3,484,272,15,5,ils,swaps
rd53_131,10,3,484,271,15,6,ils,swaps
rd53_131,10,3,484,274,15,7,ils,swaps
rd53_131,10,3,484,273,15,8,ils,swaps
rd53_131,10,3,484,271,15,10,ils,swaps
rd53_131,10,3,484,271,15,9,ils,swaps
rd53_131,10,3,484,274,15,13,ils,swaps
rd53_131,10,3,484,273,15,11,ils,swaps
rd53_131,10,3,484,272,15,12,ils,swaps
rd53_131,10,3,485,271,16,15,ils,swaps
rd53_131,10,3,484,276,15,16,ils,swaps
rd53_131,10,3,484,271,15,18,ils,swaps
rd53_131,10,3,484,273,15,19,ils,swaps
rd53_131,10,3,484,273,15,22,ils,swaps
rd53_131,10,3,484,272,15,23,ils,swaps
rd53_131,10,3,485,272,16,14,ils,swaps
rd53_131,10,3,484,271,15,24,ils,swaps
rd53_131,10,3,484,272,15,26,ils,swaps
rd53_131,10,3,485,272,16,17,ils,swaps
rd53_131,10,3,484,275,15,20,ils,swaps
rd53_131,10,3,485,273,16,21,ils,swaps
rd53_131,10,3,484,271,15,25,ils,swaps
rd53_131,10,3,484,275,15,28,ils,swaps
rd53_131,10,3,484,274,15,27,ils,swaps
rd53_131,10,3,484,274,15,29,ils,swaps
rd53_131,10,3,484,273,15,30,ils,swaps
sf_276,10,5,800,451,22,2,default,swaps
sf_276,10,5,801,450,23,4,default,swaps
sf_276,10,5,800,454,22,5,default,swaps
sf_276,10,5,800,455,22,6,default,swaps
sf_276,10,5,802,457,24,8,default,swaps
sf_276,10,5,801,455,23,9,default,swaps
sf_276,10,5,800,451,22,10,default,swaps
sf_276,10,5,800,452,22,1,default,swaps
sf_276,10,5,800,453,22,3,default,swaps
sf_276,10,5,801,453,23,14,default,swaps
sf_276,10,5,802,454,24,7,default,swaps
sf_276,10,5,802,456,24,18,default,swaps
sf_276,10,5,800,453,22,11,default,swaps
sf_276,10,5,801,452,23,12,default,swaps
sf_276,10,5,800,453,22,13,default,swaps
sf_276,10,5,801,454,23,23,default,swaps
sf_276,10,5,833,482,55,15,default,swaps
sf_276,10,5,800,453,22,19,default,swaps
sf_276,10,5,801,453,23,24,default,swaps
sf_276,10,5,800,455,22,16,default,swaps
sf_276,10,5,800,451,22,17,default,swaps
sf_276,10,5,800,451,22,27,default,swaps
sf_276,10,5,800,454,22,25,default,swaps
sf_276,10,5,801,454,23,20,default,swaps
sf_276,10,5,800,452,22,21,default,swaps
sf_276,10,5,801,454,23,22,default,swaps
sf_276,10,5,800,456,22,26,default,swaps
sf_276,10,5,802,455,24,28,default,swaps
sf_276,10,5,800,455,22,29,default,swaps
sf_276,10,5,800,454,22,30,default,swaps
sf_276,10,5,786,440,8,1,ils,swaps
sf_276,10,5,786,444,8,2,ils,swaps
sf_276,10,5,786,445,8,4,ils,swaps
sf_276,10,5,786,441,8,3,ils,swaps
sf_276,10,5,786,445,8,5,ils,swaps
sf_276,10,5,786,445,8,7,ils,swaps
sf_276,10,5,786,442,8,8,ils,swaps
sf_276,10,5,786,444,8,9,ils,swaps
sf_276,10,5,786,444,8,13,ils,swaps
sf_276,10,5,786,443,8,12,ils,swaps
sf_276,10,5,786,444,8,11,ils,swaps
sf_276,10,5,786,444,8,6,ils,swaps
sf_276,10,5,786,443,8,10,ils,swaps
sf_276,10,5,786,445,8,23,ils,swaps
sf_276,10,5,786,445,8,19,ils,swaps
sf_276,10,5,786,444,8,15,ils,swaps
sf_276,10,5,786,444,8,14,ils,swaps
sf_276,10,5,786,444,8,26,ils,swaps
sf_276,10,5,786,444,8,16,ils,swaps
sf_276,10,5,786,443,8,18,ils,swaps
sf_276,10,5,786,443,8,17,ils,swaps
sf_276,10,5,786,444,8,20,ils,swaps
sf_276,10,5,786,445,8,21,ils,swaps
sf_276,10,5,786,441,8,22,ils,swaps
sf_276,10,5,786,441,8,24,ils,swaps
sf_276,10,5,786,444,8,25,ils,swaps
sf_276,10,5,786,444,8,27,ils,swaps
sf_276,10,5,786,444,8,28,ils,swaps
sf_276,10,5,786,445,8,29,ils,swaps
sf_276,10,5,786,444,8,30,ils,swaps
rd53_251,10,4,1380,777,89,1,default,swaps
rd53_251,10,4,1366,767,75,2,default,swaps
rd53_251,10,4,1362,768,71,3,default,swaps
rd53_251,10,4,1373,778,82,4,default,swaps
rd53_251,10,4,1377,781,86,7,default,swaps
rd53_251,10,4,1383,794,92,5,default,swaps
rd53_251,10,4,1391,786,100,9,default,swaps
rd53_251,10,4,1392,798,101,6,default,swaps
rd53_251,10,4,1382,782,91,8,default,swaps
rd53_251,10,4,1371,781,80,11,default,swaps
rd53_251,10,4,1389,786,98,12,default,swaps
rd53_251,10,4,1378,786,87,15,default,swaps
rd53_251,10,4,1390,789,99,17,default,swaps
rd53_251,10,4,1396,797,105,18,default,swaps
rd53_251,10,4,1393,796,102,10,default,swaps
rd53_251,10,4,1369,777,78,13,default,swaps
rd53_251,10,4,1379,784,88,24,default,swaps
rd53_251,10,4,1367,785,76,14,default,swaps
rd53_251,10,4,1387,793,96,22,default,swaps
rd53_251,10,4,1376,792,85,25,default,swaps
rd53_251,10,4,1392,798,101,16,default,swaps
rd53_251,10,4,1384,787,93,26,default,swaps
rd53_251,10,4,1389,794,98,19,default,swaps
rd53_251,10,4,1387,781,96,20,default,swaps
rd53_251,10,4,1395,807,104,21,default,swaps
rd53_251,10,4,1399,810,108,23,default,swaps
rd53_251,10,4,1392,786,101,27,default,swaps
rd53_251,10,4,1381,794,90,28,default,swaps
rd53_251,10,4,1384,797,93,29,default,swaps
rd53_251,10,4,1390,796,99,30,default,swaps
rd53_251,10,4,1396,817,105,3,ils,swaps
rd53_251,10,4,1381,784,90,5,ils,swaps
rd53_251,10,4,1373,778,82,1,ils,swaps
rd53_251,10,4,1386,802,95,8,ils,swaps
rd53_251,10,4,1372,775,81,2,ils,swaps
rd53_251,10,4,1383,791,92,7,ils,swaps
rd53_251,10,4,1375,785,84,6,ils,swaps
rd53_251,10,4,1388,795,97,12,ils,swaps
rd53_251,10,4,1375,784,84,10,ils,swaps
rd53_251,10,4,1366,789,75,14,ils,swaps
rd53_251,10,4,1391,795,100,15,ils,swaps
rd53_251,10,4,1398,808,107,4,ils,swaps
rd53_251,10,4,1371,784,80,9,ils,swaps
rd53_251,10,4,1401,821,110,16,ils,swaps
rd53_251,10,4,1371,786,80,18,ils,swaps
rd53_251,10,4,1372,779,81,21,ils,swaps
rd53_251,10,4,1370,776,79,11,ils,swaps
rd53_251,10,4,1374,785,83,23,ils,swaps
rd53_251,10,4,1387,794,96,13,ils,swaps
rd53_251,10,4,1372,781,81,29,ils,swaps
rd53_251,10,4,1372,779,81,19,ils,swaps
rd53_251,10,4,1380,787,89,17,ils,swaps
rd53_251,10,4,1381,799,90,20,ils,swaps
rd53_251,10,4,1385,795,94,26,ils,swaps
rd53_251,10,4,1393,805,102,30,ils,swaps
rd53_251,10,4,1374,784,83,22,ils,swaps
rd53_251,10,4,1388,794,97,24,ils,swaps
rd53_251,10,4,1365,779,74,25,ils,swaps
rd53_251,10,4,1381,788,90,28,ils,swaps
rd53_251,10,4,1386,800,95,27,ils,swaps
sqrt8_260,10,22,3264,1848,255,1,default,swaps
sqrt8_260,10,22,3268,1837,259,5,default,swaps
sqrt8_260,10,22,3295,1868,286,3,default,swaps
sqrt8_260,10,22,3262,1869,253,4,default,swaps
sqrt8_260,10,22,3273,1855,264,6,default,swaps
sqrt8_260,10,22,3270,1877,261,2,default,swaps
sqrt8_260,10,22,3335,1897,326,8,default,swaps
sqrt8_260,10,22,3263,1860,254,7,default,swaps
sqrt8_260,10,22,3285,1890,276,12,default,swaps
sqrt8_260,10,22,3296,1879,287,13,default,swaps
sqrt8_260,10,22,3274,1866,265,9,default,swaps
sqrt8_260,10,22,3287,1873,278,14,default,swaps
sqrt8_260,10,22,3233,1823,224,22,default,swaps
sqrt8_260,10,22,3316,1924,307,24,default,swaps
sqrt8_260,10,22,3261,1867,252,10,default,swaps
sqrt8_260,10,22,3320,1891,311,11,default,swaps
sqrt8_260,10,22,3281,1858,272,15,default,swaps
sqrt8_260,10,22,3273,1859,264,17,default,swaps
sqrt8_260,10,22,3305,1877,296,16,default,swaps
sqrt8_260,10,22,3237,1822,228,18,default,swaps
sqrt8_260,10,22,3264,1870,255,19,default,swaps
sqrt8_260,10,22,3326,1905,317,20,default,swaps
sqrt8_260,10,22,3269,1840,260,21,default,swaps
sqrt8_260,10,22,3244,1843,235,23,default,swaps
sqrt8_260,10,22,3222,1802,213,25,default,swaps
sqrt8_260,10,22,3291,1869,282,27,default,swaps
sqrt8_260,10,22,3250,1847,241,26,default,swaps
sqrt8_260,10,22,3286,1888,277,30,default,swaps
sqrt8_260,10,22,3259,1853,250,29,default,swaps
sqrt8_260,10,22,3380,1933,371,28,default,swaps
sqrt8_260,10,22,3246,1840,237,2,ils,swaps
sqrt8_260,10,22,3184,1800,175,4,ils,swaps
sqrt8_260,10,22,3198,1801,189,1,ils,swaps
sqrt8_260,10,22,3196,1814,187,5,ils,swaps
sqrt8_260,10,22,3259,1845,250,6,ils,swaps
sqrt8_260,10,22,3240,1843,231,7,ils,swaps
sqrt8_260,10,22,3232,1807,223,12,ils,swaps
sqrt8_260,10,22,3261,1858,252,14,ils,swaps
sqrt8_260,10,22,3202,1810,193,8,ils,swaps
sqrt8_260,10,22,3253,1865,244,9,ils,swaps
sqrt8_260,10,22,3264,1840,255,10,ils,swaps
sqrt8_260,10,22,3265,1837,256,11,ils,swaps
sqrt8_260,10,22,3244,1849,235,18,ils,swaps
sqrt8_260,10,22,3229,1828,220,19,ils,swaps
sqrt8_260,10,22,3269,1860,260,3,ils,swaps
sqrt8_260,10,22,3195,1792,186,21,ils,swaps
sqrt8_260,10,22,3214,1836,205,23,ils,swaps
sqrt8_260,10,22,3241,1836,232,25,ils,swaps
sqrt8_260,10,22,3243,1847,234,24,ils,swaps
sqrt8_260,10,22,3295,1878,286,28,ils,swaps
sqrt8_260,10,22,3230,1815,221,27,ils,swaps
sqrt8_260,10,22,3238,1841,229,15,ils,swaps
sqrt8_260,10,22,3234,1819,225,13,ils,swaps
sqrt8_260,10,22,3210,1800,201,16,ils,swaps
sqrt8_260,10,22,3194,1782,185,17,ils,swaps
sqrt8_260,10,22,3251,1846,242,20,ils,swaps
sqrt8_260,10,22,3206,1835,197,22,ils,swaps
sqrt8_260,10,22,3248,1826,239,26,ils,swaps
sqrt8_260,10,22,3195,1791,186,29,ils,swaps
sqrt8_260,10,22,3267,1864,258,30,ils,swaps
misex1_241,10,18,5028,2821,215,1,default,swaps
misex1_241,10,18,5070,2855,257,5,default,swaps
misex1_241,10,18,5099,2908,286,9,default,swaps
misex1_241,10,18,5080,2886,267,8,default,swaps
misex1_241,10,18,5155,2961,342,4,default,swaps
misex1_241,10,18,5077,2879,264,2,default,swaps
misex1_241,10,18,5158,2937,345,6,default,swaps
misex1_241,10,18,5026,2835,213,7,default,swaps
misex1_241,10,18,5046,2842,233,10,default,swaps
misex1_241,10,18,5046,2867,233,11,default,swaps
misex1_241,10,18,5106,2907,293,17,default,swaps
misex1_241,10,18,5066,2867,253,23,default,swaps
misex1_241,10,18,5068,2869,255,3,default,swaps
misex1_241,10,18,5039,2855,226,21,default,swaps
misex1_241,10,18,5061,2847,248,25,default,swaps
misex1_241,10,18,5122,2915,309,12,default,swaps
misex1_241,10,18,5013,2823,200,13,default,swaps
misex1_241,10,18,5088,2885,275,14,default,swaps
misex1_241,10,18,5124,2912,311,15,default,swaps
misex1_241,10,18,5090,2872,277,16,default,swaps
misex1_241,10,18,5039,2831,226,18,default,swaps
misex1_241,10,18,5058,2849,245,19,default,swaps
misex1_241,10,18,5008,2810,195,20,default,swaps
misex1_241,10,18,5090,2882,277,22,default,swaps
misex1_241,10,18,5068,2864,255,24,default,swaps
misex1_241,10,18,5091,2900,278,26,default,swaps
misex1_241,10,18,5043,2848,230,30,default,swaps
misex1_241,10,18,5054,2851,241,28,default,swaps
misex1_241,10,18,5069,2868,256,27,default,swaps
misex1_241,10,18,5052,2842,239,29,default,swaps
misex1_241,10,18,5078,2892,265,2,ils,swaps
misex1_241,10,18,5088,2896,275,9,ils,swaps
misex1_241,10,18,5116,2926,303,5,ils,swaps
misex1_241,10,18,5071,2878,258,1,ils,swaps
misex1_241,10,18,5095,2897,282,13,ils,swaps
misex1_241,10,18,5027,2835,214,3,ils,swaps
misex1_241,10,18,5132,2937,319,11,ils,swaps
misex1_241,10,18,5007,2819,194,12,ils,swaps
misex1_241,10,18,5074,2871,261,4,ils,swaps
misex1_241,10,18,5028,2838,215,14,ils,swaps
misex1_241,10,18,5035,2851,222,15,ils,swaps
misex1_241,10,18,5109,2901,296,7,ils,swaps
misex1_241,10,18,5055,2858,242,8,ils,swaps
misex1_241,10,18,5074,2888,261,10,ils,swaps
misex1_241,10,18,5087,2891,274,22,ils,swaps
misex1_241,10,18,5089,2877,276,6,ils,swaps
misex1_241,10,18,5019,2838,206,28,ils,swaps
misex1_241,10,18,5069,2878,256,16,ils,swaps
misex1_241,10,18,5025,2837,212,30,ils,swaps
misex1_241,10,18,5043,2861,230,17,ils,swaps
misex1_241,10,18,5052,2853,239,18,ils,swaps
misex1_241,10,18,5082,2888,269,25,ils,swaps
misex1_241,10,18,5114,2923,301,20,ils,swaps
misex1_241,10,18,5036,2836,223,23,ils,swaps
misex1_241,10,18,5100,2922,287,19,ils,swaps
misex1_241,10,18,5036,2845,223,21,ils,swaps
misex1_241,10,18,5044,2863,231,26,ils,swaps
misex1_241,10,18,5103,2913,290,27,ils,swaps
misex1_241,10,18,5128,2922,315,24,ils,swaps
misex1_241,10,18,5094,2892,281,29,ils,swaps
cycle10_2_110,10,60,6564,3793,514,4,default,swaps
cycle10_2_110,10,60,6525,3753,475,5,default,swaps
cycle10_2_110,10,60,6543,3790,493,2,default,swaps
cycle10_2_110,10,60,6660,3892,610,3,default,swaps
cycle10_2_110,10,60,6598,3815,548,10,default,swaps
cycle10_2_110,10,60,6553,3780,503,7,default,swaps
cycle10_2_110,10,60,6585,3755,535,6,default,swaps
cycle10_2_110,10,60,6593,3814,543,8,default,swaps
cycle10_2_110,10,60,6602,3815,552,9,default,swaps
cycle10_2_110,10,60,6548,3771,498,13,default,swaps
cycle10_2_110,10,60,6604,3830,554,1,default,swaps
cycle10_2_110,10,60,6568,3784,518,14,default,swaps
cycle10_2_110,10,60,6661,3864,611,15,default,swaps
cycle10_2_110,10,60,6675,3885,625,16,default,swaps
cycle10_2_110,10,60,6570,3793,520,17,default,swaps
cycle10_2_110,10,60,6540,3774,490,18,default,swaps
cycle10_2_110,10,60,6630,3799,580,22,default,swaps
cycle10_2_110,10,60,6578,3812,528,23,default,swaps
cycle10_2_110,10,60,6658,3827,608,19,default,swaps
cycle10_2_110,10,60,6499,3736,449,21,default,swaps
cycle10_2_110,10,60,6520,3726,470,11,default,swaps
cycle10_2_110,10,60,6587,3804,537,30,default,swaps
cycle10_2_110,10,60,6574,3766,524,20,default,swaps
cycle10_2_110,10,60,6551,3805,501,12,default,swaps
cycle10_2_110,10,60,6588,3789,538,24,default,swaps
cycle10_2_110,10,60,6608,3803,558,26,default,swaps
cycle10_2_110,10,60,6652,3876,602,28,default,swaps
cycle10_2_110,10,60,6610,3813,560,25,default,swaps
cycle10_2_110,10,60,6625,3823,575,27,default,swaps
cycle10_2_110,10,60,6574,3815,524,29,default,swaps
cycle10_2_110,10,60,6582,3809,532,2,ils,swaps
cycle10_2_110,10,60,6487,3717,437,8,ils,swaps
cycle10_2_110,10,60,6567,3799,517,3,ils,swaps
cycle10_2_110,10,60,6444,3685,394,11,ils,swaps
cycle10_2_110,10,60,6498,3746,448,4,ils,swaps
cycle10_2_110,10,60,6599,3779,549,5,ils,swaps
cycle10_2_110,10,60,6491,3698,441,6,ils,swaps
cycle10_2_110,10,60,6464,3720,414,7,ils,swaps
cycle10_2_110,10,60,6516,3776,466,9,ils,swaps
cycle10_2_110,10,60,6469,3729,419,13,ils,swaps
cycle10_2_110,10,60,6508,3741,458,14,ils,swaps
cycle10_2_110,10,60,6515,3710,465,16,ils,swaps
cycle10_2_110,10,60,6552,3818,502,1,ils,swaps
cycle10_2_110,10,60,6525,3758,475,12,ils,swaps
cycle10_2_110,10,60,6531,3753,481,10,ils,swaps
cycle10_2_110,10,60,6482,3728,432,22,ils,swaps
cycle10_2_110,10,60,6508,3747,458,28,ils,swaps
cycle10_2_110,10,60,6473,3737,423,15,ils,swaps
cycle10_2_110,10,60,6517,3779,467,25,ils,swaps
cycle10_2_110,10,60,6527,3755,477,17,ils,swaps
cycle10_2_110,10,60,6495,3717,445,19,ils,swaps
cycle10_2_110,10,60,6551,3761,501,18,ils,swaps
cycle10_2_110,10,60,6475,3700,425,20,ils,swaps
cycle10_2_110,10,60,6439,3656,389,21,ils,swaps
cycle10_2_110,10,60,6542,3799,492,23,ils,swaps
cycle10_2_110,10,60,6458,3720,408,24,ils,swaps
cycle10_2_110,10,60,6498,3754,448,30,ils,swaps
cycle10_2_110,10,60,6465,3760,415,27,ils,swaps
cycle10_2_110,10,60,6528,3784,478,26,ils,swaps
cycle10_2_110,10,60,6435,3690,385,29,ils,swaps
square_root_7,10,47,8183,4224,553,2,default,swaps
square_root_7,10,47,8160,4226,530,3,default,swaps
square_root_7,10,47,8096,4199,466,8,default,swaps
square_root_7,10,47,8159,4255,529,5,default,swaps
square_root_7,10,47,8138,4217,508,1,default,swaps
square_root_7,10,47,8181,4290,551,6,default,swaps
square_root_7,10,47,8221,4284,591,7,default,swaps
square_root_7,10,47,8128,4204,498,10,default,swaps
square_root_7,10,47,8157,4241,527,14,default,swaps
square_root_7,10,47,8131,4201,501,15,default,swaps
square_root_7,10,47,8128,4200,498,12,default,swaps
square_root_7,10,47,8129,4217,499,16,default,swaps
square_root_7,10,47,8226,4288,596,11,default,swaps
square_root_7,10,47,8238,4272,608,4,default,swaps
square_root_7,10,47,8128,4198,498,9,default,swaps
square_root_7,10,47,8160,4245,530,13,default,swaps
square_root_7,10,47,8186,4243,556,29,default,swaps
square_root_7,10,47,8171,4229,541,17,default,swaps
square_root_7,10,47,8128,4170,498,18,default,swaps
square_root_7,10,47,8233,4273,603,19,default,swaps
square_root_7,10,47,8187,4256,557,21,default,swaps
square_root_7,10,47,8056,4146,426,20,default,swaps
square_root_7,10,47,8143,4196,513,23,default,swaps
square_root_7,10,47,8147,4214,517,26,default,swaps
square_root_7,10,47,8238,4313,608,24,default,swaps
square_root_7,10,47,8203,4265,573,25,default,swaps
square_root_7,10,47,8134,4221,504,22,default,swaps
square_root_7,10,47,8097,4167,467,27,default,swaps
square_root_7,10,47,8179,4245,549,28,default,swaps
square_root_7,10,47,8204,4283,574,30,default,swaps
square_root_7,10,47,8104,4186,474,2,ils,swaps
square_root_7,10,47,8154,4211,524,4,ils,swaps
square_root_7,10,47,8134,4270,504,1,ils,swaps
square_root_7,10,47,8086,4206,456,9,ils,swaps
square_root_7,10,47,8076,4158,446,7,ils,swaps
square_root_7,10,47,8149,4236,519,3,ils,swaps
square_root_7,10,47,8120,4236,490,5,ils,swaps
square_root_7,10,47,8071,4137,441,10,ils,swaps
square_root_7,10,47,8092,4132,462,15,ils,swaps
square_root_7,10,47,8064,4160,434,12,ils,swaps
square_root_7,10,47,8180,4264,550,16,ils,swaps
square_root_7,10,47,8102,4171,472,22,ils,swaps
square_root_7,10,47,8109,4181,479,27,ils,swaps
square_root_7,10,47,8090,4180,460,18,ils,swaps
square_root_7,10,47,8089,4182,459,19,ils,swaps
square_root_7,10,47,8143,4244,513,28,ils,swaps
square_root_7,10,47,7965,4085,335,20,ils,swaps
square_root_7,10,47,8080,4149,450,14,ils,swaps
square_root_7,10,47,8071,4129,441,8,ils,swaps
square_root_7,10,47,8011,4074,381,29,ils,swaps
square_root_7,10,47,8089,4151,459,6,ils,swaps
square_root_7,10,47,8133,4242,503,23,ils,swaps
square_root_7,10,47,8086,4200,456,11,ils,swaps
square_root_7,10,47,7972,4089,342,25,ils,swaps
square_root_7,10,47,8131,4225,501,13,ils,swaps
square_root_7,10,47,8073,4143,443,17,ils,swaps
square_root_7,10,47,8154,4249,524,26,ils,swaps
square_root_7,10,47,8045,4124,415,21,ils,swaps
square_root_7,10,47,8156,4237,526,24,ils,swaps
square_root_7,10,47,8160,4209,530,30,ils,swaps
sqn_258,10,100,11003,6149,780,2,default,swaps
sqn_258,10,100,11021,6104,798,4,default,swaps
sqn_258,10,100,10965,6144,742,8,default,swaps
sqn_258,10,100,11039,6117,816,1,default,swaps
sqn_258,10,100,11122,6262,899,5,default,swaps
sqn_258,10,100,11034,6117,811,6,default,swaps
sqn_258,10,100,11102,6186,879,7,default,swaps
sqn_258,10,100,11138,6249,915,24,default,swaps
sqn_258,10,100,10964,6057,741,22,default,swaps
sqn_258,10,100,11079,6172,856,3,default,swaps
sqn_258,10,100,11076,6164,853,9,default,swaps
sqn_258,10,100,10994,6124,771,10,default,swaps
sqn_258,10,100,10968,6072,745,11,default,swaps
sqn_258,10,100,11035,6135,812,12,default,swaps
sqn_258,10,100,10995,6121,772,17,default,swaps
sqn_258,10,100,11059,6176,836,14,default,swaps
sqn_258,10,100,11041,6130,818,13,default,swaps
sqn_258,10,100,11001,6093,778,16,default,swaps
sqn_258,10,100,11030,6112,807,15,default,swaps
sqn_258,10,100,11077,6171,854,18,default,swaps
sqn_258,10,100,11104,6242,881,26,default,swaps
sqn_258,10,100,11018,6115,795,30,default,swaps
sqn_258,10,100,11087,6202,864,19,default,swaps
sqn_258,10,100,11088,6166,865,20,default,swaps
sqn_258,10,100,11065,6232,842,28,default,swaps
sqn_258,10,100,11032,6155,809,21,default,swaps
sqn_258,10,100,11063,6185,840,23,default,swaps
sqn_258,10,100,11000,6088,777,27,default,swaps
sqn_258,10,100,11056,6212,833,25,default,swaps
sqn_258,10,100,10987,6118,764,29,default,swaps
sqn_258,10,100,11026,6164,803,2,ils,swaps
sqn_258,10,100,10781,5918,558,7,ils,swaps
sqn_258,10,100,10917,6030,694,9,ils,swaps
sqn_258,10,100,11026,6110,803,1,ils,swaps
sqn_258,10,100,10957,6071,734,5,ils,swaps
sqn_258,10,100,10919,6023,696,4,ils,swaps
sqn_258,10,100,10971,6131,748,6,ils,swaps
sqn_258,10,100,11026,6151,803,3,ils,swaps
sqn_258,10,100,10857,5976,634,8,ils,swaps
sqn_258,10,100,10836,5940,613,17,ils,swaps
sqn_258,10,100,10968,6030,745,10,ils,swaps
sqn_258,10,100,10963,6060,740,16,ils,swaps
sqn_258,10,100,10810,5910,587,15,ils,swaps
sqn_258,10,100,11005,6138,782,14,ils,swaps
sqn_258,10,100,10916,6092,693,18,ils,swaps
sqn_258,10,100,10844,5976,621,11,ils,swaps
sqn_258,10,100,10959,6114,736,12,ils,swaps
sqn_258,10,100,10936,6083,713,13,ils,swaps
sqn_258,10,100,10844,5993,621,24,ils,swaps
sqn_258,10,100,10972,6134,749,20,ils,swaps
sqn_258,10,100,10792,5949,569,28,ils,swaps
sqn_258,10,100,11021,6122,798,19,ils,swaps
sqn_258,10,100,10928,6049,705,21,ils,swaps
sqn_258,10,100,10938,6053,715,22,ils,swaps
sqn_258,10,100,10810,5950,587,23,ils,swaps
sqn_258,10,100,10925,6076,702,25,ils,swaps
sqn_258,10,100,11001,6115,778,27,ils,swaps
sqn_258,10,100,10922,6087,699,29,ils,swaps
sqn_258,10,100,11035,6091,812,26,ils,swaps
sqn_258,10,100,11028,6137,805,30,ils,swaps
root_255,10,120,18984,10475,1825,1,default,swaps
root_255,10,120,19068,10533,1909,8,default,swaps
root_255,10,120,18977,10455,1818,6,default,swaps
root_255,10,120,18949,10493,1790,10,default,swaps
root_255,10,120,18893,10407,1734,2,default,swaps
root_255,10,120,19036,10508,1877,3,default,swaps
root_255,10,120,18913,10415,1754,16,default,swaps
root_255,10,120,18928,10362,1769,11,default,swaps
root_255,10,120,18940,10371,1781,5,default,swaps
root_255,10,120,18816,10282,1657,7,default,swaps
root_255,10,120,18743,10222,1584,18,default,swaps
root_255,10,120,18962,10543,1803,15,default,swaps
root_255,10,120,18865,10396,1706,21,default,swaps
root_255,10,120,18889,10368,1730,17,default,swaps
root_255,10,120,18888,10370,1729,22,default,swaps
root_255,10,120,18824,10425,1665,14,default,swaps
root_255,10,120,18889,10405,1730,23,default,swaps
root_255,10,120,18989,10486,1830,27,default,swaps
root_255,10,120,19021,10494,1862,29,default,swaps
root_255,10,120,18895,10276,1736,4,default,swaps
root_255,10,120,18895,10400,1736,9,default,swaps
root_255,10,120,18911,10431,1752,24,default,swaps
root_255,10,120,18855,10321,1696,30,default,swaps
root_255,10,120,18923,10335,1764,12,default,swaps
root_255,10,120,18918,10469,1759,13,default,swaps
root_255,10,120,18840,10373,1681,26,default,swaps
root_255,10,120,18890,10383,1731,19,default,swaps
root_255,10,120,18945,10464,1786,20,default,swaps
root_255,10,120,18909,10359,1750,25,default,swaps
root_255,10,120,18869,10257,1710,28,default,swaps
root_255,10,120,18491,9997,1332,9,ils,swaps
root_255,10,120,18864,10347,1705,3,ils,swaps
root_255,10,120,18893,10376,1734,14,ils,swaps
root_255,10,120,18622,10116,1463,1,ils,swaps
root_255,10,120,18376,10002,1217,2,ils,swaps
root_255,10,120,18634,10176,1475,6,ils,swaps
root_255,10,120,18676,10145,1517,5,ils,swaps
root_255,10,120,18636,10093,1477,10,ils,swaps
root_255,10,120,18851,10414,1692,8,ils,swaps
root_255,10,120,18664,10114,1505,11,ils,swaps
root_255,10,120,18404,9869,1245,19,ils,swaps
root_255,10,120,18836,10379,1677,17,ils,swaps
root_255,10,120,18715,10319,1556,13,ils,swaps
root_255,10,120,18810,10205,1651,16,ils,swaps
root_255,10,120,18576,10122,1417,18,ils,swaps
root_255,10,120,18754,10245,1595,4,ils,swaps
root_255,10,120,18315,9842,1156,21,ils,swaps
root_255,10,120,18417,9965,1258,22,ils,swaps
root_255,10,120,18307,9829,1148,7,ils,swaps
root_255,10,120,18382,9860,1223,25,ils,swaps
root_255,10,120,18642,10290,1483,23,ils,swaps
root_255,10,120,18794,10259,1635,26,ils,swaps
root_255,10,120,18725,10167,1566,28,ils,swaps
root_255,10,120,18696,10297,1537,29,ils,swaps
root_255,10,120,18435,9963,1276,12,ils,swaps
root_255,10,120,18474,10133,1315,15,ils,swaps
root_255,10,120,18808,10340,1649,20,ils,swaps
root_255,10,120,18619,10121,1460,24,ils,swaps
root_255,10,120,18301,9942,1142,27,ils,swaps
root_255,10,120,18775,10238,1616,30,ils,swaps
urf2_277,10,400,22759,13568,2647,5,default,swaps
urf2_277,10,400,22708,13529,2596,9,default,swaps
urf2_277,10,400,22615,13450,2503,6,default,swaps
urf2_277,10,400,22983,13784,2871,2,default,swaps
urf2_277,10,400,22663,13535,2551,1,default,swaps
urf2_277,10,400,22723,13504,2611,8,default,swaps
urf2_277,10,400,22786,13527,2674,7,default,swaps
urf2_277,10,400,22678,13504,2566,3,default,swaps
urf2_277,10,400,22754,13510,2642,14,default,swaps
urf2_277,10,400,22682,13563,2570,15,default,swaps
urf2_277,10,400,22677,13450,2565,12,default,swaps
urf2_277,10,400,22571,13458,2459,4,default,swaps
urf2_277,10,400,22788,13521,2676,22,default,swaps
urf2_277,10,400,22771,13489,2659,17,default,swaps
urf2_277,10,400,22797,13538,2685,28,default,swaps
urf2_277,10,400,22630,13515,2518,18,default,swaps
urf2_277,10,400,22804,13608,2692,11,default,swaps
urf2_277,10,400,22777,13538,2665,10,default,swaps
urf2_277,10,400,22632,13447,2520,20,default,swaps
urf2_277,10,400,22799,13625,2687,19,default,swaps
urf2_277,10,400,22639,13555,2527,13,default,swaps
urf2_277,10,400,22748,13498,2636,30,default,swaps
urf2_277,10,400,22792,13563,2680,21,default,swaps
urf2_277,10,400,22776,13503,2664,16,default,swaps
urf2_277,10,400,22764,13505,2652,27,default,swaps
urf2_277,10,400,23012,13721,2900,24,default,swaps
urf2_277,10,400,22778,13569,2666,25,default,swaps
urf2_277,10,400,22731,13568,2619,26,default,swaps
urf2_277,10,400,22745,13511,2633,23,default,swaps
urf2_277,10,400,22813,13600,2701,29,default,swaps
urf2_277,10,400,22543,13418,2431,4,ils,swaps
urf2_277,10,400,22609,13495,2497,3,ils,swaps
urf2_277,10,400,22506,13425,2394,1,ils,swaps
urf2_277,10,400,22620,13538,2508,7,ils,swaps
urf2_277,10,400,22501,13423,2389,2,ils,swaps
urf2_277,10,400,22388,13443,2276,10,ils,swaps
urf2_277,10,400,22717,13557,2605,8,ils,swaps
urf2_277,10,400,22267,13359,2155,13,ils,swaps
urf2_277,10,400,22354,13424,2242,14,ils,swaps
urf2_277,10,400,22276,13343,2164,15,ils,swaps
urf2_277,10,400,22203,13327,2091,17,ils,swaps
urf2_277,10,400,22700,13451,2588,11,ils,swaps
urf2_277,10,400,22470,13425,2358,16,ils,swaps
urf2_277,10,400,22280,13398,2168,24,ils,swaps
urf2_277,10,400,22454,13429,2342,29,ils,swaps
urf2_277,10,400,22341,13389,2229,9,ils,swaps
urf2_277,10,400,22237,13356,2125,22,ils,swaps
urf2_277,10,400,22397,13486,2285,5,ils,swaps
urf2_277,10,400,22289,13373,2177,6,ils,swaps
urf2_277,10,400,22259,13348,2147,12,ils,swaps
urf2_277,10,400,22511,13516,2399,18,ils,swaps
urf2_277,10,400,22666,13530,2554,28,ils,swaps
urf2_277,10,400,22243,13361,2131,20,ils,swaps
urf2_277,10,400,22617,13395,2505,19,ils,swaps
urf2_277,10,400,22308,13389,2196,21,ils,swaps
urf2_277,10,400,22722,13575,2610,23,ils,swaps
urf2_277,10,400,22496,13433,2384,25,ils,swaps
urf2_277,10,400,22434,13506,2322,26,ils,swaps
urf2_277,10,400,22255,13329,2143,30,ils,swaps
urf2_277,10,400,22558,13483,2446,27,ils,swaps
clip_206,10,550,37496,21077,3669,11,default,swaps
clip_206,10,550,37270,20818,3443,7,default,swaps
clip_206,10,550,37762,21413,3935,10,default,swaps
clip_206,10,550,37586,21116,3759,1,default,swaps
clip_206,10,550,37089,20757,3262,17,default,swaps
clip_206,10,550,37494,21000,3667,5,default,swaps
clip_206,10,550,37483,21007,3656,4,default,swaps
clip_206,10,550,37460,20946,3633,3,default,swaps
clip_206,10,550,37537,21005,3710,18,default,swaps
clip_206,10,550,37315,20891,3488,2,default,swaps
clip_206,10,550,37321,20842,3494,27,default,swaps
clip_206,10,550,37097,20825,3270,21,default,swaps
clip_206,10,550,37307,20794,3480,9,default,swaps
clip_206,10,550,37342,20894,3515,8,default,swaps
clip_206,10,550,37517,21017,3690,24,default,swaps
clip_206,10,550,37588,21308,3761,15,default,swaps
clip_206,10,550,37483,20948,3656,6,default,swaps
clip_206,10,550,37697,21163,3870,19,default,swaps
clip_206,10,550,37180,20774,3353,14,default,swaps
clip_206,10,550,37309,20935,3482,23,default,swaps
clip_206,10,550,37175,20769,3348,29,default,swaps
clip_206,10,550,37472,20975,3645,13,default,swaps
clip_206,10,550,37257,20817,3430,16,default,swaps
clip_206,10,550,37589,21101,3762,12,default,swaps
clip_206,10,550,37402,20929,3575,22,default,swaps
clip_206,10,550,37309,20853,3482,25,default,swaps
clip_206,10,550,37496,21034,3669,20,default,swaps
clip_206,10,550,37460,21032,3633,30,default,swaps
clip_206,10,550,37483,20947,3656,26,default,swaps
clip_206,10,550,37265,20896,3438,28,default,swaps
clip_206,10,550,36882,20554,3055,7,ils,swaps
clip_206,10,550,37035,20674,3208,5,ils,swaps
clip_206,10,550,37293,20945,3466,2,ils,swaps
clip_206,10,550,36969,20532,3142,3,ils,swaps
clip_206,10,550,37092,20687,3265,10,ils,swaps
clip_206,10,550,37458,21034,3631,9,ils,swaps
clip_206,10,550,36934,20624,3107,1,ils,swaps
clip_206,10,550,36961,20324,3134,8,ils,swaps
clip_206,10,550,37419,21000,3592,6,ils,swaps
clip_206,10,550,37152,20779,3325,11,ils,swaps
clip_206,10,550,37345,20927,3518,14,ils,swaps
clip_206,10,550,37385,20988,3558,20,ils,swaps
clip_206,10,550,37022,20703,3195,17,ils,swaps
clip_206,10,550,37163,20767,3336,13,ils,swaps
clip_206,10,550,37060,20610,3233,18,ils,swaps
clip_206,10,550,37246,20948,3419,12,ils,swaps
clip_206,10,550,37391,21086,3564,25,ils,swaps
clip_206,10,550,37207,20744,3380,23,ils,swaps
clip_206,10,550,36814,20488,2987,21,ils,swaps
clip_206,10,550,37221,20943,3394,15,ils,swaps
clip_206,10,550,37353,21094,3526,4,ils,swaps
clip_206,10,550,37122,20684,3295,19,ils,swaps
clip_206,10,550,37004,20608,3177,29,ils,swaps
clip_206,10,550,37373,20874,3546,16,ils,swaps
clip_206,10,550,37416,20942,3589,24,ils,swaps
clip_206,10,550,37047,20475,3220,22,ils,swaps
clip_206,10,550,37243,20865,3416,28,ils,swaps
clip_206,10,550,37176,20671,3349,30,ils,swaps
clip_206,10,550,37206,20769,3379,26,ils,swaps
clip_206,10,550,37274,20921,3447,27,ils,swaps
miller_11,20,1,61,37,11,1,default,depth
miller_11,20,1,61,37,11,4,default,depth
miller_11,20,1,59,37,9,2,default,depth
miller_11,20,1,61,37,11,3,default,depth
miller_11,20,1,59,37,9,5,default,depth
miller_11,20,1,61,37,11,6,default,depth
miller_11,20,1,61,37,11,7,default,depth
miller_11,20,1,60,37,10,8,default,depth
miller_11,20,1,60,37,10,9,default,depth
miller_11,20,1,60,37,10,10,default,depth
miller_11,20,1,59,37,9,14,default,depth
miller_11,20,1,60,37,10,11,default,depth
miller_11,20,1,59,37,9,13,default,depth
miller_11,20,1,61,37,11,12,default,depth
miller_11,20,1,61,37,11,15,default,depth
miller_11,20,1,61,37,11,16,default,depth
miller_11,20,1,59,37,9,17,default,depth
miller_11,20,1,60,37,10,18,default,depth
miller_11,20,1,60,37,10,19,default,depth
miller_11,20,1,61,37,11,20,default,depth
miller_11,20,1,59,37,9,21,default,depth
miller_11,20,1,61,37,11,22,default,depth
miller_11,20,1,60,37,10,27,default,depth
miller_11,20,1,61,37,11,23,default,depth
miller_11,20,1,60,37,10,24,default,depth
miller_11,20,1,61,37,11,25,default,depth
miller_11,20,1,60,37,10,26,default,depth
miller_11,20,1,61,37,11,28,default,depth
miller_11,20,1,60,37,10,29,default,depth
miller_11,20,1,61,37,11,30,default,depth
miller_11,20,1,50,29,0,1,ils,depth
miller_11,20,1,50,29,0,3,ils,depth
miller_11,20,1,50,29,0,4,ils,depth
miller_11,20,1,50,29,0,5,ils,depth
miller_11,20,1,50,29,0,6,ils,depth
miller_11,20,1,50,29,0,8,ils,depth
miller_11,20,1,50,29,0,9,ils,depth
miller_11,20,1,50,29,0,2,ils,depth
miller_11,20,1,50,29,0,12,ils,depth
miller_11,20,1,50,29,0,11,ils,depth
miller_11,20,1,50,29,0,7,ils,depth
miller_11,20,1,50,29,0,10,ils,depth
miller_11,20,1,50,29,0,15,ils,depth
miller_11,20,1,50,29,0,13,ils,depth
miller_11,20,1,50,29,0,14,ils,depth
miller_11,20,1,50,29,0,22,ils,depth
miller_11,20,1,50,29,0,16,ils,depth
miller_11,20,1,50,29,0,21,ils,depth
miller_11,20,1,50,29,0,17,ils,depth
miller_11,20,1,50,29,0,18,ils,depth
miller_11,20,1,50,29,0,19,ils,depth
miller_11,20,1,50,29,0,26,ils,depth
miller_11,20,1,50,29,0,25,ils,depth
miller_11,20,1,50,29,0,20,ils,depth
miller_11,20,1,50,29,0,24,ils,depth
miller_11,20,1,50,29,0,23,ils,depth
miller_11,20,1,50,29,0,30,ils,depth
miller_11,20,1,50,29,0,27,ils,depth
miller_11,20,1,50,29,0,28,ils,depth
miller_11,20,1,50,29,0,29,ils,depth
4gt13_91,20,2,122,66,19,1,default,depth
4gt13_91,20,2,122,66,19,2,default,depth
4gt13_91,20,2,122,66,19,3,default,depth
4gt13_91,20,2,122,66,19,6,default,depth
4gt13_91,20,2,122,66,19,7,default,depth
4gt13_91,20,2,122,66,19,8,default,depth
4gt13_91,20,2,122,66,19,9,default,depth
4gt13_91,20,2,122,66,19,11,default,depth
4gt13_91,20,2,122,66,19,4,default,depth
4gt13_91,20,2,122,66,19,13,default,depth
4gt13_91,20,2,122,66,19,12,default,depth
4gt13_91,20,2,122,66,19,14,default,depth
4gt13_91,20,2,122,66,19,5,default,depth
4gt13_91,20,2,122,66,19,15,default,depth
4gt13_91,20,2,122,66,19,10,default,depth
4gt13_91,20,2,122,66,19,21,default,depth
4gt13_91,20,2,122,66,19,16,default,depth
4gt13_91,20,2,122,66,19,22,default,depth
4gt13_91,20,2,122,66,19,23,default,depth
4gt13_91,20,2,122,66,19,17,default,depth
4gt13_91,20,2,122,66,19,18,default,depth
4gt13_91,20,2,122,66,19,26,default,depth
4gt13_91,20,2,122,66,19,19,default,depth
4gt13_91,20,2,122,66,19,20,default,depth
4gt13_91,20,2,122,66,19,28,default,depth
4gt13_91,20,2,122,66,19,24,default,depth
4gt13_91,20,2,122,66,19,25,default,depth
4gt13_91,20,2,122,66,19,29,default,depth
4gt13_91,20,2,122,66,19,27,default,depth
4gt13_91,20,2,122,66,19,30,default,depth
4gt13_91,20,2,107,63,4,1,ils,depth
4gt13_91,20,2,110,63,7,2,ils,depth
4gt13_91,20,2,107,63,4,4,ils,depth
4gt13_91,20,2,107,63,4,3,ils,depth
4gt13_91,20,2,107,63,4,5,ils,depth
4gt13_91,20,2,107,63,4,6,ils,depth
4gt13_91,20,2,107,63,4,8,ils,depth
4gt13_91,20,2,110,63,7,7,ils,depth
4gt13_91,20,2,110,63,7,9,ils,depth
4gt13_91,20,2,109,63,6,11,ils,depth
4gt13_91,20,2,107,63,4,12,ils,depth
4gt13_91,20,2,107,63,4,14,ils,depth
4gt13_91,20,2,107,63,4,10,ils,depth
4gt13_91,20,2,107,63,4,15,ils,depth
4gt13_91,20,2,107,63,4,17,ils,depth
4gt13_91,20,2,109,63,6,16,ils,depth
4gt13_91,20,2,107,63,4,13,ils,depth
4gt13_91,20,2,107,63,4,18,ils,depth
4gt13_91,20,2,109,63,6,19,ils,depth
4gt13_91,20,2,107,63,4,20,ils,depth
4gt13_91,20,2,107,63,4,26,ils,depth
4gt13_91,20,2,107,63,4,21,ils,depth
4gt13_91,20,2,110,63,7,23,ils,depth
4gt13_91,20,2,109,63,6,22,ils,depth
4gt13_91,20,2,107,63,4,24,ils,depth
4gt13_91,20,2,110,63,7,29,ils,depth
4gt13_91,20,2,107,63,4,25,ils,depth
4gt13_91,20,2,107,63,4,27,ils,depth
4gt13_91,20,2,109,63,6,28,ils,depth
4gt13_91,20,2,109,63,6,30,ils,depth
0410184_169,20,2,272,112,61,1,default,depth
0410184_169,20,2,274,111,63,2,default,depth
0410184_169,20,2,272,112,61,3,default,depth
0410184_169,20,2,273,114,62,5,default,depth
0410184_169,20,2,246,113,35,8,default,depth
0410184_169,20,2,257,114,46,9,default,depth
0410184_169,20,2,257,114,46,12,default,depth
0410184_169,20,2,273,112,62,11,default,depth
0410184_169,20,2,267,113,56,4,default,depth
0410184_169,20,2,250,113,39,14,default,depth
0410184_169,20,2,258,114,47,6,default,depth
0410184_169,20,2,262,112,51,7,default,depth
0410184_169,20,2,272,112,61,10,default,depth
0410184_169,20,2,257,113,46,21,default,depth
0410184_169,20,2,258,114,47,13,default,depth
0410184_169,20,2,257,114,46,16,default,depth
0410184_169,20,2,271,112,60,15,default,depth
0410184_169,20,2,258,115,47,17,default,depth
0410184_169,20,2,272,112,61,25,default,depth
0410184_169,20,2,266,113,55,18,default,depth
0410184_169,20,2,277,113,66,28,default,depth
0410184_169,20,2,275,113,64,19,default,depth
0410184_169,20,2,263,113,52,20,default,depth
0410184_169,20,2,269,113,58,22,default,depth
0410184_169,20,2,274,113,63,23,default,depth
0410184_169,20,2,266,112,55,24,default,depth
0410184_169,20,2,258,114,47,26,default,depth
0410184_169,20,2,257,115,46,27,default,depth
0410184_169,20,2,273,112,62,30,default,depth
0410184_169,20,2,246,113,35,29,default,depth
0410184_169,20,2,225,107,14,3,ils,depth
0410184_169,20,2,218,108,7,2,ils,depth
0410184_169,20,2,221,107,10,4,ils,depth
0410184_169,20,2,223,106,12,8,ils,depth
0410184_169,20,2,218,108,7,9,ils,depth
0410184_169,20,2,219,108,8,6,ils,depth
0410184_169,20,2,218,108,7,7,ils,depth
0410184_169,20,2,218,108,7,1,ils,depth
0410184_169,20,2,228,108,17,10,ils,depth
0410184_169,20,2,219,108,8,13,ils,depth
0410184_169,20,2,220,108,9,11,ils,depth
0410184_169,20,2,220,108,9,14,ils,depth
0410184_169,20,2,220,108,9,5,ils,depth
0410184_169,20,2,222,109,11,16,ils,depth
0410184_169,20,2,219,108,8,15,ils,depth
0410184_169,20,2,228,109,17,17,ils,depth
0410184_169,20,2,219,108,8,21,ils,depth
0410184_169,20,2,221,108,10,12,ils,depth
0410184_169,20,2,218,108,7,22,ils,depth
0410184_169,20,2,227,108,16,23,ils,depth
0410184_169,20,2,222,107,11,26,ils,depth
0410184_169,20,2,222,108,11,25,ils,depth
0410184_169,20,2,218,108,7,18,ils,depth
0410184_169,20,2,218,108,7,27,ils,depth
0410184_169,20,2,221,108,10,19,ils,depth
0410184_169,20,2,222,108,11,20,ils,depth
0410184_169,20,2,220,106,9,28,ils,depth
0410184_169,20,2,222,108,11,29,ils,depth
0410184_169,20,2,221,107,10,24,ils,depth
0410184_169,20,2,227,108,16,30,ils,depth
ex3_229,20,2,458,236,55,2,default,depth
ex3_229,20,2,458,236,55,1,default,depth
ex3_229,20,2,453,237,50,3,default,depth
ex3_229,20,2,453,237,50,4,default,depth
ex3_229,20,2,455,237,52,5,default,depth
ex3_229,20,2,458,237,55,6,default,depth
ex3_229,20,2,458,236,55,8,default,depth
ex3_229,20,2,458,237,55,7,default,depth
ex3_229,20,2,458,237,55,9,default,depth
ex3_229,20,2,455,238,52,10,default,depth
ex3_229,20,2,451,237,48,13,default,depth
ex3_229,20,2,451,237,48,16,default,depth
ex3_229,20,2,451,237,48,17,default,depth
ex3_229,20,2,458,237,55,19,default,depth
ex3_229,20,2,458,236,55,11,default,depth
ex3_229,20,2,458,236,55,21,default,depth
ex3_229,20,2,457,237,54,12,default,depth
ex3_229,20,2,458,236,55,14,default,depth
ex3_229,20,2,458,236,55,15,default,depth
ex3_229,20,2,451,237,48,18,default,depth
ex3_229,20,2,451,238,48,25,default,depth
ex3_229,20,2,458,237,55,27,default,depth
ex3_229,20,2,458,236,55,20,default,depth
ex3_229,20,2,458,236,55,22,default,depth
ex3_229,20,2,458,236,55,29,default,depth
ex3_229,20,2,451,237,48,23,default,depth
ex3_229,20,2,458,236,55,24,default,depth
ex3_229,20,2,458,236,55,26,default,depth
ex3_229,20,2,458,237,55,28,default,depth
ex3_229,20,2,458,236,55,30,default,depth
ex3_229,20,2,420,231,17,2,ils,depth
ex3_229,20,2,431,233,28,3,ils,depth
ex3_229,20,2,414,234,11,1,ils,depth
ex3_229,20,2,414,234,11,4,ils,depth
ex3_229,20,2,430,232,27,5,ils,depth
ex3_229,20,2,419,234,16,7,ils,depth
ex3_229,20,2,418,233,15,6,ils,depth
ex3_229,20,2,414,234,11,9,ils,depth
ex3_229,20,2,414,234,11,8,ils,depth
ex3_229,20,2,420,231,17,11,ils,depth
ex3_229,20,2,414,229,11,13,ils,depth
ex3_229,20,2,415,233,12,12,ils,depth
ex3_229,20,2,420,231,17,14,ils,depth
ex3_229,20,2,419,234,16,15,ils,depth
ex3_229,20,2,414,234,11,16,ils,depth
ex3_229,20,2,420,231,17,20,ils,depth
ex3_229,20,2,414,234,11,21,ils,depth
ex3_229,20,2,414,234,11,19,ils,depth
ex3_229,20,2,419,234,16,10,ils,depth
ex3_229,20,2,415,233,12,24,ils,depth
ex3_229,20,2,414,234,11,25,ils,depth
ex3_229,20,2,415,232,12,23,ils,depth
ex3_229,20,2,414,229,11,17,ils,depth
ex3_229,20,2,414,234,11,27,ils,depth
ex3_229,20,2,418,233,15,30,ils,depth
ex3_229,20,2,415,233,12,18,ils,depth
ex3_229,20,2,414,234,11,28,ils,depth
ex3_229,20,2,418,232,15,22,ils,depth
ex3_229,20,2,414,234,11,26,ils,depth
ex3_229,20,2,431,233,28,29,ils,depth
rd53_131,20,3,542,272,73,2,default,depth
rd53_131,20,3,540,271,71,5,default,depth
rd53_131,20,3,538,272,69,6,default,depth
rd53_131,20,3,542,271,73,7,default,depth
rd53_131,20,3,540,272,71,11,default,depth
rd53_131,20,3,542,272,73,13,default,depth
rd53_131,20,3,540,271,71,1,default,depth
rd53_131,20,3,542,272,73,12,default,depth
rd53_131,20,3,538,272,69,3,default,depth
rd53_131,20,3,542,272,73,16,default,depth
rd53_131,20,3,541,271,72,17,default,depth
rd53_131,20,3,540,272,71,4,default,depth
rd53_131,20,3,540,272,71,19,default,depth
rd53_131,20,3,542,271,73,20,default,depth
rd53_131,20,3,544,272,75,18,default,depth
rd53_131,20,3,541,271,72,8,default,depth
rd53_131,20,3,542,271,73,9,default,depth
rd53_131,20,3,542,272,73,21,default,depth
rd53_131,20,3,540,272,71,22,default,depth
rd53_131,20,3,542,271,73,24,default,depth
rd53_131,20,3,545,271,76,10,default,depth
rd53_131,20,3,538,271,69,25,default,depth
rd53_131,20,3,540,271,71,26,default,depth
rd53_131,20,3,544,272,75,27,default,depth
rd53_131,20,3,543,271,74,14,default,depth
rd53_131,20,3,540,272,71,28,default,depth
rd53_131,20,3,542,271,73,15,default,depth
rd53_131,20,3,543,271,74,29,default,depth
rd53_131,20,3,542,271,73,30,default,depth
rd53_131,20,3,540,272,71,23,default,depth
rd53_131,20,3,529,269,60,1,ils,depth
rd53_131,20,3,489,268,20,3,ils,depth
rd53_131,20,3,485,268,16,2,ils,depth
rd53_131,20,3,525,268,56,6,ils,depth
rd53_131,20,3,527,268,58,5,ils,depth
rd53_131,20,3,531,267,62,7,ils,depth
rd53_131,20,3,540,266,71,8,ils,depth
rd53_131,20,3,527,268,58,10,ils,depth
rd53_131,20,3,536,266,67,12,ils,depth
rd53_131,20,3,533,271,64,13,ils,depth
rd53_131,20,3,535,270,66,4,ils,depth
rd53_131,20,3,546,268,77,15,ils,depth
rd53_131,20,3,530,271,61,16,ils,depth
rd53_131,20,3,541,271,72,9,ils,depth
rd53_131,20,3,527,268,58,18,ils,depth
rd53_131,20,3,527,269,58,11,ils,depth
rd53_131,20,3,526,270,57,24,ils,depth
rd53_131,20,3,533,269,64,14,ils,depth
rd53_131,20,3,526,269,57,23,ils,depth
rd53_131,20,3,521,270,52,26,ils,depth
rd53_131,20,3,538,266,69,17,ils,depth
rd53_131,20,3,527,268,58,29,ils,depth
rd53_131,20,3,533,270,64,27,ils,depth
rd53_131,20,3,524,269,55,30,ils,depth
rd53_131,20,3,527,269,58,19,ils,depth
rd53_131,20,3,531,267,62,20,ils,depth
rd53_131,20,3,523,271,54,22,ils,depth
rd53_131,20,3,525,268,56,21,ils,depth
rd53_131,20,3,525,268,56,25,ils,depth
rd53_131,20,3,538,267,69,28,ils,depth
sf_276,20,8,880,458,102,1,default,depth
sf_276,20,8,918,475,140,2,default,depth
sf_276,20,8,889,463,111,3,default,depth
sf_276,20,8,881,456,103,4,default,depth
sf_276,20,8,890,461,112,5,default,depth
sf_276,20,8,890,460,112,8,default,depth
sf_276,20,8,891,462,113,7,default,depth
sf_276,20,8,890,462,112,10,default,depth
sf_276,20,8,896,462,118,13,default,depth
sf_276,20,8,891,461,113,11,default,depth
sf_276,20,8,891,461,113,14,default,depth
sf_276,20,8,890,462,112,16,default,depth
sf_276,20,8,890,461,112,17,default,depth
sf_276,20,8,890,461,112,15,default,depth
sf_276,20,8,894,461,116,6,default,depth
sf_276,20,8,890,462,112,19,default,depth
sf_276,20,8,875,460,97,20,default,depth
sf_276,20,8,888,461,110,22,default,depth
sf_276,20,8,882,457,104,18,default,depth
sf_276,20,8,880,456,102,9,default,depth
sf_276,20,8,890,462,112,23,default,depth
sf_276,20,8,888,464,110,12,default,depth
sf_276,20,8,875,457,97,25,default,depth
sf_276,20,8,887,461,109,28,default,depth
sf_276,20,8,897,462,119,30,default,depth
sf_276,20,8,880,456,102,24,default,depth
sf_276,20,8,877,460,99,27,default,depth
sf_276,20,8,892,469,114,29,default,depth
sf_276,20,8,892,462,114,21,default,depth
sf_276,20,8,884,455,106,26,default,depth
sf_276,20,8,795,443,17,1,ils,depth
sf_276,20,8,818,448,40,2,ils,depth
sf_276,20,8,797,443,19,3,ils,depth
sf_276,20,8,788,443,10,4,ils,depth
sf_276,20,8,822,448,44,5,ils,depth
sf_276,20,8,819,448,41,6,ils,depth
sf_276,20,8,856,451,78,7,ils,depth
sf_276,20,8,797,441,19,8,ils,depth
sf_276,20,8,818,448,40,10,ils,depth
sf_276,20,8,788,443,10,11,ils,depth
sf_276,20,8,797,441,19,15,ils,depth
sf_276,20,8,871,455,93,12,ils,depth
sf_276,20,8,822,446,44,16,ils,depth
sf_276,20,8,845,442,67,18,ils,depth
sf_276,20,8,797,443,19,19,ils,depth
sf_276,20,8,845,442,67,20,ils,depth
sf_276,20,8,863,454,85,17,ils,depth
sf_276,20,8,878,453,100,21,ils,depth
sf_276,20,8,820,446,42,9,ils,depth
sf_276,20,8,797,443,19,25,ils,depth
sf_276,20,8,817,446,39,13,ils,depth
sf_276,20,8,793,445,15,24,ils,depth
sf_276,20,8,858,455,80,14,ils,depth
sf_276,20,8,878,455,100,28,ils,depth
sf_276,20,8,788,443,10,26,ils,depth
sf_276,20,8,865,455,87,22,ils,depth
sf_276,20,8,862,456,84,23,ils,depth
sf_276,20,8,856,455,78,27,ils,depth
sf_276,20,8,797,443,19,29,ils,depth
sf_276,20,8,819,446,41,30,ils,depth
rd53_251,20,6,1420,745,129,1,default,depth
rd53_251,20,6,1428,745,137,3,default,depth
rd53_251,20,6,1422,746,131,4,default,depth
rd53_251,20,6,1411,746,120,2,default,depth
rd53_251,20,6,1422,746,131,7,default,depth
rd53_251,20,6,1420,746,129,8,default,depth
rd53_251,20,6,1424,747,133,9,default,depth
rd53_251,20,6,1432,747,141,10,default,depth
rd53_251,20,6,1430,746,139,5,default,depth
rd53_251,20,6,1428,750,137,6,default,depth
rd53_251,20,6,1418,745,127,11,default,depth
rd53_251,20,6,1428,749,137,24,default,depth
rd53_251,20,6,1424,746,133,12,default,depth
rd53_251,20,6,1426,747,135,14,default,depth
rd53_251,20,6,1424,747,133,13,default,depth
rd53_251,20,6,1424,746,133,15,default,depth
rd53_251,20,6,1426,748,135,16,default,depth
rd53_251,20,6,1426,749,135,17,default,depth
rd53_251,20,6,1428,745,137,18,default,depth
rd53_251,20,6,1420,745,129,28,default,depth
rd53_251,20,6,1424,744,133,19,default,depth
rd53_251,20,6,1424,746,133,20,default,depth
rd53_251,20,6,1422,747,131,30,default,depth
rd53_251,20,6,1420,746,129,21,default,depth
rd53_251,20,6,1411,746,120,22,default,depth
rd53_251,20,6,1424,750,133,23,default,depth
rd53_251,20,6,1420,745,129,26,default,depth
rd53_251,20,6,1424,745,133,25,default,depth
rd53_251,20,6,1422,745,131,27,default,depth
rd53_251,20,6,1403,746,112,29,default,depth
rd53_251,20,6,1399,745,108,1,ils,depth
rd53_251,20,6,1429,752,138,2,ils,depth
rd53_251,20,6,1415,749,124,3,ils,depth
rd53_251,20,6,1390,743,99,7,ils,depth
rd53_251,20,6,1406,749,115,4,ils,depth
rd53_251,20,6,1434,742,143,8,ils,depth
rd53_251,20,6,1390,741,99,9,ils,depth
rd53_251,20,6,1411,745,120,6,ils,depth
rd53_251,20,6,1458,758,167,12,ils,depth
rd53_251,20,6,1425,752,134,10,ils,depth
rd53_251,20,6,1427,749,136,5,ils,depth
rd53_251,20,6,1464,745,173,11,ils,depth
rd53_251,20,6,1407,744,116,13,ils,depth
rd53_251,20,6,1390,743,99,21,ils,depth
rd53_251,20,6,1421,746,130,23,ils,depth
rd53_251,20,6,1444,753,153,15,ils,depth
rd53_251,20,6,1392,743,101,14,ils,depth
rd53_251,20,6,1417,746,126,16,ils,depth
rd53_251,20,6,1411,749,120,17,ils,depth
rd53_251,20,6,1414,743,123,19,ils,depth
rd53_251,20,6,1397,747,106,27,ils,depth
rd53_251,20,6,1417,746,126,18,ils,depth
rd53_251,20,6,1391,746,100,29,ils,depth
rd53_251,20,6,1409,748,118,20,ils,depth
rd53_251,20,6,1450,749,159,22,ils,depth
rd53_251,20,6,1400,747,109,24,ils,depth
rd53_251,20,6,1389,749,98,26,ils,depth
rd53_251,20,6,1416,745,125,25,ils,depth
rd53_251,20,6,1419,744,128,28,ils,depth
rd53_251,20,6,1409,743,118,30,ils,depth
sqrt8_260,20,21,3450,1745,441,2,default,depth
sqrt8_260,20,21,3498,1758,489,1,default,depth
sqrt8_260,20,21,3560,1780,551,4,default,depth
sqrt8_260,20,21,3501,1761,492,3,default,depth
sqrt8_260,20,21,3465,1740,456,9,default,depth
sqrt8_260,20,21,3459,1752,450,5,default,depth
sqrt8_260,20,21,3493,1762,484,7,default,depth
sqrt8_260,20,21,3492,1758,483,8,default,depth
sqrt8_260,20,21,3409,1746,400,14,default,depth
sqrt8_260,20,21,3475,1750,466,11,default,depth
sqrt8_260,20,21,3506,1758,497,15,default,depth
sqrt8_260,20,21,3525,1760,516,16,default,depth
sqrt8_260,20,21,3545,1754,536,6,default,depth
sqrt8_260,20,21,3524,1761,515,24,default,depth
sqrt8_260,20,21,3547,1766,538,10,default,depth
sqrt8_260,20,21,3542,1759,533,17,default,depth
sqrt8_260,20,21,3523,1759,514,30,default,depth
sqrt8_260,20,21,3454,1747,445,13,default,depth
sqrt8_260,20,21,3486,1755,477,12,default,depth
sqrt8_260,20,21,3466,1765,457,18,default,depth
sqrt8_260,20,21,3557,1781,548,20,default,depth
sqrt8_260,20,21,3489,1762,480,19,default,depth
sqrt8_260,20,21,3519,1767,510,21,default,depth
sqrt8_260,20,21,3449,1768,440,23,default,depth
sqrt8_260,20,21,3519,1742,510,25,default,depth
sqrt8_260,20,21,3477,1756,468,27,default,depth
sqrt8_260,20,21,3417,1754,408,22,default,depth
sqrt8_260,20,21,3527,1765,518,26,default,depth
sqrt8_260,20,21,3496,1755,487,28,default,depth
sqrt8_260,20,21,3512,1758,503,29,default,depth
sqrt8_260,20,21,3467,1754,458,4,ils,depth
sqrt8_260,20,21,3428,1740,419,2,ils,depth
sqrt8_260,20,21,3436,1754,427,3,ils,depth
sqrt8_260,20,21,3483,1742,474,8,ils,depth
sqrt8_260,20,21,3401,1751,392,10,ils,depth
sqrt8_260,20,21,3479,1750,470,5,ils,depth
sqrt8_260,20,21,3450,1753,441,6,ils,depth
sqrt8_260,20,21,3477,1755,468,7,ils,depth
sqrt8_260,20,21,3509,1742,500,9,ils,depth
sqrt8_260,20,21,3445,1758,436,16,ils,depth
sqrt8_260,20,21,3522,1768,513,1,ils,depth
sqrt8_260,20,21,3428,1742,419,17,ils,depth
sqrt8_260,20,21,3451,1741,442,11,ils,depth
sqrt8_260,20,21,3455,1743,446,12,ils,depth
sqrt8_260,20,21,3422,1751,413,13,ils,depth
sqrt8_260,20,21,3476,1749,467,26,ils,depth
sqrt8_260,20,21,3518,1754,509,22,ils,depth
sqrt8_260,20,21,3438,1732,429,19,ils,depth
sqrt8_260,20,21,3447,1756,438,15,ils,depth
sqrt8_260,20,21,3493,1752,484,14,ils,depth
sqrt8_260,20,21,3462,1758,453,28,ils,depth
sqrt8_260,20,21,3412,1755,403,18,ils,depth
sqrt8_260,20,21,3395,1744,386,20,ils,depth
sqrt8_260,20,21,3409,1752,400,21,ils,depth
sqrt8_260,20,21,3447,1745,438,24,ils,depth
sqrt8_260,20,21,3447,1752,438,23,ils,depth
sqrt8_260,20,21,3473,1739,464,25,ils,depth
sqrt8_260,20,21,3470,1764,461,30,ils,depth
sqrt8_260,20,21,3446,1749,437,29,ils,depth
sqrt8_260,20,21,3432,1752,423,27,ils,depth
misex1_241,20,22,5160,2769,347,9,default,depth
misex1_241,20,22,5125,2764,312,1,default,depth
misex1_241,20,22,5130,2762,317,4,default,depth
misex1_241,20,22,5259,2785,446,5,default,depth
misex1_241,20,22,5186,2758,373,7,default,depth
misex1_241,20,22,5300,2792,487,2,default,depth
misex1_241,20,22,5159,2768,346,3,default,depth
misex1_241,20,22,5237,2772,424,15,default,depth
misex1_241,20,22,5301,2777,488,10,default,depth
misex1_241,20,22,5295,2793,482,6,default,depth
misex1_241,20,22,5318,2796,505,8,default,depth
misex1_241,20,22,5152,2754,339,11,default,depth
misex1_241,20,22,5336,2769,523,14,default,depth
misex1_241,20,22,5199,2763,386,20,default,depth
misex1_241,20,22,5256,2791,443,19,default,depth
misex1_241,20,22,5130,2763,317,22,default,depth
misex1_241,20,22,5225,2775,412,26,default,depth
misex1_241,20,22,5244,2778,431,28,default,depth
misex1_241,20,22,5239,2758,426,29,default,depth
misex1_241,20,22,5290,2793,477,12,default,depth
misex1_241,20,22,5168,2767,355,13,default,depth
misex1_241,20,22,5096,2744,283,16,default,depth
misex1_241,20,22,5297,2789,484,17,default,depth
misex1_241,20,22,5238,2801,425,18,default,depth
misex1_241,20,22,5225,2780,412,21,default,depth
misex1_241,20,22,5234,2799,421,24,default,depth
misex1_241,20,22,5395,2775,582,23,default,depth
misex1_241,20,22,5213,2768,400,25,default,depth
misex1_241,20,22,5294,2801,481,27,default,depth
misex1_241,20,22,5181,2760,368,30,default,depth
misex1_241,20,22,5238,2776,425,6,ils,depth
misex1_241,20,22,5211,2794,398,1,ils,depth
misex1_241,20,22,5268,2792,455,2,ils,depth
misex1_241,20,22,5244,2760,431,3,ils,depth
misex1_241,20,22,5278,2781,465,5,ils,depth
misex1_241,20,22,5197,2788,384,7,ils,depth
misex1_241,20,22,5312,2799,499,12,ils,depth
misex1_241,20,22,5219,2787,406,13,ils,depth
misex1_241,20,22,5257,2784,444,9,ils,depth
misex1_241,20,22,5267,2769,454,8,ils,depth
misex1_241,20,22,5289,2796,476,10,ils,depth
misex1_241,20,22,5304,2801,491,11,ils,depth
misex1_241,20,22,5206,2782,393,15,ils,depth
misex1_241,20,22,5269,2804,456,16,ils,depth
misex1_241,20,22,5217,2784,404,17,ils,depth
misex1_241,20,22,5197,2766,384,4,ils,depth
misex1_241,20,22,5257,2795,444,23,ils,depth
misex1_241,20,22,5219,2793,406,26,ils,depth
misex1_241,20,22,5233,2794,420,25,ils,depth
misex1_241,20,22,5264,2775,451,14,ils,depth
misex1_241,20,22,5267,2788,454,18,ils,depth
misex1_241,20,22,5265,2800,452,21,ils,depth
misex1_241,20,22,5244,2782,431,19,ils,depth
misex1_241,20,22,5169,2773,356,22,ils,depth
misex1_241,20,22,5212,2791,399,20,ils,depth
misex1_241,20,22,5297,2819,484,24,ils,depth
misex1_241,20,22,5232,2802,419,29,ils,depth
misex1_241,20,22,5346,2820,533,28,ils,depth
misex1_241,20,22,5129,2763,316,30,ils,depth
misex1_241,20,22,5310,2791,497,27,ils,depth
cycle10_2_110,20,57,7115,3598,1065,1,default,depth
cycle10_2_110,20,57,7020,3589,970,2,default,depth
cycle10_2_110,20,57,7104,3617,1054,3,default,depth
cycle10_2_110,20,57,7058,3622,1008,5,default,depth
cycle10_2_110,20,57,7162,3598,1112,4,default,depth
cycle10_2_110,20,57,7021,3562,971,6,default,depth
cycle10_2_110,20,57,7128,3591,1078,7,default,depth
cycle10_2_110,20,57,7142,3616,1092,8,default,depth
cycle10_2_110,20,57,7043,3583,993,11,default,depth
cycle10_2_110,20,57,7047,3599,997,19,default,depth
cycle10_2_110,20,57,7150,3597,1100,17,default,depth
cycle10_2_110,20,57,7111,3605,1061,20,default,depth
cycle10_2_110,20,57,7081,3623,1031,26,default,depth
cycle10_2_110,20,57,7004,3581,954,27,default,depth
cycle10_2_110,20,57,7056,3612,1006,16,default,depth
cycle10_2_110,20,57,7150,3607,1100,15,default,depth
cycle10_2_110,20,57,7037,3595,987,18,default,depth
cycle10_2_110,20,57,7100,3579,1050,30,default,depth
cycle10_2_110,20,57,7117,3610,1067,23,default,depth
cycle10_2_110,20,57,7093,3615,1043,10,default,depth
cycle10_2_110,20,57,6995,3596,945,21,default,depth
cycle10_2_110,20,57,7020,3590,970,13,default,depth
cycle10_2_110,20,57,7114,3592,1064,12,default,depth
cycle10_2_110,20,57,7043,3599,993,14,default,depth
cycle10_2_110,20,57,7095,3586,1045,9,default,depth
cycle10_2_110,20,57,7141,3622,1091,22,default,depth
cycle10_2_110,20,57,7014,3602,964,25,default,depth
cycle10_2_110,20,57,7032,3606,982,24,default,depth
cycle10_2_110,20,57,7122,3597,1072,29,default,depth
cycle10_2_110,20,57,7088,3592,1038,28,default,depth
cycle10_2_110,20,57,6888,3576,838,1,ils,depth
cycle10_2_110,20,57,7070,3602,1020,2,ils,depth
cycle10_2_110,20,57,7047,3589,997,3,ils,depth
cycle10_2_110,20,57,7052,3568,1002,10,ils,depth
cycle10_2_110,20,57,6904,3575,854,4,ils,depth
cycle10_2_110,20,57,6942,3594,892,12,ils,depth
cycle10_2_110,20,57,6946,3544,896,5,ils,depth
cycle10_2_110,20,57,6938,3593,888,6,ils,depth
cycle10_2_110,20,57,7039,3570,989,7,ils,depth
cycle10_2_110,20,57,6983,3582,933,8,ils,depth
cycle10_2_110,20,57,6844,3575,794,11,ils,depth
cycle10_2_110,20,57,6955,3581,905,15,ils,depth
cycle10_2_110,20,57,6953,3547,903,18,ils,depth
cycle10_2_110,20,57,6945,3572,895,19,ils,depth
cycle10_2_110,20,57,6895,3583,845,20,ils,depth
cycle10_2_110,20,57,7049,3589,999,21,ils,depth
cycle10_2_110,20,57,6987,3592,937,29,ils,depth
cycle10_2_110,20,57,6932,3564,882,24,ils,depth
cycle10_2_110,20,57,6988,3561,938,28,ils,depth
cycle10_2_110,20,57,7027,3587,977,9,ils,depth
cycle10_2_110,20,57,7042,3591,992,26,ils,depth
cycle10_2_110,20,57,6867,3558,817,14,ils,depth
cycle10_2_110,20,57,6948,3580,898,13,ils,depth
cycle10_2_110,20,57,6958,3582,908,17,ils,depth
cycle10_2_110,20,57,6945,3592,895,16,ils,depth
cycle10_2_110,20,57,6968,3588,918,30,ils,depth
cycle10_2_110,20,57,7054,3600,1004,23,ils,depth
cycle10_2_110,20,57,6880,3573,830,25,ils,depth
cycle10_2_110,20,57,6955,3589,905,22,ils,depth
cycle10_2_110,20,57,7011,3580,961,27,ils,depth
square_root_7,20,52,8581,4019,951,2,default,depth
square_root_7,20,52,8416,3990,786,7,default,depth
square_root_7,20,52,8557,4046,927,3,default,depth
square_root_7,20,52,8569,4034,939,4,default,depth
square_root_7,20,52,8559,4032,929,1,default,depth
square_root_7,20,52,8583,4029,953,6,default,depth
square_root_7,20,52,8654,4040,1024,5,default,depth
square_root_7,20,52,8582,4030,952,8,default,depth
square_root_7,20,52,8534,4032,904,12,default,depth
square_root_7,20,52,8494,4033,864,13,default,depth
square_root_7,20,52,8535,4030,905,9,default,depth
square_root_7,20,52,8575,4020,945,10,default,depth
square_root_7,20,52,8616,4050,986,11,default,depth
square_root_7,20,52,8592,4024,962,29,default,depth
square_root_7,20,52,8613,4046,983,22,default,depth
square_root_7,20,52,8546,4032,916,14,default,depth
square_root_7,20,52,8493,4013,863,15,default,depth
square_root_7,20,52,8579,4011,949,16,default,depth
square_root_7,20,52,8465,3998,835,18,default,depth
square_root_7,20,52,8535,4028,905,17,default,depth
square_root_7,20,52,8583,4051,953,19,default,depth
square_root_7,20,52,8503,4029,873,24,default,depth
square_root_7,20,52,8579,4022,949,20,default,depth
square_root_7,20,52,8683,4054,1053,21,default,depth
square_root_7,20,52,8563,4029,933,23,default,depth
square_root_7,20,52,8580,4045,950,26,default,depth
square_root_7,20,52,8613,4055,983,25,default,depth
square_root_7,20,52,8522,4017,892,27,default,depth
square_root_7,20,52,8577,4010,947,28,default,depth
square_root_7,20,52,8535,4039,905,30,default,depth
square_root_7,20,52,8511,4009,881,1,ils,depth
square_root_7,20,52,8536,4016,906,10,ils,depth
square_root_7,20,52,8469,4025,839,2,ils,depth
square_root_7,20,52,8593,4029,963,14,ils,depth
square_root_7,20,52,8589,4030,959,5,ils,depth
square_root_7,20,52,8552,4047,922,4,ils,depth
square_root_7,20,52,8510,4008,880,3,ils,depth
square_root_7,20,52,8469,4022,839,6,ils,depth
square_root_7,20,52,8559,4030,929,27,ils,depth
square_root_7,20,52,8508,4033,878,21,ils,depth
square_root_7,20,52,8628,4046,998,24,ils,depth
square_root_7,20,52,8551,4049,921,23,ils,depth
square_root_7,20,52,8517,4025,887,28,ils,depth
square_root_7,20,52,8514,4041,884,7,ils,depth
square_root_7,20,52,8553,4054,923,8,ils,depth
square_root_7,20,52,8560,4004,930,29,ils,depth
square_root_7,20,52,8543,4025,913,9,ils,depth
square_root_7,20,52,8495,4030,865,11,ils,depth
square_root_7,20,52,8644,4046,1014,13,ils,depth
square_root_7,20,52,8518,4040,888,12,ils,depth
square_root_7,20,52,8435,3995,805,15,ils,depth
square_root_7,20,52,8452,4002,822,16,ils,depth
square_root_7,20,52,8531,4002,901,17,ils,depth
square_root_7,20,52,8596,4010,966,18,ils,depth
square_root_7,20,52,8493,4032,863,19,ils,depth
square_root_7,20,52,8444,4011,814,20,ils,depth
square_root_7,20,52,8593,4034,963,22,ils,depth
square_root_7,20,52,8493,4013,863,25,ils,depth
square_root_7,20,52,8516,4005,886,26,ils,depth
square_root_7,20,52,8568,4049,938,30,ils,depth
sqn_258,20,85,11710,5785,1487,7,default,depth
sqn_258,20,85,11748,5821,1525,8,default,depth
sqn_258,20,85,11762,5814,1539,9,default,depth
sqn_258,20,85,11573,5755,1350,5,default,depth
sqn_258,20,85,11738,5819,1515,6,default,depth
sqn_258,20,85,11750,5797,1527,4,default,depth
sqn_258,20,85,11690,5808,1467,1,default,depth
sqn_258,20,85,11966,5790,1743,3,default,depth
sqn_258,20,85,11691,5799,1468,13,default,depth
sqn_258,20,85,11734,5817,1511,15,default,depth
sqn_258,20,85,11756,5816,1533,10,default,depth
sqn_258,20,85,11831,5790,1608,11,default,depth
sqn_258,20,85,11787,5800,1564,2,default,depth
sqn_258,20,85,11708,5793,1485,20,default,depth
sqn_258,20,85,11796,5785,1573,27,default,depth
sqn_258,20,85,11662,5814,1439,22,default,depth
sqn_258,20,85,11687,5781,1464,23,default,depth
sqn_258,20,85,11733,5785,1510,12,default,depth
sqn_258,20,85,11616,5788,1393,16,default,depth
sqn_258,20,85,11766,5781,1543,29,default,depth
sqn_258,20,85,11808,5820,1585,14,default,depth
sqn_258,20,85,11602,5789,1379,18,default,depth
sqn_258,20,85,11812,5785,1589,17,default,depth
sqn_258,20,85,11813,5819,1590,19,default,depth
sqn_258,20,85,11694,5783,1471,24,default,depth
sqn_258,20,85,11796,5785,1573,21,default,depth
sqn_258,20,85,11732,5822,1509,25,default,depth
sqn_258,20,85,11696,5784,1473,30,default,depth
sqn_258,20,85,11845,5802,1622,28,default,depth
sqn_258,20,85,11774,5823,1551,26,default,depth
sqn_258,20,85,11375,5727,1152,3,ils,depth
sqn_258,20,85,11705,5793,1482,2,ils,depth
sqn_258,20,85,11884,5859,1661,1,ils,depth
sqn_258,20,85,11520,5755,1297,9,ils,depth
sqn_258,20,85,11687,5779,1464,11,ils,depth
sqn_258,20,85,11833,5773,1610,4,ils,depth
sqn_258,20,85,11689,5788,1466,5,ils,depth
sqn_258,20,85,11799,5778,1576,8,ils,depth
sqn_258,20,85,11635,5769,1412,10,ils,depth
sqn_258,20,85,11823,5795,1600,21,ils,depth
sqn_258,20,85,11670,5794,1447,12,ils,depth
sqn_258,20,85,11833,5778,1610,6,ils,depth
sqn_258,20,85,11640,5795,1417,13,ils,depth
sqn_258,20,85,11781,5787,1558,7,ils,depth
sqn_258,20,85,11752,5788,1529,14,ils,depth
sqn_258,20,85,11665,5786,1442,15,ils,depth
sqn_258,20,85,11763,5786,1540,16,ils,depth
sqn_258,20,85,11652,5763,1429,17,ils,depth
sqn_258,20,85,11526,5733,1303,18,ils,depth
sqn_258,20,85,11604,5775,1381,19,ils,depth
sqn_258,20,85,11727,5801,1504,20,ils,depth
sqn_258,20,85,11715,5772,1492,28,ils,depth
sqn_258,20,85,11672,5802,1449,22,ils,depth
sqn_258,20,85,11659,5768,1436,23,ils,depth
sqn_258,20,85,11467,5752,1244,24,ils,depth
sqn_258,20,85,11612,5766,1389,26,ils,depth
sqn_258,20,85,11850,5825,1627,25,ils,depth
sqn_258,20,85,11618,5774,1395,30,ils,depth
sqn_258,20,85,11727,5799,1504,27,ils,depth
sqn_258,20,85,11724,5772,1501,29,ils,depth
root_255,20,110,20027,9535,2868,6,default,depth
root_255,20,110,19939,9479,2780,8,default,depth
root_255,20,110,19825,9467,2666,13,default,depth
root_255,20,110,19655,9461,2496,10,default,depth
root_255,20,110,20071,9511,2912,7,default,depth
root_255,20,110,19828,9469,2669,20,default,depth
root_255,20,110,19789,9510,2630,23,default,depth
root_255,20,110,19737,9485,2578,4,default,depth
root_255,20,110,19958,9526,2799,5,default,depth
root_255,20,110,19803,9492,2644,1,default,depth
root_255,20,110,20041,9568,2882,2,default,depth
root_255,20,110,19961,9482,2802,17,default,depth
root_255,20,110,20044,9547,2885,9,default,depth
root_255,20,110,20032,9552,2873,25,default,depth
root_255,20,110,19892,9502,2733,3,default,depth
root_255,20,110,19847,9500,2688,16,default,depth
root_255,20,110,20047,9570,2888,15,default,depth
root_255,20,110,19785,9466,2626,14,default,depth
root_255,20,110,20132,9514,2973,11,default,depth
root_255,20,110,19820,9486,2661,12,default,depth
root_255,20,110,19901,9512,2742,18,default,depth
root_255,20,110,19917,9520,2758,19,default,depth
root_255,20,110,19938,9493,2779,21,default,depth
root_255,20,110,19916,9538,2757,22,default,depth
root_255,20,110,19995,9519,2836,24,default,depth
root_255,20,110,19930,9514,2771,27,default,depth
root_255,20,110,20004,9533,2845,26,default,depth
root_255,20,110,19652,9453,2493,28,default,depth
root_255,20,110,19908,9500,2749,29,default,depth
root_255,20,110,19825,9496,2666,30,default,depth
root_255,20,110,19989,9439,2830,3,ils,depth
root_255,20,110,19938,9473,2779,8,ils,depth
root_255,20,110,19987,9445,2828,4,ils,depth
root_255,20,110,19715,9435,2556,5,ils,depth
root_255,20,110,19741,9434,2582,1,ils,depth
root_255,20,110,19769,9450,2610,15,ils,depth
root_255,20,110,19816,9419,2657,13,ils,depth
root_255,20,110,19884,9425,2725,10,ils,depth
root_255,20,110,19643,9469,2484,6,ils,depth
root_255,20,110,19437,9394,2278,7,ils,depth
root_255,20,110,19566,9340,2407,16,ils,depth
root_255,20,110,19323,9350,2164,2,ils,depth
root_255,20,110,19568,9425,2409,12,ils,depth
root_255,20,110,19860,9476,2701,9,ils,depth
root_255,20,110,19571,9393,2412,24,ils,depth
root_255,20,110,19581,9375,2422,11,ils,depth
root_255,20,110,19727,9457,2568,14,ils,depth
root_255,20,110,20000,9499,2841,26,ils,depth
root_255,20,110,19634,9404,2475,19,ils,depth
root_255,20,110,19729,9432,2570,17,ils,depth
root_255,20,110,19896,9472,2737,18,ils,depth
root_255,20,110,19649,9426,2490,22,ils,depth
root_255,20,110,19629,9458,2470,23,ils,depth
root_255,20,110,19915,9476,2756,21,ils,depth
root_255,20,110,19724,9437,2565,20,ils,depth
root_255,20,110,19422,9367,2263,27,ils,depth
root_255,20,110,19799,9465,2640,25,ils,depth
root_255,20,110,19601,9411,2442,29,ils,depth
root_255,20,110,19885,9425,2726,28,ils,depth
root_255,20,110,19317,9323,2158,30,ils,depth
urf2_277,20,114,24086,12369,3974,2,default,depth
urf2_277,20,114,24126,12382,4014,3,default,depth
urf2_277,20,114,24112,12424,4000,10,default,depth
urf2_277,20,114,24098,12351,3986,18,default,depth
urf2_277,20,114,24140,12362,4028,19,default,depth
urf2_277,20,114,24151,12374,4039,11,default,depth
urf2_277,20,114,24114,12381,4002,20,default,depth
urf2_277,20,114,24700,12549,4588,4,default,depth
urf2_277,20,114,24126,12345,4014,13,default,depth
urf2_277,20,114,24189,12349,4077,27,default,depth
urf2_277,20,114,24057,12371,3945,5,default,depth
urf2_277,20,114,24591,12538,4479,22,default,depth
urf2_277,20,114,24046,12367,3934,8,default,depth
urf2_277,20,114,23988,12372,3876,21,default,depth
urf2_277,20,114,24110,12347,3998,25,default,depth
urf2_277,20,114,24581,12543,4469,23,default,depth
urf2_277,20,114,24042,12379,3930,28,default,depth
urf2_277,20,114,24099,12347,3987,9,default,depth
urf2_277,20,114,24154,12373,4042,14,default,depth
urf2_277,20,114,24163,12370,4051,1,default,depth
urf2_277,20,114,24058,12361,3946,30,default,depth
urf2_277,20,114,24062,12386,3950,29,default,depth
urf2_277,20,114,24016,12351,3904,6,default,depth
urf2_277,20,114,24075,12365,3963,12,default,depth
urf2_277,20,114,24063,12407,3951,16,default,depth
urf2_277,20,114,24100,12369,3988,17,default,depth
urf2_277,20,114,24116,12392,4004,15,default,depth
urf2_277,20,114,24079,12360,3967,7,default,depth
urf2_277,20,114,24092,12412,3980,26,default,depth
urf2_277,20,114,24139,12386,4027,24,default,depth
urf2_277,20,114,24021,12357,3909,13,ils,depth
urf2_277,20,114,24129,12356,4017,14,ils,depth
urf2_277,20,114,24044,12377,3932,6,ils,depth
urf2_277,20,114,24031,12370,3919,1,ils,depth
urf2_277,20,114,23943,12364,3831,5,ils,depth
urf2_277,20,114,24024,12365,3912,16,ils,depth
urf2_277,20,114,24006,12371,3894,3,ils,depth
urf2_277,20,114,24069,12404,3957,2,ils,depth
urf2_277,20,114,24113,12387,4001,20,ils,depth
urf2_277,20,114,24043,12367,3931,23,ils,depth
urf2_277,20,114,23988,12383,3876,27,ils,depth
urf2_277,20,114,24020,12340,3908,4,ils,depth
urf2_277,20,114,24134,12375,4022,29,ils,depth
urf2_277,20,114,24217,12422,4105,7,ils,depth
urf2_277,20,114,24003,12400,3891,9,ils,depth
urf2_277,20,114,24156,12392,4044,8,ils,depth
urf2_277,20,114,23966,12358,3854,10,ils,depth
urf2_277,20,114,24144,12379,4032,12,ils,depth
urf2_277,20,114,24078,12364,3966,11,ils,depth
urf2_277,20,114,24152,12384,4040,17,ils,depth
urf2_277,20,114,24044,12372,3932,15,ils,depth
urf2_277,20,114,23942,12350,3830,18,ils,depth
urf2_277,20,114,24038,12379,3926,25,ils,depth
urf2_277,20,114,24056,12363,3944,19,ils,depth
urf2_277,20,114,24097,12402,3985,24,ils,depth
urf2_277,20,114,24023,12374,3911,22,ils,depth
urf2_277,20,114,24114,12380,4002,21,ils,depth
urf2_277,20,114,24107,12390,3995,26,ils,depth
urf2_277,20,114,23994,12359,3882,28,ils,depth
urf2_277,20,114,24011,12362,3899,30,ils,depth
clip_206,20,400,39517,19275,5690,2,default,depth
clip_206,20,400,39608,19236,5781,3,default,depth
clip_206,20,400,39749,19269,5922,11,default,depth
clip_206,20,400,39545,19174,5718,1,default,depth
clip_206,20,400,39516,19201,5689,7,default,depth
clip_206,20,400,39498,19207,5671,4,default,depth
clip_206,20,400,39734,19351,5907,23,default,depth
clip_206,20,400,39306,19242,5479,8,default,depth
clip_206,20,400,39251,19215,5424,22,default,depth
clip_206,20,400,39438,19227,5611,17,default,depth
clip_206,20,400,39596,19335,5769,19,default,depth
clip_206,20,400,39804,19273,5977,21,default,depth
clip_206,20,400,39689,19247,5862,12,default,depth
clip_206,20,400,39628,19321,5801,26,default,depth
clip_206,20,400,39239,19118,5412,16,default,depth
clip_206,20,400,39417,19220,5590,10,default,depth
clip_206,20,400,39613,19202,5786,18,default,depth
clip_206,20,400,39177,19212,5350,13,default,depth
clip_206,20,400,39657,19268,5830,9,default,depth
clip_206,20,400,39547,19171,5720,30,default,depth
clip_206,20,400,39754,19279,5927,5,default,depth
clip_206,20,400,39728,19272,5901,6,default,depth
clip_206,20,400,39597,19211,5770,14,default,depth
clip_206,20,400,39907,19323,6080,24,default,depth
clip_206,20,400,39541,19203,5714,25,default,depth
clip_206,20,400,39752,19334,5925,29,default,depth
clip_206,20,400,39670,19283,5843,15,default,depth
clip_206,20,400,39533,19240,5706,28,default,depth
clip_206,20,400,39585,19271,5758,20,default,depth
clip_206,20,400,39369,19244,5542,27,default,depth
clip_206,20,400,39372,19244,5545,2,ils,depth
clip_206,20,400,38794,19157,4967,6,ils,depth
clip_206,20,400,39568,19220,5741,8,ils,depth
clip_206,20,400,39578,19244,5751,7,ils,depth
clip_206,20,400,39507,19282,5680,10,ils,depth
clip_206,20,400,39612,19239,5785,1,ils,depth
clip_206,20,400,39460,19161,5633,4,ils,depth
clip_206,20,400,39645,19253,5818,14,ils,depth
clip_206,20,400,39409,19227,5582,27,ils,depth
clip_206,20,400,39495,19185,5668,12,ils,depth
clip_206,20,400,39153,19220,5326,15,ils,depth
clip_206,20,400,39528,19327,5701,17,ils,depth
clip_206,20,400,39532,19252,5705,16,ils,depth
clip_206,20,400,39127,19252,5300,5,ils,depth
clip_206,20,400,39675,19267,5848,13,ils,depth
clip_206,20,400,39622,19240,5795,9,ils,depth
clip_206,20,400,39607,19260,5780,3,ils,depth
clip_206,20,400,39418,19232,5591,29,ils,depth
clip_206,20,400,39540,19211,5713,11,ils,depth
clip_206,20,400,39189,19183,5362,20,ils,depth
clip_206,20,400,39153,19209,5326,18,ils,depth
clip_206,20,400,39554,19220,5727,19,ils,depth
clip_206,20,400,39436,19230,5609,28,ils,depth
clip_206,20,400,39399,19210,5572,21,ils,depth
clip_206,20,400,39335,19169,5508,23,ils,depth
clip_206,20,400,39178,19214,5351,25,ils,depth
clip_206,20,400,39383,19211,5556,22,ils,depth
clip_206,20,400,39514,19205,5687,24,ils,depth
clip_206,20,400,39798,19272,5971,26,ils,depth
clip_206,20,400,39686,19246,5859,30,ils,depth
miller_11,20,1,59,39,9,1,default,swaps
miller_11,20,1,59,39,9,2,default,swaps
miller_11,20,1,59,38,9,4,default,swaps
miller_11,20,1,59,37,9,3,default,swaps
miller_11,20,1,59,37,9,6,default,swaps
miller_11,20,1,59,38,9,5,default,swaps
miller_11,20,1,59,38,9,7,default,swaps
miller_11,20,1,59,38,9,9,default,swaps
miller_11,20,1,59,38,9,10,default,swaps
miller_11,20,1,59,39,9,14,default,swaps
miller_11,20,1,59,40,9,13,default,swaps
miller_11,20,1,59,38,9,8,default,swaps
miller_11,20,1,59,39,9,15,default,swaps
miller_11,20,1,59,40,9,11,default,swaps
miller_11,20,1,59,38,9,18,default,swaps
miller_11,20,1,59,40,9,12,default,swaps
miller_11,20,1,59,39,9,19,default,swaps
miller_11,20,1,59,38,9,16,default,swaps
miller_11,20,1,59,39,9,22,default,swaps
miller_11,20,1,59,37,9,23,default,swaps
miller_11,20,1,59,38,9,17,default,swaps
miller_11,20,1,59,39,9,20,default,swaps
miller_11,20,1,59,40,9,26,default,swaps
miller_11,20,1,59,38,9,24,default,swaps
miller_11,20,1,59,37,9,21,default,swaps
miller_11,20,1,59,39,9,29,default,swaps
miller_11,20,1,59,38,9,25,default,swaps
miller_11,20,1,59,40,9,27,default,swaps
miller_11,20,1,59,38,9,28,default,swaps
miller_11,20,1,59,40,9,30,default,swaps
miller_11,20,1,50,29,0,2,ils,swaps
miller_11,20,1,50,29,0,1,ils,swaps
miller_11,20,1,50,29,0,3,ils,swaps
miller_11,20,1,50,29,0,4,ils,swaps
miller_11,20,1,50,29,0,7,ils,swaps
miller_11,20,1,50,29,0,6,ils,swaps
miller_11,20,1,50,29,0,8,ils,swaps
miller_11,20,1,50,29,0,11,ils,swaps
miller_11,20,1,50,29,0,5,ils,swaps
miller_11,20,1,50,29,0,15,ils,swaps
miller_11,20,1,50,29,0,14,ils,swaps
miller_11,20,1,50,29,0,16,ils,swaps
miller_11,20,1,50,29,0,18,ils,swaps
miller_11,20,1,50,29,0,19,ils,swaps
miller_11,20,1,50,29,0,9,ils,swaps
miller_11,20,1,50,29,0,10,ils,swaps
miller_11,20,1,50,29,0,22,ils,swaps
miller_11,20,1,50,29,0,25,ils,swaps
miller_11,20,1,50,29,0,12,ils,swaps
miller_11,20,1,50,29,0,23,ils,swaps
miller_11,20,1,50,29,0,17,ils,swaps
miller_11,20,1,50,29,0,26,ils,swaps
miller_11,20,1,50,29,0,13,ils,swaps
miller_11,20,1,50,29,0,27,ils,swaps
miller_11,20,1,50,29,0,20,ils,swaps
miller_11,20,1,50,29,0,29,ils,swaps
miller_11,20,1,50,29,0,21,ils,swaps
miller_11,20,1,50,29,0,30,ils,swaps
miller_11,20,1,50,29,0,24,ils,swaps
miller_11,20,1,50,29,0,28,ils,swaps
4gt13_91,20,1,116,72,13,2,default,swaps
4gt13_91,20,1,116,72,13,4,default,swaps
4gt13_91,20,1,116,71,13,5,default,swaps
4gt13_91,20,1,116,71,13,6,default,swaps
4gt13_91,20,1,116,72,13,8,default,swaps
4gt13_91,20,1,116,71,13,1,default,swaps
4gt13_91,20,1,116,71,13,3,default,swaps
4gt13_91,20,1,116,71,13,11,default,swaps
4gt13_91,20,1,116,71,13,13,default,swaps
4gt13_91,20,1,116,70,13,7,default,swaps
4gt13_91,20,1,116,72,13,16,default,swaps
4gt13_91,20,1,116,71,13,17,default,swaps
4gt13_91,20,1,116,71,13,9,default,swaps
4gt13_91,20,1,116,71,13,18,default,swaps
4gt13_91,20,1,116,72,13,19,default,swaps
4gt13_91,20,1,116,71,13,10,default,swaps
4gt13_91,20,1,116,72,13,20,default,swaps
4gt13_91,20,1,116,71,13,12,default,swaps
4gt13_91,20,1,116,71,13,14,default,swaps
4gt13_91,20,1,116,71,13,15,default,swaps
4gt13_91,20,1,116,71,13,23,default,swaps
4gt13_91,20,1,116,70,13,25,default,swaps
4gt13_91,20,1,116,71,13,26,default,swaps
4gt13_91,20,1,116,72,13,21,default,swaps
4gt13_91,20,1,116,71,13,28,default,swaps
4gt13_91,20,1,116,71,13,22,default,swaps
4gt13_91,20,1,116,71,13,29,default,swaps
4gt13_91,20,1,116,71,13,30,default,swaps
4gt13_91,20,1,116,72,13,24,default,swaps
4gt13_91,20,1,116,71,13,27,default,swaps
4gt13_91,20,1,111,67,8,2,ils,swaps
4gt13_91,20,1,111,68,8,1,ils,swaps
4gt13_91,20,1,111,67,8,3,ils,swaps
4gt13_91,20,1,111,67,8,4,ils,swaps
4gt13_91,20,1,111,67,8,5,ils,swaps
4gt13_91,20,1,111,67,8,6,ils,swaps
4gt13_91,20,1,111,67,8,7,ils,swaps
4gt13_91,20,1,111,68,8,8,ils,swaps
4gt13_91,20,1,111,67,8,9,ils,swaps
4gt13_91,20,1,111,68,8,10,ils,swaps
4gt13_91,20,1,111,68,8,12,ils,swaps
4gt13_91,20,1,111,67,8,14,ils,swaps
4gt13_91,20,1,111,68,8,13,ils,swaps
4gt13_91,20,1,111,68,8,15,ils,swaps
4gt13_91,20,1,111,67,8,16,ils,swaps
4gt13_91,20,1,111,68,8,17,ils,swaps
4gt13_91,20,1,111,68,8,18,ils,swaps
4gt13_91,20,1,111,68,8,11,ils,swaps
4gt13_91,20,1,111,67,8,21,ils,swaps
4gt13_91,20,1,111,69,8,19,ils,swaps
4gt13_91,20,1,111,68,8,20,ils,swaps
4gt13_91,20,1,111,68,8,27,ils,swaps
4gt13_91,20,1,111,69,8,22,ils,swaps
4gt13_91,20,1,111,67,8,23,ils,swaps
4gt13_91,20,1,111,69,8,28,ils,swaps
4gt13_91,20,1,111,68,8,24,ils,swaps
4gt13_91,20,1,111,69,8,30,ils,swaps
4gt13_91,20,1,111,68,8,25,ils,swaps
4gt13_91,20,1,111,68,8,26,ils,swaps
4gt13_91,20,1,111,68,8,29,ils,swaps
0410184_169,20,2,244,133,33,1,default,swaps
0410184_169,20,2,242,130,31,2,default,swaps
0410184_169,20,2,238,130,27,3,default,swaps
0410184_169,20,2,240,133,29,5,default,swaps
0410184_169,20,2,240,131,29,7,default,swaps
0410184_169,20,2,240,122,29,8,default,swaps
0410184_169,20,2,244,133,33,10,default,swaps
0410184_169,20,2,243,131,32,9,default,swaps
0410184_169,20,2,237,121,26,4,default,swaps
0410184_169,20,2,244,132,33,12,default,swaps
0410184_169,20,2,241,136,30,13,default,swaps
0410184_169,20,2,242,134,31,14,default,swaps
0410184_169,20,2,241,126,30,15,default,swaps
0410184_169,20,2,242,129,31,6,default,swaps
0410184_169,20,2,241,128,30,16,default,swaps
0410184_169,20,2,241,127,30,18,default,swaps
0410184_169,20,2,243,129,32,19,default,swaps
0410184_169,20,2,242,125,31,20,default,swaps
0410184_169,20,2,244,131,33,21,default,swaps
0410184_169,20,2,242,129,31,11,default,swaps
0410184_169,20,2,242,129,31,22,default,swaps
0410184_169,20,2,240,122,29,23,default,swaps
0410184_169,20,2,242,132,31,24,default,swaps
0410184_169,20,2,239,124,28,17,default,swaps
0410184_169,20,2,239,122,28,25,default,swaps
0410184_169,20,2,241,130,30,30,default,swaps
0410184_169,20,2,244,139,33,26,default,swaps
0410184_169,20,2,238,131,27,27,default,swaps
0410184_169,20,2,242,132,31,28,default,swaps
0410184_169,20,2,238,125,27,29,default,swaps
0410184_169,20,2,218,111,7,2,ils,swaps
0410184_169,20,2,214,106,3,1,ils,swaps
0410184_169,20,2,220,110,9,3,ils,swaps
0410184_169,20,2,219,112,8,6,ils,swaps
0410184_169,20,2,218,110,7,5,ils,swaps
0410184_169,20,2,214,106,3,4,ils,swaps
0410184_169,20,2,214,106,3,7,ils,swaps
0410184_169,20,2,214,106,3,9,ils,swaps
0410184_169,20,2,220,110,9,8,ils,swaps
0410184_169,20,2,222,111,11,10,ils,swaps
0410184_169,20,2,219,111,8,12,ils,swaps
0410184_169,20,2,219,112,8,13,ils,swaps
0410184_169,20,2,219,112,8,15,ils,swaps
0410184_169,20,2,218,111,7,11,ils,swaps
0410184_169,20,2,220,113,9,16,ils,swaps
0410184_169,20,2,214,106,3,14,ils,swaps
0410184_169,20,2,220,111,9,17,ils,swaps
0410184_169,20,2,217,112,6,19,ils,swaps
0410184_169,20,2,218,110,7,18,ils,swaps
0410184_169,20,2,218,108,7,26,ils,swaps
0410184_169,20,2,214,106,3,20,ils,swaps
0410184_169,20,2,219,111,8,21,ils,swaps
0410184_169,20,2,218,112,7,22,ils,swaps
0410184_169,20,2,214,106,3,23,ils,swaps
0410184_169,20,2,214,106,3,24,ils,swaps
0410184_169,20,2,214,106,3,30,ils,swaps
0410184_169,20,2,222,113,11,25,ils,swaps
0410184_169,20,2,218,111,7,27,ils,swaps
0410184_169,20,2,219,110,8,29,ils,swaps
0410184_169,20,2,218,110,7,28,ils,swaps
ex3_229,20,2,427,243,24,1,default,swaps
ex3_229,20,2,436,249,33,2,default,swaps
ex3_229,20,2,429,244,26,5,default,swaps
ex3_229,20,2,427,245,24,4,default,swaps
ex3_229,20,2,434,243,31,7,default,swaps
ex3_229,20,2,439,251,36,9,default,swaps
ex3_229,20,2,428,248,25,10,default,swaps
ex3_229,20,2,429,244,26,11,default,swaps
ex3_229,20,2,435,241,32,3,default,swaps
ex3_229,20,2,434,247,31,12,default,swaps
ex3_229,20,2,426,244,23,6,default,swaps
ex3_229,20,2,428,243,25,14,default,swaps
ex3_229,20,2,432,246,29,8,default,swaps
ex3_229,20,2,430,245,27,17,default,swaps
ex3_229,20,2,428,247,25,20,default,swaps
ex3_229,20,2,439,249,36,21,default,swaps
ex3_229,20,2,432,245,29,13,default,swaps
ex3_229,20,2,434,243,31,15,default,swaps
ex3_229,20,2,441,249,38,23,default,swaps
ex3_229,20,2,429,247,26,25,default,swaps
ex3_229,20,2,427,244,24,24,default,swaps
ex3_229,20,2,434,247,31,26,default,swaps
ex3_229,20,2,428,245,25,16,default,swaps
ex3_229,20,2,427,242,24,18,default,swaps
ex3_229,20,2,428,244,25,19,default,swaps
ex3_229,20,2,429,250,26,29,default,swaps
ex3_229,20,2,431,240,28,22,default,swaps
ex3_229,20,2,440,252,37,30,default,swaps
ex3_229,20,2,429,250,26,27,default,swaps
ex3_229,20,2,427,244,24,28,default,swaps
ex3_229,20,2,410,232,7,3,ils,swaps
ex3_229,20,2,410,232,7,1,ils,swaps
ex3_229,20,2,410,233,7,2,ils,swaps
ex3_229,20,2,410,233,7,5,ils,swaps
ex3_229,20,2,410,233,7,4,ils,swaps
ex3_229,20,2,410,232,7,6,ils,swaps
ex3_229,20,2,410,233,7,7,ils,swaps
ex3_229,20,2,410,232,7,8,ils,swaps
ex3_229,20,2,410,232,7,9,ils,swaps
ex3_229,20,2,410,233,7,10,ils,swaps
ex3_229,20,2,410,232,7,13,ils,swaps
ex3_229,20,2,410,232,7,14,ils,swaps
ex3_229,20,2,410,232,7,16,ils,swaps
ex3_229,20,2,410,232,7,11,ils,swaps
ex3_229,20,2,410,233,7,18,ils,swaps
ex3_229,20,2,410,232,7,12,ils,swaps
ex3_229,20,2,410,231,7,23,ils,swaps
ex3_229,20,2,410,233,7,21,ils,swaps
ex3_229,20,2,410,230,7,22,ils,swaps
ex3_229,20,2,410,232,7,24,ils,swaps
ex3_229,20,2,410,233,7,15,ils,swaps
ex3_229,20,2,410,232,7,17,ils,swaps
ex3_229,20,2,410,232,7,26,ils,swaps
ex3_229,20,2,410,232,7,27,ils,swaps
ex3_229,20,2,410,232,7,19,ils,swaps
ex3_229,20,2,410,232,7,30,ils,swaps
ex3_229,20,2,410,232,7,20,ils,swaps
ex3_229,20,2,410,232,7,25,ils,swaps
ex3_229,20,2,410,232,7,28,ils,swaps
ex3_229,20,2,410,230,7,29,ils,swaps
rd53_131,20,3,507,290,38,2,default,swaps
rd53_131,20,3,525,300,56,1,default,swaps
rd53_131,20,3,498,278,29,3,default,swaps
rd53_131,20,3,524,297,55,4,default,swaps
rd53_131,20,3,512,298,43,7,default,swaps
rd53_131,20,3,509,293,40,5,default,swaps
rd53_131,20,3,504,285,35,8,default,swaps
rd53_131,20,3,514,298,45,9,default,swaps
rd53_131,20,3,513,295,44,6,default,swaps
rd53_131,20,3,525,307,56,10,default,swaps
rd53_131,20,3,526,303,57,11,default,swaps
rd53_131,20,3,512,292,43,13,default,swaps
rd53_131,20,3,524,303,55,14,default,swaps
rd53_131,20,3,510,291,41,15,default,swaps
rd53_131,20,3,514,297,45,17,default,swaps
rd53_131,20,3,515,299,46,20,default,swaps
rd53_131,20,3,524,308,55,21,default,swaps
rd53_131,20,3,507,284,38,19,default,swaps
rd53_131,20,3,510,292,41,12,default,swaps
rd53_131,20,3,512,294,43,23,default,swaps
rd53_131,20,3,522,294,53,16,default,swaps
rd53_131,20,3,513,298,44,24,default,swaps
rd53_131,20,3,506,281,37,27,default,swaps
rd53_131,20,3,506,281,37,18,default,swaps
rd53_131,20,3,504,288,35,22,default,swaps
rd53_131,20,3,517,301,48,28,default,swaps
rd53_131,20,3,514,291,45,26,default,swaps
rd53_131,20,3,521,305,52,29,default,swaps
rd53_131,20,3,515,292,46,30,default,swaps
rd53_131,20,3,513,295,44,25,default,swaps
rd53_131,20,3,485,275,16,2,ils,swaps
rd53_131,20,3,484,271,15,3,ils,swaps
rd53_131,20,3,484,272,15,4,ils,swaps
rd53_131,20,3,484,274,15,7,ils,swaps
rd53_131,20,3,484,271,15,6,ils,swaps
rd53_131,20,3,484,273,15,5,ils,swaps
rd53_131,20,3,485,271,16,8,ils,swaps
rd53_131,20,3,485,271,16,9,ils,swaps
rd53_131,20,3,484,275,15,11,ils,swaps
rd53_131,20,3,484,273,15,1,ils,swaps
rd53_131,20,3,484,273,15,13,ils,swaps
rd53_131,20,3,484,271,15,16,ils,swaps
rd53_131,20,3,484,271,15,10,ils,swaps
rd53_131,20,3,484,271,15,12,ils,swaps
rd53_131,20,3,484,272,15,14,ils,swaps
rd53_131,20,3,484,271,15,22,ils,swaps
rd53_131,20,3,484,274,15,15,ils,swaps
rd53_131,20,3,484,274,15,25,ils,swaps
rd53_131,20,3,484,273,15,17,ils,swaps
rd53_131,20,3,484,275,15,26,ils,swaps
rd53_131,20,3,484,271,15,27,ils,swaps
rd53_131,20,3,484,273,15,18,ils,swaps
rd53_131,20,3,484,272,15,19,ils,swaps
rd53_131,20,3,484,273,15,20,ils,swaps
rd53_131,20,3,484,272,15,21,ils,swaps
rd53_131,20,3,484,271,15,29,ils,swaps
rd53_131,20,3,484,274,15,30,ils,swaps
rd53_131,20,3,484,275,15,23,ils,swaps
rd53_131,20,3,484,273,15,24,ils,swaps
rd53_131,20,3,484,274,15,28,ils,swaps
sf_276,20,5,800,453,22,1,default,swaps
sf_276,20,5,800,453,22,3,default,swaps
sf_276,20,5,800,452,22,2,default,swaps
sf_276,20,5,801,453,23,4,default,swaps
sf_276,20,5,800,455,22,5,default,swaps
sf_276,20,5,800,454,22,6,default,swaps
sf_276,20,5,801,455,23,7,default,swaps
sf_276,20,5,801,454,23,8,default,swaps
sf_276,20,5,800,451,22,10,default,swaps
sf_276,20,5,800,454,22,12,default,swaps
sf_276,20,5,800,453,22,13,default,swaps
sf_276,20,5,801,456,23,14,default,swaps
sf_276,20,5,800,455,22,18,default,swaps
sf_276,20,5,800,453,22,17,default,swaps
sf_276,20,5,800,454,22,19,default,swaps
sf_276,20,5,800,453,22,9,default,swaps
sf_276,20,5,800,449,22,11,default,swaps
sf_276,20,5,800,455,22,24,default,swaps
sf_276,20,5,800,456,22,26,default,swaps
sf_276,20,5,801,454,23,23,default,swaps
sf_276,20,5,800,454,22,25,default,swaps
sf_276,20,5,800,451,22,21,default,swaps
sf_276,20,5,825,467,47,15,default,swaps
sf_276,20,5,801,455,23,28,default,swaps
sf_276,20,5,800,451,22,30,default,swaps
sf_276,20,5,800,450,22,29,default,swaps
sf_276,20,5,800,453,22,20,default,swaps
sf_276,20,5,801,452,23,22,default,swaps
sf_276,20,5,800,451,22,27,default,swaps
sf_276,20,5,800,453,22,16,default,swaps
sf_276,20,5,786,444,8,3,ils,swaps
sf_276,20,5,786,445,8,4,ils,swaps
sf_276,20,5,786,441,8,6,ils,swaps
sf_276,20,5,786,445,8,5,ils,swaps
sf_276,20,5,786,442,8,8,ils,swaps
sf_276,20,5,786,444,8,10,ils,swaps
sf_276,20,5,786,444,8,9,ils,swaps
sf_276,20,5,786,440,8,11,ils,swaps
sf_276,20,5,786,443,8,1,ils,swaps
sf_276,20,5,786,445,8,2,ils,swaps
sf_276,20,5,786,444,8,14,ils,swaps
sf_276,20,5,786,443,8,7,ils,swaps
sf_276,20,5,786,445,8,17,ils,swaps
sf_276,20,5,786,445,8,12,ils,swaps
sf_276,20,5,786,444,8,13,ils,swaps
sf_276,20,5,786,445,8,15,ils,swaps
sf_276,20,5,786,444,8,16,ils,swaps
sf_276,20,5,786,444,8,24,ils,swaps
sf_276,20,5,786,441,8,18,ils,swaps
sf_276,20,5,786,444,8,26,ils,swaps
sf_276,20,5,786,445,8,19,ils,swaps
sf_276,20,5,786,444,8,20,ils,swaps
sf_276,20,5,786,444,8,21,ils,swaps
sf_276,20,5,786,442,8,22,ils,swaps
sf_276,20,5,786,445,8,23,ils,swaps
sf_276,20,5,786,444,8,25,ils,swaps
sf_276,20,5,786,445,8,27,ils,swaps
sf_276,20,5,786,445,8,28,ils,swaps
sf_276,20,5,786,444,8,29,ils,swaps
sf_276,20,5,786,442,8,30,ils,swaps
rd53_251,20,4,1401,793,110,1,default,swaps
rd53_251,20,4,1378,783,87,2,default,swaps
rd53_251,20,4,1361,773,70,3,default,swaps
rd53_251,20,4,1375,788,84,4,default,swaps
rd53_251,20,4,1389,792,98,5,default,swaps
rd53_251,20,4,1380,781,89,9,default,swaps
rd53_251,20,4,1388,789,97,6,default,swaps
rd53_251,20,4,1382,782,91,7,default,swaps
rd53_251,20,4,1380,780,89,8,default,swaps
rd53_251,20,4,1357,760,66,10,default,swaps
rd53_251,20,4,1395,806,104,22,default,swaps
rd53_251,20,4,1375,796,84,11,default,swaps
rd53_251,20,4,1391,797,100,12,default,swaps
rd53_251,20,4,1371,781,80,13,default,swaps
rd53_251,20,4,1361,767,70,14,default,swaps
rd53_251,20,4,1382,779,91,15,default,swaps
rd53_251,20,4,1382,795,91,16,default,swaps
rd53_251,20,4,1391,794,100,17,default,swaps
rd53_251,20,4,1396,799,105,28,default,swaps
rd53_251,20,4,1364,771,73,18,default,swaps
rd53_251,20,4,1377,777,86,19,default,swaps
rd53_251,20,4,1383,784,92,20,default,swaps
rd53_251,20,4,1360,767,69,21,default,swaps
rd53_251,20,4,1393,796,102,23,default,swaps
rd53_251,20,4,1400,809,109,27,default,swaps
rd53_251,20,4,1383,794,92,24,default,swaps
rd53_251,20,4,1380,790,89,25,default,swaps
rd53_251,20,4,1392,792,101,26,default,swaps
rd53_251,20,4,1370,772,79,29,default,swaps
rd53_251,20,4,1389,788,98,30,default,swaps
rd53_251,20,4,1379,790,88,4,ils,swaps
rd53_251,20,4,1374,783,83,1,ils,swaps
rd53_251,20,4,1378,781,87,8,ils,swaps
rd53_251,20,4,1375,782,84,2,ils,swaps
rd53_251,20,4,1378,783,87,6,ils,swaps
rd53_251,20,4,1358,761,67,5,ils,swaps
rd53_251,20,4,1380,793,89,9,ils,swaps
rd53_251,20,4,1389,798,98,7,ils,swaps
rd53_251,20,4,1366,772,75,10,ils,swaps
rd53_251,20,4,1392,805,101,3,ils,swaps
rd53_251,20,4,1371,777,80,14,ils,swaps
rd53_251,20,4,1390,812,99,16,ils,swaps
rd53_251,20,4,1375,774,84,22,ils,swaps
rd53_251,20,4,1379,785,88,17,ils,swaps
rd53_251,20,4,1372,782,81,11,ils,swaps
rd53_251,20,4,1380,785,89,13,ils,swaps
rd53_251,20,4,1381,796,90,24,ils,swaps
rd53_251,20,4,1367,770,76,12,ils,swaps
rd53_251,20,4,1383,787,92,15,ils,swaps
rd53_251,20,4,1381,788,90,19,ils,swaps
rd53_251,20,4,1378,787,87,27,ils,swaps
rd53_251,20,4,1371,785,80,18,ils,swaps
rd53_251,20,4,1372,781,81,20,ils,swaps
rd53_251,20,4,1360,763,69,21,ils,swaps
rd53_251,20,4,1386,789,95,23,ils,swaps
rd53_251,20,4,1376,793,85,30,ils,swaps
rd53_251,20,4,1368,777,77,25,ils,swaps
rd53_251,20,4,1379,792,88,28,ils,swaps
rd53_251,20,4,1394,813,103,26,ils,swaps
rd53_251,20,4,1381,792,90,29,ils,swaps
sqrt8_260,20,22,3257,1857,248,3,default,swaps
sqrt8_260,20,22,3291,1886,282,1,default,swaps
sqrt8_260,20,22,3284,1878,275,2,default,swaps
sqrt8_260,20,22,3292,1882,283,4,default,swaps
sqrt8_260,20,22,3279,1870,270,5,default,swaps
sqrt8_260,20,22,3266,1865,257,7,default,swaps
sqrt8_260,20,22,3268,1844,259,8,default,swaps
sqrt8_260,20,22,3251,1825,242,9,default,swaps
sqrt8_260,20,22,3257,1840,248,14,default,swaps
sqrt8_260,20,22,3284,1879,275,16,default,swaps
sqrt8_260,20,22,3263,1862,254,22,default,swaps
sqrt8_260,20,22,3279,1864,270,20,default,swaps
sqrt8_260,20,22,3296,1905,287,24,default,swaps
sqrt8_260,20,22,3265,1859,256,21,default,swaps
sqrt8_260,20,22,3246,1860,237,23,default,swaps
sqrt8_260,20,22,3257,1836,248,10,default,swaps
sqrt8_260,20,22,3269,1852,260,11,default,swaps
sqrt8_260,20,22,3306,1923,297,29,default,swaps
sqrt8_260,20,22,3267,1863,258,12,default,swaps
sqrt8_260,20,22,3280,1881,271,6,default,swaps
sqrt8_260,20,22,3253,1832,244,13,default,swaps
sqrt8_260,20,22,3306,1891,297,27,default,swaps
sqrt8_260,20,22,3263,1837,254,28,default,swaps
sqrt8_260,20,22,3264,1853,255,25,default,swaps
sqrt8_260,20,22,3310,1894,301,15,default,swaps
sqrt8_260,20,22,3245,1843,236,30,default,swaps
sqrt8_260,20,22,3272,1855,263,17,default,swaps
sqrt8_260,20,22,3289,1858,280,18,default,swaps
sqrt8_260,20,22,3268,1852,259,19,default,swaps
sqrt8_260,20,22,3275,1867,266,26,default,swaps
sqrt8_260,20,22,3257,1839,248,6,ils,swaps
sqrt8_260,20,22,3234,1857,225,2,ils,swaps
sqrt8_260,20,22,3200,1817,191,1,ils,swaps
sqrt8_260,20,22,3202,1796,193,4,ils,swaps
sqrt8_260,20,22,3181,1774,172,5,ils,swaps
sqrt8_260,20,22,3238,1839,229,3,ils,swaps
sqrt8_260,20,22,3278,1893,269,10,ils,swaps
sqrt8_260,20,22,3233,1845,224,7,ils,swaps
sqrt8_260,20,22,3214,1836,205,8,ils,swaps
sqrt8_260,20,22,3218,1819,209,13,ils,swaps
sqrt8_260,20,22,3274,1860,265,9,ils,swaps
sqrt8_260,20,22,3239,1850,230,12,ils,swaps
sqrt8_260,20,22,3182,1792,173,14,ils,swaps
sqrt8_260,20,22,3235,1827,226,22,ils,swaps
sqrt8_260,20,22,3220,1823,211,24,ils,swaps
sqrt8_260,20,22,3224,1826,215,16,ils,swaps
sqrt8_260,20,22,3227,1803,218,11,ils,swaps
sqrt8_260,20,22,3224,1824,215,15,ils,swaps
sqrt8_260,20,22,3262,1871,253,18,ils,swaps
sqrt8_260,20,22,3204,1798,195,17,ils,swaps
sqrt8_260,20,22,3216,1807,207,28,ils,swaps
sqrt8_260,20,22,3203,1810,194,19,ils,swaps
sqrt8_260,20,22,3180,1774,171,21,ils,swaps
sqrt8_260,20,22,3253,1836,244,20,ils,swaps
sqrt8_260,20,22,3223,1822,214,23,ils,swaps
sqrt8_260,20,22,3205,1816,196,25,ils,swaps
sqrt8_260,20,22,3244,1842,235,27,ils,swaps
sqrt8_260,20,22,3241,1826,232,26,ils,swaps
sqrt8_260,20,22,3186,1819,177,29,ils,swaps
sqrt8_260,20,22,3244,1856,235,30,ils,swaps
misex1_241,20,18,5025,2827,212,3,default,swaps
misex1_241,20,18,5073,2878,260,4,default,swaps
misex1_241,20,18,5096,2886,283,14,default,swaps
misex1_241,20,18,5035,2834,222,6,default,swaps
misex1_241,20,18,5020,2837,207,5,default,swaps
misex1_241,20,18,5036,2840,223,13,default,swaps
misex1_241,20,18,5038,2841,225,8,default,swaps
misex1_241,20,18,5046,2833,233,7,default,swaps
misex1_241,20,18,5011,2809,198,21,default,swaps
misex1_241,20,18,5051,2851,238,10,default,swaps
misex1_241,20,18,4992,2802,179,9,default,swaps
misex1_241,20,18,5004,2819,191,20,default,swaps
misex1_241,20,18,5054,2840,241,19,default,swaps
misex1_241,20,18,5072,2868,259,23,default,swaps
misex1_241,20,18,5082,2889,269,12,default,swaps
misex1_241,20,18,5070,2864,257,22,default,swaps
misex1_241,20,18,5047,2838,234,1,default,swaps
misex1_241,20,18,5012,2817,199,26,default,swaps
misex1_241,20,18,5069,2852,256,25,default,swaps
misex1_241,20,18,5049,2854,236,30,default,swaps
misex1_241,20,18,5040,2837,227,2,default,swaps
misex1_241,20,18,5086,2904,273,11,default,swaps
misex1_241,20,18,5067,2884,254,15,default,swaps
misex1_241,20,18,5037,2846,224,28,default,swaps
misex1_241,20,18,5054,2880,241,17,default,swaps
misex1_241,20,18,5006,2811,193,16,default,swaps
misex1_241,20,18,5019,2817,206,18,default,swaps
misex1_241,20,18,5062,2863,249,24,default,swaps
misex1_241,20,18,5045,2858,232,27,default,swaps
misex1_241,20,18,5088,2894,275,29,default,swaps
misex1_241,20,18,5044,2858,231,1,ils,swaps
misex1_241,20,18,5069,2869,256,4,ils,swaps
misex1_241,20,18,5106,2897,293,2,ils,swaps
misex1_241,20,18,5060,2874,247,7,ils,swaps
misex1_241,20,18,5086,2881,273,3,ils,swaps
misex1_241,20,18,5118,2906,305,8,ils,swaps
misex1_241,20,18,5064,2867,251,5,ils,swaps
misex1_241,20,18,5009,2809,196,10,ils,swaps
misex1_241,20,18,5043,2856,230,6,ils,swaps
misex1_241,20,18,5000,2812,187,9,ils,swaps
misex1_241,20,18,5024,2809,211,12,ils,swaps
misex1_241,20,18,5056,2872,243,17,ils,swaps
misex1_241,20,18,5048,2843,235,13,ils,swaps
misex1_241,20,18,5043,2847,230,20,ils,swaps
misex1_241,20,18,5025,2838,212,21,ils,swaps
misex1_241,20,18,5032,2835,219,23,ils,swaps
misex1_241,20,18,5028,2834,215,30,ils,swaps
misex1_241,20,18,5052,2854,239,25,ils,swaps
misex1_241,20,18,5043,2835,230,11,ils,swaps
misex1_241,20,18,5048,2860,235,22,ils,swaps
misex1_241,20,18,5026,2831,213,16,ils,swaps
misex1_241,20,18,5006,2805,193,24,ils,swaps
misex1_241,20,18,5064,2877,251,14,ils,swaps
misex1_241,20,18,5054,2864,241,28,ils,swaps
misex1_241,20,18,5003,2803,190,15,ils,swaps
misex1_241,20,18,5057,2870,244,18,ils,swaps
misex1_241,20,18,5071,2878,258,19,ils,swaps
misex1_241,20,18,5031,2835,218,26,ils,swaps
misex1_241,20,18,5114,2905,301,27,ils,swaps
misex1_241,20,18,4998,2809,185,29,ils,swaps
cycle10_2_110,20,60,6543,3744,493,8,default,swaps
cycle10_2_110,20,60,6589,3805,539,1,default,swaps
cycle10_2_110,20,60,6582,3827,532,2,default,swaps
cycle10_2_110,20,60,6609,3828,559,3,default,swaps
cycle10_2_110,20,60,6567,3772,517,10,default,swaps
cycle10_2_110,20,60,6632,3822,582,5,default,swaps
cycle10_2_110,20,60,6599,3854,549,6,default,swaps
cycle10_2_110,20,60,6611,3857,561,14,default,swaps
cycle10_2_110,20,60,6639,3851,589,7,default,swaps
cycle10_2_110,20,60,6624,3823,574,17,default,swaps
cycle10_2_110,20,60,6541,3801,491,18,default,swaps
cycle10_2_110,20,60,6590,3838,540,16,default,swaps
cycle10_2_110,20,60,6535,3774,485,19,default,swaps
cycle10_2_110,20,60,6590,3825,540,20,default,swaps
cycle10_2_110,20,60,6537,3765,487,27,default,swaps
cycle10_2_110,20,60,6542,3774,492,26,default,swaps
cycle10_2_110,20,60,6607,3776,557,28,default,swaps
cycle10_2_110,20,60,6640,3856,590,21,default,swaps
cycle10_2_110,20,60,6564,3773,514,4,default,swaps
cycle10_2_110,20,60,6650,3843,600,24,default,swaps
cycle10_2_110,20,60,6573,3807,523,9,default,swaps
cycle10_2_110,20,60,6608,3823,558,11,default,swaps
cycle10_2_110,20,60,6580,3779,530,12,default,swaps
cycle10_2_110,20,60,6595,3793,545,13,default,swaps
cycle10_2_110,20,60,6592,3813,542,15,default,swaps
cycle10_2_110,20,60,6568,3787,518,30,default,swaps
cycle10_2_110,20,60,6623,3853,573,22,default,swaps
cycle10_2_110,20,60,6683,3887,633,23,default,swaps
cycle10_2_110,20,60,6576,3815,526,25,default,swaps
cycle10_2_110,20,60,6589,3805,539,29,default,swaps
cycle10_2_110,20,60,6475,3750,425,3,ils,swaps
cycle10_2_110,20,60,6473,3719,423,5,ils,swaps
cycle10_2_110,20,60,6515,3780,465,1,ils,swaps
cycle10_2_110,20,60,6550,3779,500,2,ils,swaps
cycle10_2_110,20,60,6461,3693,411,12,ils,swaps
cycle10_2_110,20,60,6464,3691,414,11,ils,swaps
cycle10_2_110,20,60,6544,3786,494,13,ils,swaps
cycle10_2_110,20,60,6507,3777,457,4,ils,swaps
cycle10_2_110,20,60,6570,3801,520,6,ils,swaps
cycle10_2_110,20,60,6436,3724,386,7,ils,swaps
cycle10_2_110,20,60,6443,3712,393,21,ils,swaps
cycle10_2_110,20,60,6450,3685,400,22,ils,swaps
cycle10_2_110,20,60,6519,3732,469,23,ils,swaps
cycle10_2_110,20,60,6522,3778,472,30,ils,swaps
cycle10_2_110,20,60,6469,3712,419,27,ils,swaps
cycle10_2_110,20,60,6510,3757,460,29,ils,swaps
cycle10_2_110,20,60,6556,3793,506,8,ils,swaps
cycle10_2_110,20,60,6490,3772,440,9,ils,swaps
cycle10_2_110,20,60,6466,3715,416,26,ils,swaps
cycle10_2_110,20,60,6520,3741,470,10,ils,swaps
cycle10_2_110,20,60,6548,3793,498,28,ils,swaps
cycle10_2_110,20,60,6519,3746,469,14,ils,swaps
cycle10_2_110,20,60,6441,3678,391,15,ils,swaps
cycle10_2_110,20,60,6484,3727,434,16,ils,swaps
cycle10_2_110,20,60,6536,3750,486,18,ils,swaps
cycle10_2_110,20,60,6498,3752,448,20,ils,swaps
cycle10_2_110,20,60,6545,3734,495,19,ils,swaps
cycle10_2_110,20,60,6525,3756,475,17,ils,swaps
cycle10_2_110,20,60,6452,3688,402,24,ils,swaps
cycle10_2_110,20,60,6550,3763,500,25,ils,swaps
square_root_7,20,47,8075,4178,445,7,default,swaps
square_root_7,20,47,8173,4232,543,1,default,swaps
square_root_7,20,47,8099,4165,469,8,default,swaps
square_root_7,20,47,8176,4286,546,2,default,swaps
square_root_7,20,47,8136,4195,506,3,default,swaps
square_root_7,20,47,8140,4202,510,4,default,swaps
square_root_7,20,47,8096,4205,466,5,default,swaps
square_root_7,20,47,8137,4236,507,11,default,swaps
square_root_7,20,47,8067,4116,437,6,default,swaps
square_root_7,20,47,8103,4189,473,9,default,swaps
square_root_7,20,47,8214,4270,584,17,default,swaps
square_root_7,20,47,8139,4184,509,12,default,swaps
square_root_7,20,47,8118,4191,488,15,default,swaps
square_root_7,20,47,8051,4115,421,16,default,swaps
square_root_7,20,47,8082,4126,452,13,default,swaps
square_root_7,20,47,8143,4213,513,21,default,swaps
square_root_7,20,47,8234,4278,604,22,default,swaps
square_root_7,20,47,8167,4234,537,25,default,swaps
square_root_7,20,47,8156,4220,526,20,default,swaps
square_root_7,20,47,8146,4226,516,19,default,swaps
square_root_7,20,47,8162,4208,532,23,default,swaps
square_root_7,20,47,8039,4084,409,10,default,swaps
square_root_7,20,47,8125,4195,495,26,default,swaps
square_root_7,20,47,8077,4146,447,27,default,swaps
square_root_7,20,47,8099,4167,469,14,default,swaps
square_root_7,20,47,8169,4188,539,18,default,swaps
square_root_7,20,47,8088,4178,458,24,default,swaps
square_root_7,20,47,8139,4209,509,29,default,swaps
square_root_7,20,47,8131,4210,501,28,default,swaps
square_root_7,20,47,8152,4226,522,30,default,swaps
square_root_7,20,47,8046,4131,416,1,ils,swaps
square_root_7,20,47,8135,4188,505,3,ils,swaps
square_root_7,20,47,8042,4086,412,14,ils,swaps
square_root_7,20,47,8028,4101,398,2,ils,swaps
square_root_7,20,47,8076,4153,446,8,ils,swaps
square_root_7,20,47,8030,4128,400,6,ils,swaps
square_root_7,20,47,8091,4130,461,4,ils,swaps
square_root_7,20,47,8080,4171,450,5,ils,swaps
square_root_7,20,47,8063,4126,433,7,ils,swaps
square_root_7,20,47,8157,4204,527,13,ils,swaps
square_root_7,20,47,8101,4183,471,9,ils,swaps
square_root_7,20,47,8065,4098,435,15,ils,swaps
square_root_7,20,47,8021,4125,391,17,ils,swaps
square_root_7,20,47,8047,4122,417,11,ils,swaps
square_root_7,20,47,8145,4196,515,16,ils,swaps
square_root_7,20,47,8069,4148,439,24,ils,swaps
square_root_7,20,47,8097,4169,467,29,ils,swaps
square_root_7,20,47,8020,4103,390,25,ils,swaps
square_root_7,20,47,8097,4166,467,27,ils,swaps
square_root_7,20,47,8056,4143,426,10,ils,swaps
square_root_7,20,47,8098,4185,468,12,ils,swaps
square_root_7,20,47,8100,4153,470,18,ils,swaps
square_root_7,20,47,8147,4155,517,22,ils,swaps
square_root_7,20,47,7983,4061,353,19,ils,swaps
square_root_7,20,47,8128,4197,498,21,ils,swaps
square_root_7,20,47,8165,4255,535,20,ils,swaps
square_root_7,20,47,8135,4203,505,26,ils,swaps
square_root_7,20,47,8141,4198,511,23,ils,swaps
square_root_7,20,47,8036,4160,406,28,ils,swaps
square_root_7,20,47,8082,4184,452,30,ils,swaps
sqn_258,20,100,11025,6151,802,1,default,swaps
sqn_258,20,100,10981,6041,758,9,default,swaps
sqn_258,20,100,11002,6048,779,2,default,swaps
sqn_258,20,100,11060,6201,837,3,default,swaps
sqn_258,20,100,10983,6110,760,4,default,swaps
sqn_258,20,100,11000,6082,777,5,default,swaps
sqn_258,20,100,11073,6107,850,12,default,swaps
sqn_258,20,100,10999,6138,776,6,default,swaps
sqn_258,20,100,10972,6076,749,14,default,swaps
sqn_258,20,100,11060,6181,837,17,default,swaps
sqn_258,20,100,11011,6086,788,24,default,swaps
sqn_258,20,100,11021,6122,798,18,default,swaps
sqn_258,20,100,10999,6131,776,19,default,swaps
sqn_258,20,100,11033,6153,810,16,default,swaps
sqn_258,20,100,11083,6245,860,22,default,swaps
sqn_258,20,100,11040,6166,817,30,default,swaps
sqn_258,20,100,11002,6118,779,23,default,swaps
sqn_258,20,100,10969,6097,746,25,default,swaps
sqn_258,20,100,11020,6101,797,27,default,swaps
sqn_258,20,100,11034,6108,811,28,default,swaps
sqn_258,20,100,10991,6116,768,29,default,swaps
sqn_258,20,100,11154,6253,931,11,default,swaps
sqn_258,20,100,11012,6090,789,13,default,swaps
sqn_258,20,100,11113,6204,890,7,default,swaps
sqn_258,20,100,11116,6249,893,8,default,swaps
sqn_258,20,100,11072,6128,849,10,default,swaps
sqn_258,20,100,10921,6020,698,20,default,swaps
sqn_258,20,100,11001,6120,778,15,default,swaps
sqn_258,20,100,11046,6166,823,21,default,swaps
sqn_258,20,100,11067,6219,844,26,default,swaps
sqn_258,20,100,10917,6034,694,3,ils,swaps
sqn_258,20,100,10913,6016,690,4,ils,swaps
sqn_258,20,100,10982,6101,759,2,ils,swaps
sqn_258,20,100,11014,6146,791,1,ils,swaps
sqn_258,20,100,10904,6032,681,10,ils,swaps
sqn_258,20,100,10953,6083,730,6,ils,swaps
sqn_258,20,100,10854,6008,631,7,ils,swaps
sqn_258,20,100,10944,6057,721,8,ils,swaps
sqn_258,20,100,10880,6027,657,9,ils,swaps
sqn_258,20,100,10915,6073,692,11,ils,swaps
sqn_258,20,100,10904,6050,681,13,ils,swaps
sqn_258,20,100,10804,5893,581,15,ils,swaps
sqn_258,20,100,10971,6107,748,16,ils,swaps
sqn_258,20,100,10973,6159,750,20,ils,swaps
sqn_258,20,100,10900,5953,677,22,ils,swaps
sqn_258,20,100,10896,6013,673,5,ils,swaps
sqn_258,20,100,10923,6043,700,25,ils,swaps
sqn_258,20,100,10935,6034,712,23,ils,swaps
sqn_258,20,100,10832,5984,609,24,ils,swaps
sqn_258,20,100,10866,5993,643,27,ils,swaps
sqn_258,20,100,10986,6141,763,30,ils,swaps
sqn_258,20,100,10985,6101,762,12,ils,swaps
sqn_258,20,100,10946,6108,723,14,ils,swaps
sqn_258,20,100,10832,5951,609,17,ils,swaps
sqn_258,20,100,10755,5902,532,18,ils,swaps
sqn_258,20,100,10958,6044,735,19,ils,swaps
sqn_258,20,100,10879,6018,656,21,ils,swaps
sqn_258,20,100,11003,6125,780,26,ils,swaps
sqn_258,20,100,10789,5924,566,28,ils,swaps
sqn_258,20,100,10862,6022,639,29,ils,swaps
root_255,20,120,18762,10335,1603,3,default,swaps
root_255,20,120,18756,10296,1597,4,default,swaps
root_255,20,120,18705,10267,1546,8,default,swaps
root_255,20,120,18702,10279,1543,6,default,swaps
root_255,20,120,18818,10269,1659,7,default,swaps
root_255,20,120,18787,10314,1628,2,default,swaps
root_255,20,120,18617,10049,1458,5,default,swaps
root_255,20,120,18875,10347,1716,10,default,swaps
root_255,20,120,18840,10306,1681,18,default,swaps
root_255,20,120,18767,10296,1608,11,default,swaps
root_255,20,120,18681,10217,1522,9,default,swaps
root_255,20,120,18653,10179,1494,19,default,swaps
root_255,20,120,18718,10228,1559,12,default,swaps
root_255,20,120,18819,10367,1660,20,default,swaps
root_255,20,120,18819,10271,1660,22,default,swaps
root_255,20,120,18791,10242,1632,1,default,swaps
root_255,20,120,18879,10316,1720,25,default,swaps
root_255,20,120,18781,10324,1622,27,default,swaps
root_255,20,120,18788,10280,1629,26,default,swaps
root_255,20,120,18768,10318,1609,21,default,swaps
root_255,20,120,18684,10195,1525,29,default,swaps
root_255,20,120,18764,10378,1605,13,default,swaps
root_255,20,120,18684,10234,1525,14,default,swaps
root_255,20,120,18795,10311,1636,15,default,swaps
root_255,20,120,18758,10177,1599,16,default,swaps
root_255,20,120,18805,10208,1646,17,default,swaps
root_255,20,120,18792,10166,1633,28,default,swaps
root_255,20,120,18809,10263,1650,23,default,swaps
root_255,20,120,18586,10127,1427,24,default,swaps
root_255,20,120,18834,10272,1675,30,default,swaps
root_255,20,120,18477,9946,1318,9,ils,swaps
root_255,20,120,18478,9979,1319,1,ils,swaps
root_255,20,120,18320,9766,1161,2,ils,swaps
root_255,20,120,18387,10095,1228,12,ils,swaps
root_255,20,120,18408,9988,1249,3,ils,swaps
root_255,20,120,18619,10311,1460,8,ils,swaps
root_255,20,120,18759,10190,1600,14,ils,swaps
root_255,20,120,18575,10109,1416,4,ils,swaps
root_255,20,120,18552,9932,1393,6,ils,swaps
root_255,20,120,18404,9926,1245,5,ils,swaps
root_255,20,120,18312,9765,1153,7,ils,swaps
root_255,20,120,18731,10341,1572,20,ils,swaps
root_255,20,120,18577,10106,1418,10,ils,swaps
root_255,20,120,18363,9799,1204,23,ils,swaps
root_255,20,120,18264,9761,1105,19,ils,swaps
root_255,20,120,18299,9864,1140,24,ils,swaps
root_255,20,120,18319,9778,1160,22,ils,swaps
root_255,20,120,18395,9940,1236,21,ils,swaps
root_255,20,120,18389,9978,1230,11,ils,swaps
root_255,20,120,18615,10072,1456,26,ils,swaps
root_255,20,120,18617,10077,1458,13,ils,swaps
root_255,20,120,18216,9829,1057,15,ils,swaps
root_255,20,120,18716,10275,1557,16,ils,swaps
root_255,20,120,18724,10226,1565,17,ils,swaps
root_255,20,120,18467,10055,1308,18,ils,swaps
root_255,20,120,18407,9829,1248,28,ils,swaps
root_255,20,120,18356,9845,1197,25,ils,swaps
root_255,20,120,18264,9801,1105,27,ils,swaps
root_255,20,120,18576,10052,1417,30,ils,swaps
root_255,20,120,18549,10011,1390,29,ils,swaps
urf2_277,20,400,22557,13493,2445,1,default,swaps
urf2_277,20,400,22622,13463,2510,4,default,swaps
urf2_277,20,400,22839,13642,2727,2,default,swaps
urf2_277,20,400,22714,13467,2602,7,default,swaps
urf2_277,20,400,22503,13446,2391,3,default,swaps
urf2_277,20,400,22744,13532,2632,9,default,swaps
urf2_277,20,400,22701,13488,2589,11,default,swaps
urf2_277,20,400,22584,13480,2472,5,default,swaps
urf2_277,20,400,22357,13404,2245,6,default,swaps
urf2_277,20,400,22729,13510,2617,16,default,swaps
urf2_277,20,400,22583,13464,2471,8,default,swaps
urf2_277,20,400,22565,13446,2453,30,default,swaps
urf2_277,20,400,22597,13463,2485,14,default,swaps
urf2_277,20,400,22643,13458,2531,24,default,swaps
urf2_277,20,400,22692,13481,2580,22,default,swaps
urf2_277,20,400,22742,13541,2630,17,default,swaps
urf2_277,20,400,22736,13510,2624,13,default,swaps
urf2_277,20,400,22820,13589,2708,15,default,swaps
urf2_277,20,400,22690,13456,2578,18,default,swaps
urf2_277,20,400,22660,13484,2548,12,default,swaps
urf2_277,20,400,22468,13478,2356,19,default,swaps
urf2_277,20,400,22712,13510,2600,10,default,swaps
urf2_277,20,400,22680,13462,2568,20,default,swaps
urf2_277,20,400,22723,13513,2611,23,default,swaps
urf2_277,20,400,22690,13469,2578,21,default,swaps
urf2_277,20,400,22717,13531,2605,26,default,swaps
urf2_277,20,400,22669,13453,2557,25,default,swaps
urf2_277,20,400,22684,13427,2572,28,default,swaps
urf2_277,20,400,22600,13550,2488,27,default,swaps
urf2_277,20,400,22678,13440,2566,29,default,swaps
urf2_277,20,400,22497,13432,2385,5,ils,swaps
urf2_277,20,400,22258,13354,2146,9,ils,swaps
urf2_277,20,400,22471,13464,2359,4,ils,swaps
urf2_277,20,400,22616,13479,2504,11,ils,swaps
urf2_277,20,400,22213,13283,2101,3,ils,swaps
urf2_277,20,400,22150,13241,2038,6,ils,swaps
urf2_277,20,400,22400,13461,2288,7,ils,swaps
urf2_277,20,400,22163,13294,2051,10,ils,swaps
urf2_277,20,400,22278,13315,2166,24,ils,swaps
urf2_277,20,400,22524,13435,2412,2,ils,swaps
urf2_277,20,400,22191,13295,2079,15,ils,swaps
urf2_277,20,400,22181,13284,2069,12,ils,swaps
urf2_277,20,400,22200,13277,2088,8,ils,swaps
urf2_277,20,400,22313,13350,2201,13,ils,swaps
urf2_277,20,400,22298,13408,2186,14,ils,swaps
urf2_277,20,400,22203,13310,2091,1,ils,swaps
urf2_277,20,400,22527,13444,2415,26,ils,swaps
urf2_277,20,400,22219,13406,2107,16,ils,swaps
urf2_277,20,400,22342,13409,2230,18,ils,swaps
urf2_277,20,400,22688,13450,2576,17,ils,swaps
urf2_277,20,400,22202,13317,2090,21,ils,swaps
urf2_277,20,400,22290,13340,2178,19,ils,swaps
urf2_277,20,400,22215,13372,2103,22,ils,swaps
urf2_277,20,400,22205,13320,2093,25,ils,swaps
urf2_277,20,400,22516,13449,2404,23,ils,swaps
urf2_277,20,400,22562,13427,2450,28,ils,swaps
urf2_277,20,400,22225,13373,2113,30,ils,swaps
urf2_277,20,400,22218,13361,2106,20,ils,swaps
urf2_277,20,400,22384,13455,2272,29,ils,swaps
urf2_277,20,400,22227,13304,2115,27,ils,swaps
clip_206,20,550,37129,20616,3302,6,default,swaps
clip_206,20,550,36806,20336,2979,11,default,swaps
clip_206,20,550,37188,20672,3361,4,default,swaps
clip_206,20,550,37232,20967,3405,3,default,swaps
clip_206,20,550,37375,21077,3548,2,default,swaps
clip_206,20,550,37110,20807,3283,1,default,swaps
clip_206,20,550,37198,20760,3371,15,default,swaps
clip_206,20,550,37083,20789,3256,18,default,swaps
clip_206,20,550,37190,20820,3363,7,default,swaps
clip_206,20,550,37388,21010,3561,13,default,swaps
clip_206,20,550,37087,20667,3260,9,default,swaps
clip_206,20,550,37019,20716,3192,21,default,swaps
clip_206,20,550,37304,20716,3477,16,default,swaps
clip_206,20,550,37017,20576,3190,23,default,swaps
clip_206,20,550,37016,20719,3189,17,default,swaps
clip_206,20,550,37289,20777,3462,14,default,swaps
clip_206,20,550,37325,20943,3498,27,default,swaps
clip_206,20,550,37220,20655,3393,24,default,swaps
clip_206,20,550,37135,20702,3308,10,default,swaps
clip_206,20,550,37338,20889,3511,22,default,swaps
clip_206,20,550,37222,20809,3395,26,default,swaps
clip_206,20,550,37136,20710,3309,5,default,swaps
clip_206,20,550,37291,20751,3464,28,default,swaps
clip_206,20,550,36946,20540,3119,19,default,swaps
clip_206,20,550,37383,20872,3556,12,default,swaps
clip_206,20,550,37329,20754,3502,8,default,swaps
clip_206,20,550,37350,20924,3523,20,default,swaps
clip_206,20,550,37230,20883,3403,25,default,swaps
clip_206,20,550,37063,20633,3236,29,default,swaps
clip_206,20,550,36946,20590,3119,30,default,swaps
clip_206,20,550,37163,20746,3336,7,ils,swaps
clip_206,20,550,37115,20620,3288,9,ils,swaps
clip_206,20,550,36699,20382,2872,3,ils,swaps
clip_206,20,550,37068,20822,3241,5,ils,swaps
clip_206,20,550,37008,20663,3181,8,ils,swaps
clip_206,20,550,36986,20609,3159,6,ils,swaps
clip_206,20,550,36911,20414,3084,11,ils,swaps
clip_206,20,550,37065,20606,3238,1,ils,swaps
clip_206,20,550,37029,20746,3202,2,ils,swaps
clip_206,20,550,36778,20403,2951,15,ils,swaps
clip_206,20,550,37074,20849,3247,22,ils,swaps
clip_206,20,550,36818,20364,2991,14,ils,swaps
clip_206,20,550,36954,20499,3127,4,ils,swaps
clip_206,20,550,36967,20710,3140,12,ils,swaps
clip_206,20,550,36996,20674,3169,13,ils,swaps
clip_206,20,550,37146,20711,3319,16,ils,swaps
clip_206,20,550,37126,20820,3299,17,ils,swaps
clip_206,20,550,36815,20389,2988,25,ils,swaps
clip_206,20,550,37219,20660,3392,18,ils,swaps
clip_206,20,550,37042,20751,3215,19,ils,swaps
clip_206,20,550,36899,20383,3072,20,ils,swaps
clip_206,20,550,36987,20538,3160,21,ils,swaps
clip_206,20,550,36812,20465,2985,27,ils,swaps
clip_206,20,550,36900,20491,3073,28,ils,swaps
clip_206,20,550,37206,20657,3379,23,ils,swaps
clip_206,20,550,36850,20403,3023,10,ils,swaps
clip_206,20,550,37105,20763,3278,29,ils,swaps
clip_206,20,550,36678,20232,2851,24,ils,swaps
clip_206,20,550,36738,20325,2911,26,ils,swaps
clip_206,20,550,37063,20719,3236,30,ils,swaps
miller_11,30,1,61,37,11,1,default,depth
miller_11,30,1,61,37,11,3,default,depth
miller_11,30,1,59,37,9,2,default,depth
miller_11,30,1,61,37,11,4,default,depth
miller_11,30,1,59,37,9,5,default,depth
miller_11,30,1,61,37,11,6,default,depth
miller_11,30,1,61,37,11,7,default,depth
miller_11,30,1,60,37,10,8,default,depth
miller_11,30,1,60,37,10,9,default,depth
miller_11,30,1,60,37,10,10,default,depth
miller_11,30,1,60,37,10,11,default,depth
miller_11,30,1,61,37,11,15,default,depth
miller_11,30,1,61,37,11,16,default,depth
miller_11,30,1,60,37,10,18,default,depth
miller_11,30,1,59,37,9,17,default,depth
miller_11,30,1,61,37,11,12,default,depth
miller_11,30,1,59,37,9,13,default,depth
miller_11,30,1,59,37,9,14,default,depth
miller_11,30,1,61,37,11,22,default,depth
miller_11,30,1,60,37,10,24,default,depth
miller_11,30,1,60,37,10,19,default,depth
miller_11,30,1,61,37,11,23,default,depth
miller_11,30,1,61,37,11,20,default,depth
miller_11,30,1,60,37,10,26,default,depth
miller_11,30,1,59,37,9,21,default,depth
miller_11,30,1,60,37,10,27,default,depth
miller_11,30,1,60,37,10,29,default,depth
miller_11,30,1,61,37,11,25,default,depth
miller_11,30,1,61,37,11,30,default,depth
miller_11,30,1,61,37,11,28,default,depth
miller_11,30,1,50,29,0,1,ils,depth
miller_11,30,1,50,29,0,2,ils,depth
miller_11,30,1,50,29,0,3,ils,depth
miller_11,30,1,50,29,0,4,ils,depth
miller_11,30,1,50,29,0,5,ils,depth
miller_11,30,1,50,29,0,6,ils,depth
miller_11,30,1,50,29,0,8,ils,depth
miller_11,30,1,50,29,0,9,ils,depth
miller_11,30,1,50,29,0,12,ils,depth
miller_11,30,1,50,29,0,11,ils,depth
miller_11,30,1,50,29,0,13,ils,depth
miller_11,30,1,50,29,0,14,ils,depth
miller_11,30,1,50,29,0,7,ils,depth
miller_11,30,1,50,29,0,16,ils,depth
miller_11,30,1,50,29,0,10,ils,depth
miller_11,30,1,50,29,0,21,ils,depth
miller_11,30,1,50,29,0,15,ils,depth
miller_11,30,1,50,29,0,23,ils,depth
miller_11,30,1,50,29,0,17,ils,depth
miller_11,30,1,50,29,0,24,ils,depth
miller_11,30,1,50,29,0,18,ils,depth
miller_11,30,1,50,29,0,19,ils,depth
miller_11,30,1,50,29,0,26,ils,depth
miller_11,30,1,50,29,0,27,ils,depth
miller_11,30,1,50,29,0,28,ils,depth
miller_11,30,1,50,29,0,20,ils,depth
miller_11,30,1,50,29,0,29,ils,depth
miller_11,30,1,50,29,0,30,ils,depth
miller_11,30,1,50,29,0,22,ils,depth
miller_11,30,1,50,29,0,25,ils,depth
4gt13_91,30,2,122,66,19,1,default,depth
4gt13_91,30,2,122,66,19,3,default,depth
4gt13_91,30,2,122,66,19,4,default,depth
4gt13_91,30,2,122,66,19,5,default,depth
4gt13_91,30,2,122,66,19,6,default,depth
4gt13_91,30,2,122,66,19,2,default,depth
4gt13_91,30,2,122,66,19,9,default,depth
4gt13_91,30,2,122,66,19,12,default,depth
4gt13_91,30,2,122,66,19,13,default,depth
4gt13_91,30,2,122,66,19,14,default,depth
4gt13_91,30,2,122,66,19,7,default,depth
4gt13_91,30,2,122,66,19,8,default,depth
4gt13_91,30,2,122,66,19,16,default,depth
4gt13_91,30,2,122,66,19,17,default,depth
4gt13_91,30,2,122,66,19,18,default,depth
4gt13_91,30,2,122,66,19,19,default,depth
4gt13_91,30,2,122,66,19,10,default,depth
4gt13_91,30,2,122,66,19,11,default,depth
4gt13_91,30,2,122,66,19,15,default,depth
4gt13_91,30,2,122,66,19,23,default,depth
4gt13_91,30,2,122,66,19,24,default,depth
4gt13_91,30,2,122,66,19,26,default,depth
4gt13_91,30,2,122,66,19,20,default,depth
4gt13_91,30,2,122,66,19,21,default,depth
4gt13_91,30,2,122,66,19,22,default,depth
4gt13_91,30,2,122,66,19,30,default,depth
4gt13_91,30,2,122,66,19,25,default,depth
4gt13_91,30,2,122,66,19,27,default,depth
4gt13_91,30,2,122,66,19,28,default,depth
4gt13_91,30,2,122,66,19,29,default,depth
4gt13_91,30,2,107,63,4,1,ils,depth
4gt13_91,30,2,110,63,7,2,ils,depth
4gt13_91,30,2,107,63,4,3,ils,depth
4gt13_91,30,2,107,63,4,5,ils,depth
4gt13_91,30,2,107,63,4,6,ils,depth
4gt13_91,30,2,107,63,4,7,ils,depth
4gt13_91,30,2,107,63,4,8,ils,depth
4gt13_91,30,2,109,63,6,11,ils,depth
4gt13_91,30,2,107,63,4,4,ils,depth
4gt13_91,30,2,107,63,4,10,ils,depth
4gt13_91,30,2,110,63,7,9,ils,depth
4gt13_91,30,2,107,63,4,13,ils,depth
4gt13_91,30,2,107,63,4,14,ils,depth
4gt13_91,30,2,109,63,6,16,ils,depth
4gt13_91,30,2,107,63,4,12,ils,depth
4gt13_91,30,2,107,63,4,18,ils,depth
4gt13_91,30,2,107,63,4,15,ils,depth
4gt13_91,30,2,107,63,4,17,ils,depth
4gt13_91,30,2,111,63,8,23,ils,depth
4gt13_91,30,2,107,63,4,24,ils,depth
4gt13_91,30,2,109,63,6,19,ils,depth
4gt13_91,30,2,107,63,4,20,ils,depth
4gt13_91,30,2,107,63,4,21,ils,depth
4gt13_91,30,2,109,63,6,28,ils,depth
4gt13_91,30,2,109,63,6,22,ils,depth
4gt13_91,30,2,107,63,4,25,ils,depth
4gt13_91,30,2,110,63,7,26,ils,depth
4gt13_91,30,2,107,63,4,27,ils,depth
4gt13_91,30,2,111,63,8,29,ils,depth
4gt13_91,30,2,109,63,6,30,ils,depth
0410184_169,30,2,267,111,56,2,default,depth
0410184_169,30,2,274,112,63,3,default,depth
0410184_169,30,2,274,112,63,1,default,depth
0410184_169,30,2,266,113,55,4,default,depth
0410184_169,30,2,270,111,59,5,default,depth
0410184_169,30,2,265,114,54,6,default,depth
0410184_169,30,2,251,113,40,8,default,depth
0410184_169,30,2,257,114,46,9,default,depth
0410184_169,30,2,272,112,61,10,default,depth
0410184_169,30,2,257,114,46,13,default,depth
0410184_169,30,2,262,112,51,7,default,depth
0410184_169,30,2,256,114,45,16,default,depth
0410184_169,30,2,263,115,52,17,default,depth
0410184_169,30,2,257,114,46,18,default,depth
0410184_169,30,2,278,113,67,19,default,depth
0410184_169,30,2,273,112,62,11,default,depth
0410184_169,30,2,258,114,47,12,default,depth
0410184_169,30,2,262,113,51,20,default,depth
0410184_169,30,2,250,113,39,14,default,depth
0410184_169,30,2,271,112,60,15,default,depth
0410184_169,30,2,257,114,46,26,default,depth
0410184_169,30,2,272,112,61,25,default,depth
0410184_169,30,2,266,112,55,24,default,depth
0410184_169,30,2,257,114,46,27,default,depth
0410184_169,30,2,257,113,46,21,default,depth
0410184_169,30,2,277,113,66,28,default,depth
0410184_169,30,2,249,113,38,29,default,depth
0410184_169,30,2,269,113,58,22,default,depth
0410184_169,30,2,273,112,62,30,default,depth
0410184_169,30,2,273,113,62,23,default,depth
0410184_169,30,2,218,108,7,1,ils,depth
0410184_169,30,2,220,108,9,2,ils,depth
0410184_169,30,2,225,107,14,3,ils,depth
0410184_169,30,2,221,107,10,4,ils,depth
0410184_169,30,2,221,108,10,6,ils,depth
0410184_169,30,2,218,108,7,7,ils,depth
0410184_169,30,2,218,108,7,9,ils,depth
0410184_169,30,2,220,108,9,5,ils,depth
0410184_169,30,2,224,106,13,8,ils,depth
0410184_169,30,2,221,108,10,13,ils,depth
0410184_169,30,2,221,108,10,10,ils,depth
0410184_169,30,2,220,108,9,11,ils,depth
0410184_169,30,2,221,108,10,12,ils,depth
0410184_169,30,2,227,108,16,14,ils,depth
0410184_169,30,2,221,108,10,15,ils,depth
0410184_169,30,2,218,108,7,22,ils,depth
0410184_169,30,2,222,109,11,16,ils,depth
0410184_169,30,2,223,108,12,20,ils,depth
0410184_169,30,2,219,108,8,17,ils,depth
0410184_169,30,2,218,108,7,18,ils,depth
0410184_169,30,2,219,108,8,19,ils,depth
0410184_169,30,2,223,107,12,26,ils,depth
0410184_169,30,2,219,106,8,28,ils,depth
0410184_169,30,2,222,108,11,29,ils,depth
0410184_169,30,2,219,108,8,21,ils,depth
0410184_169,30,2,227,108,16,23,ils,depth
0410184_169,30,2,222,108,11,30,ils,depth
0410184_169,30,2,221,107,10,24,ils,depth
0410184_169,30,2,223,108,12,25,ils,depth
0410184_169,30,2,218,108,7,27,ils,depth
ex3_229,30,2,453,237,50,3,default,depth
ex3_229,30,2,458,236,55,1,default,depth
ex3_229,30,2,458,236,55,2,default,depth
ex3_229,30,2,453,237,50,4,default,depth
ex3_229,30,2,455,237,52,5,default,depth
ex3_229,30,2,458,236,55,7,default,depth
ex3_229,30,2,458,236,55,8,default,depth
ex3_229,30,2,458,237,55,9,default,depth
ex3_229,30,2,458,236,55,11,default,depth
ex3_229,30,2,458,236,55,12,default,depth
ex3_229,30,2,451,237,48,13,default,depth
ex3_229,30,2,458,236,55,14,default,depth
ex3_229,30,2,458,236,55,15,default,depth
ex3_229,30,2,451,237,48,16,default,depth
ex3_229,30,2,458,236,55,6,default,depth
ex3_229,30,2,451,237,48,10,default,depth
ex3_229,30,2,451,237,48,17,default,depth
ex3_229,30,2,451,237,48,18,default,depth
ex3_229,30,2,458,236,55,21,default,depth
ex3_229,30,2,458,237,55,19,default,depth
ex3_229,30,2,458,236,55,26,default,depth
ex3_229,30,2,458,237,55,27,default,depth
ex3_229,30,2,458,236,55,20,default,depth
ex3_229,30,2,458,236,55,23,default,depth
ex3_229,30,2,458,236,55,24,default,depth
ex3_229,30,2,451,238,48,25,default,depth
ex3_229,30,2,458,236,55,22,default,depth
ex3_229,30,2,458,237,55,28,default,depth
ex3_229,30,2,458,236,55,29,default,depth
ex3_229,30,2,458,236,55,30,default,depth
ex3_229,30,2,414,234,11,1,ils,depth
ex3_229,30,2,415,233,12,2,ils,depth
ex3_229,30,2,432,232,29,3,ils,depth
ex3_229,30,2,414,234,11,4,ils,depth
ex3_229,30,2,418,233,15,6,ils,depth
ex3_229,30,2,414,234,11,8,ils,depth
ex3_229,30,2,419,234,16,7,ils,depth
ex3_229,30,2,419,234,16,10,ils,depth
ex3_229,30,2,415,232,12,5,ils,depth
ex3_229,30,2,420,231,17,11,ils,depth
ex3_229,30,2,420,231,17,14,ils,depth
ex3_229,30,2,414,229,11,15,ils,depth
ex3_229,30,2,414,234,11,9,ils,depth
ex3_229,30,2,419,234,16,17,ils,depth
ex3_229,30,2,420,231,17,18,ils,depth
ex3_229,30,2,420,231,17,12,ils,depth
ex3_229,30,2,414,229,11,13,ils,depth
ex3_229,30,2,414,234,11,21,ils,depth
ex3_229,30,2,414,234,11,16,ils,depth
ex3_229,30,2,432,232,29,22,ils,depth
ex3_229,30,2,415,233,12,20,ils,depth
ex3_229,30,2,414,234,11,19,ils,depth
ex3_229,30,2,414,234,11,25,ils,depth
ex3_229,30,2,414,234,11,27,ils,depth
ex3_229,30,2,432,232,29,23,ils,depth
ex3_229,30,2,420,231,17,24,ils,depth
ex3_229,30,2,414,234,11,26,ils,depth
ex3_229,30,2,414,234,11,28,ils,depth
ex3_229,30,2,431,233,28,29,ils,depth
ex3_229,30,2,418,233,15,30,ils,depth
rd53_131,30,3,539,271,70,5,default,depth
rd53_131,30,3,542,272,73,3,default,depth
rd53_131,30,3,540,272,71,2,default,depth
rd53_131,30,3,542,272,73,7,default,depth
rd53_131,30,3,543,271,74,4,default,depth
rd53_131,30,3,541,271,72,9,default,depth
rd53_131,30,3,538,272,69,6,default,depth
rd53_131,30,3,544,272,75,10,default,depth
rd53_131,30,3,538,271,69,8,default,depth
rd53_131,30,3,544,272,75,13,default,depth
rd53_131,30,3,538,272,69,12,default,depth
rd53_131,30,3,542,272,73,15,default,depth
rd53_131,30,3,544,272,75,16,default,depth
rd53_131,30,3,540,271,71,1,default,depth
rd53_131,30,3,542,272,73,17,default,depth
rd53_131,30,3,540,272,71,19,default,depth
rd53_131,30,3,542,271,73,21,default,depth
rd53_131,30,3,541,271,72,22,default,depth
rd53_131,30,3,542,272,73,11,default,depth
rd53_131,30,3,542,271,73,14,default,depth
rd53_131,30,3,540,271,71,25,default,depth
rd53_131,30,3,542,272,73,27,default,depth
rd53_131,30,3,541,271,72,18,default,depth
rd53_131,30,3,542,272,73,20,default,depth
rd53_131,30,3,540,272,71,23,default,depth
rd53_131,30,3,544,272,75,24,default,depth
rd53_131,30,3,540,272,71,26,default,depth
rd53_131,30,3,542,272,73,28,default,depth
rd53_131,30,3,538,271,69,29,default,depth
rd53_131,30,3,544,272,75,30,default,depth
rd53_131,30,3,534,269,65,1,ils,depth
rd53_131,30,3,534,268,65,3,ils,depth
rd53_131,30,3,531,268,62,4,ils,depth
rd53_131,30,3,531,267,62,5,ils,depth
rd53_131,30,3,535,269,66,6,ils,depth
rd53_131,30,3,515,272,46,9,ils,depth
rd53_131,30,3,548,266,79,7,ils,depth
rd53_131,30,3,532,267,63,8,ils,depth
rd53_131,30,3,527,268,58,2,ils,depth
rd53_131,30,3,527,268,58,11,ils,depth
rd53_131,30,3,534,268,65,13,ils,depth
rd53_131,30,3,539,268,70,14,ils,depth
rd53_131,30,3,536,266,67,17,ils,depth
rd53_131,30,3,533,268,64,16,ils,depth
rd53_131,30,3,527,268,58,18,ils,depth
rd53_131,30,3,531,267,62,20,ils,depth
rd53_131,30,3,487,268,18,10,ils,depth
rd53_131,30,3,527,268,58,21,ils,depth
rd53_131,30,3,540,266,71,12,ils,depth
rd53_131,30,3,533,270,64,22,ils,depth
rd53_131,30,3,533,270,64,24,ils,depth
rd53_131,30,3,527,268,58,15,ils,depth
rd53_131,30,3,487,267,18,26,ils,depth
rd53_131,30,3,487,267,18,19,ils,depth
rd53_131,30,3,526,270,57,23,ils,depth
rd53_131,30,3,487,267,18,27,ils,depth
rd53_131,30,3,529,269,60,29,ils,depth
rd53_131,30,3,542,268,73,30,ils,depth
rd53_131,30,3,487,267,18,25,ils,depth
rd53_131,30,3,529,267,60,28,ils,depth
sf_276,30,8,922,473,144,1,default,depth
sf_276,30,8,875,460,97,2,default,depth
sf_276,30,8,893,469,115,3,default,depth
sf_276,30,8,891,461,113,6,default,depth
sf_276,30,8,889,464,111,4,default,depth
sf_276,30,8,889,461,111,5,default,depth
sf_276,30,8,890,462,112,7,default,depth
sf_276,30,8,875,460,97,8,default,depth
sf_276,30,8,890,461,112,9,default,depth
sf_276,30,8,885,461,107,12,default,depth
sf_276,30,8,890,462,112,13,default,depth
sf_276,30,8,893,461,115,15,default,depth
sf_276,30,8,891,461,113,17,default,depth
sf_276,30,8,890,461,112,19,default,depth
sf_276,30,8,884,460,106,10,default,depth
sf_276,30,8,890,462,112,22,default,depth
sf_276,30,8,896,462,118,21,default,depth
sf_276,30,8,894,461,116,11,default,depth
sf_276,30,8,887,464,109,24,default,depth
sf_276,30,8,890,461,112,23,default,depth
sf_276,30,8,894,462,116,14,default,depth
sf_276,30,8,830,445,52,26,default,depth
sf_276,30,8,890,463,112,27,default,depth
sf_276,30,8,890,461,112,28,default,depth
sf_276,30,8,880,456,102,29,default,depth
sf_276,30,8,893,461,115,16,default,depth
sf_276,30,8,888,460,110,18,default,depth
sf_276,30,8,873,459,95,20,default,depth
sf_276,30,8,898,469,120,25,default,depth
sf_276,30,8,895,461,117,30,default,depth
sf_276,30,8,795,443,17,1,ils,depth
sf_276,30,8,845,442,67,3,ils,depth
sf_276,30,8,790,443,12,4,ils,depth
sf_276,30,8,797,443,19,5,ils,depth
sf_276,30,8,818,448,40,6,ils,depth
sf_276,30,8,876,455,98,7,ils,depth
sf_276,30,8,797,441,19,8,ils,depth
sf_276,30,8,797,443,19,9,ils,depth
sf_276,30,8,816,448,38,2,ils,depth
sf_276,30,8,861,456,83,12,ils,depth
sf_276,30,8,878,455,100,14,ils,depth
sf_276,30,8,859,456,81,10,ils,depth
sf_276,30,8,847,442,69,21,ils,depth
sf_276,30,8,788,443,10,11,ils,depth
sf_276,30,8,797,441,19,13,ils,depth
sf_276,30,8,797,441,19,15,ils,depth
sf_276,30,8,795,443,17,25,ils,depth
sf_276,30,8,861,457,83,16,ils,depth
sf_276,30,8,790,443,12,26,ils,depth
sf_276,30,8,865,455,87,17,ils,depth
sf_276,30,8,845,442,67,18,ils,depth
sf_276,30,8,845,442,67,19,ils,depth
sf_276,30,8,797,443,19,20,ils,depth
sf_276,30,8,788,443,10,24,ils,depth
sf_276,30,8,819,446,41,30,ils,depth
sf_276,30,8,856,452,78,22,ils,depth
sf_276,30,8,824,458,46,23,ils,depth
sf_276,30,8,877,454,99,28,ils,depth
sf_276,30,8,858,454,80,27,ils,depth
sf_276,30,8,795,443,17,29,ils,depth
rd53_251,30,6,1420,744,129,1,default,depth
rd53_251,30,6,1424,745,133,2,default,depth
rd53_251,30,6,1422,745,131,3,default,depth
rd53_251,30,6,1428,744,137,4,default,depth
rd53_251,30,6,1426,745,135,5,default,depth
rd53_251,30,6,1403,745,112,6,default,depth
rd53_251,30,6,1417,749,126,7,default,depth
rd53_251,30,6,1424,746,133,8,default,depth
rd53_251,30,6,1453,753,162,14,default,depth
rd53_251,30,6,1432,746,141,21,default,depth
rd53_251,30,6,1422,746,131,13,default,depth
rd53_251,30,6,1419,749,128,11,default,depth
rd53_251,30,6,1413,744,122,18,default,depth
rd53_251,30,6,1419,747,128,16,default,depth
rd53_251,30,6,1443,753,152,9,default,depth
rd53_251,30,6,1420,746,129,10,default,depth
rd53_251,30,6,1426,745,135,12,default,depth
rd53_251,30,6,1424,746,133,25,default,depth
rd53_251,30,6,1422,745,131,15,default,depth
rd53_251,30,6,1422,745,131,17,default,depth
rd53_251,30,6,1420,745,129,28,default,depth
rd53_251,30,6,1422,746,131,24,default,depth
rd53_251,30,6,1422,745,131,19,default,depth
rd53_251,30,6,1418,745,127,20,default,depth
rd53_251,30,6,1424,747,133,23,default,depth
rd53_251,30,6,1420,745,129,22,default,depth
rd53_251,30,6,1413,744,122,27,default,depth
rd53_251,30,6,1426,746,135,26,default,depth
rd53_251,30,6,1422,746,131,29,default,depth
rd53_251,30,6,1416,749,125,30,default,depth
rd53_251,30,6,1409,747,118,6,ils,depth
rd53_251,30,6,1423,751,132,3,ils,depth
rd53_251,30,6,1415,744,124,8,ils,depth
rd53_251,30,6,1411,744,120,7,ils,depth
rd53_251,30,6,1459,753,168,10,ils,depth
rd53_251,30,6,1385,747,94,12,ils,depth
rd53_251,30,6,1411,740,120,9,ils,depth
rd53_251,30,6,1427,752,136,15,ils,depth
rd53_251,30,6,1426,751,135,2,ils,depth
rd53_251,30,6,1392,741,101,14,ils,depth
rd53_251,30,6,1413,747,122,1,ils,depth
rd53_251,30,6,1455,747,164,4,ils,depth
rd53_251,30,6,1407,748,116,5,ils,depth
rd53_251,30,6,1435,740,144,11,ils,depth
rd53_251,30,6,1428,745,137,13,ils,depth
rd53_251,30,6,1428,750,137,16,ils,depth
rd53_251,30,6,1427,740,136,23,ils,depth
rd53_251,30,6,1387,746,96,17,ils,depth
rd53_251,30,6,1420,743,129,25,ils,depth
rd53_251,30,6,1402,744,111,18,ils,depth
rd53_251,30,6,1400,741,109,19,ils,depth
rd53_251,30,6,1400,740,109,21,ils,depth
rd53_251,30,6,1421,742,130,22,ils,depth
rd53_251,30,6,1403,749,112,20,ils,depth
rd53_251,30,6,1393,745,102,24,ils,depth
rd53_251,30,6,1398,746,107,29,ils,depth
rd53_251,30,6,1403,749,112,26,ils,depth
rd53_251,30,6,1398,749,107,27,ils,depth
rd53_251,30,6,1419,744,128,28,ils,depth
rd53_251,30,6,1418,738,127,30,ils,depth
sqrt8_260,30,21,3503,1753,494,5,default,depth
sqrt8_260,30,21,3455,1758,446,1,default,depth
sqrt8_260,30,21,3507,1754,498,4,default,depth
sqrt8_260,30,21,3462,1757,453,3,default,depth
sqrt8_260,30,21,3507,1758,498,7,default,depth
sqrt8_260,30,21,3532,1758,523,8,default,depth
sqrt8_260,30,21,3503,1746,494,9,default,depth
sqrt8_260,30,21,3474,1764,465,10,default,depth
sqrt8_260,30,21,3524,1758,515,11,default,depth
sqrt8_260,30,21,3499,1761,490,14,default,depth
sqrt8_260,30,21,3463,1746,454,15,default,depth
sqrt8_260,30,21,3542,1751,533,21,default,depth
sqrt8_260,30,21,3514,1762,505,16,default,depth
sqrt8_260,30,21,3412,1737,403,26,default,depth
sqrt8_260,30,21,3508,1766,499,2,default,depth
sqrt8_260,30,21,3461,1735,452,18,default,depth
sqrt8_260,30,21,3496,1760,487,6,default,depth
sqrt8_260,30,21,3464,1746,455,19,default,depth
sqrt8_260,30,21,3470,1741,461,12,default,depth
sqrt8_260,30,21,3490,1768,481,13,default,depth
sqrt8_260,30,21,3453,1742,444,28,default,depth
sqrt8_260,30,21,3530,1754,521,17,default,depth
sqrt8_260,30,21,3444,1758,435,20,default,depth
sqrt8_260,30,21,3497,1757,488,22,default,depth
sqrt8_260,30,21,3439,1743,430,23,default,depth
sqrt8_260,30,21,3547,1773,538,27,default,depth
sqrt8_260,30,21,3504,1757,495,25,default,depth
sqrt8_260,30,21,3573,1764,564,29,default,depth
sqrt8_260,30,21,3426,1749,417,24,default,depth
sqrt8_260,30,21,3498,1757,489,30,default,depth
sqrt8_260,30,21,3475,1769,466,2,ils,depth
sqrt8_260,30,21,3549,1768,540,3,ils,depth
sqrt8_260,30,21,3489,1754,480,1,ils,depth
sqrt8_260,30,21,3415,1730,406,7,ils,depth
sqrt8_260,30,21,3451,1764,442,5,ils,depth
sqrt8_260,30,21,3444,1731,435,4,ils,depth
sqrt8_260,30,21,3489,1756,480,6,ils,depth
sqrt8_260,30,21,3456,1732,447,11,ils,depth
sqrt8_260,30,21,3489,1750,480,8,ils,depth
sqrt8_260,30,21,3414,1727,405,17,ils,depth
sqrt8_260,30,21,3374,1718,365,15,ils,depth
sqrt8_260,30,21,3403,1745,394,18,ils,depth
sqrt8_260,30,21,3504,1761,495,20,ils,depth
sqrt8_260,30,21,3470,1746,461,19,ils,depth
sqrt8_260,30,21,3400,1736,391,22,ils,depth
sqrt8_260,30,21,3393,1743,384,10,ils,depth
sqrt8_260,30,21,3502,1752,493,12,ils,depth
sqrt8_260,30,21,3440,1742,431,13,ils,depth
sqrt8_260,30,21,3401,1755,392,14,ils,depth
sqrt8_260,30,21,3416,1739,407,9,ils,depth
sqrt8_260,30,21,3436,1743,427,16,ils,depth
sqrt8_260,30,21,3421,1745,412,25,ils,depth
sqrt8_260,30,21,3395,1755,386,28,ils,depth
sqrt8_260,30,21,3431,1751,422,23,ils,depth
sqrt8_260,30,21,3370,1732,361,30,ils,depth
sqrt8_260,30,21,3487,1754,478,27,ils,depth
sqrt8_260,30,21,3400,1750,391,29,ils,depth
sqrt8_260,30,21,3395,1740,386,21,ils,depth
sqrt8_260,30,21,3488,1754,479,26,ils,depth
sqrt8_260,30,21,3448,1737,439,24,ils,depth
misex1_241,30,22,5229,2764,416,1,default,depth
misex1_241,30,22,5167,2783,354,6,default,depth
misex1_241,30,22,5145,2758,332,2,default,depth
misex1_241,30,22,5225,2776,412,3,default,depth
misex1_241,30,22,5172,2756,359,4,default,depth
misex1_241,30,22,5170,2772,357,11,default,depth
misex1_241,30,22,5121,2754,308,7,default,depth
misex1_241,30,22,5203,2777,390,9,default,depth
misex1_241,30,22,5371,2797,558,8,default,depth
misex1_241,30,22,5237,2779,424,10,default,depth
misex1_241,30,22,5227,2801,414,5,default,depth
misex1_241,30,22,5238,2763,425,14,default,depth
misex1_241,30,22,5274,2790,461,12,default,depth
misex1_241,30,22,5208,2776,395,13,default,depth
misex1_241,30,22,5194,2752,381,15,default,depth
misex1_241,30,22,5100,2750,287,16,default,depth
misex1_241,30,22,5211,2773,398,17,default,depth
misex1_241,30,22,5118,2744,305,18,default,depth
misex1_241,30,22,5359,2795,546,28,default,depth
misex1_241,30,22,5249,2765,436,19,default,depth
misex1_241,30,22,5254,2765,441,20,default,depth
misex1_241,30,22,5170,2760,357,26,default,depth
misex1_241,30,22,5305,2764,492,21,default,depth
misex1_241,30,22,5174,2765,361,22,default,depth
misex1_241,30,22,5194,2779,381,24,default,depth
misex1_241,30,22,5211,2764,398,23,default,depth
misex1_241,30,22,5225,2776,412,25,default,depth
misex1_241,30,22,5323,2787,510,30,default,depth
misex1_241,30,22,5278,2780,465,27,default,depth
misex1_241,30,22,5301,2784,488,29,default,depth
misex1_241,30,22,5220,2771,407,7,ils,depth
misex1_241,30,22,5233,2779,420,14,ils,depth
misex1_241,30,22,5200,2772,387,13,ils,depth
misex1_241,30,22,5230,2769,417,10,ils,depth
misex1_241,30,22,5311,2790,498,11,ils,depth
misex1_241,30,22,5246,2797,433,2,ils,depth
misex1_241,30,22,5312,2788,499,19,ils,depth
misex1_241,30,22,5327,2796,514,1,ils,depth
misex1_241,30,22,5324,2794,511,20,ils,depth
misex1_241,30,22,5212,2779,399,3,ils,depth
misex1_241,30,22,5254,2784,441,4,ils,depth
misex1_241,30,22,5220,2750,407,6,ils,depth
misex1_241,30,22,5199,2776,386,5,ils,depth
misex1_241,30,22,5276,2787,463,18,ils,depth
misex1_241,30,22,5248,2779,435,22,ils,depth
misex1_241,30,22,5264,2783,451,8,ils,depth
misex1_241,30,22,5246,2773,433,9,ils,depth
misex1_241,30,22,5184,2775,371,12,ils,depth
misex1_241,30,22,5295,2790,482,15,ils,depth
misex1_241,30,22,5110,2759,297,23,ils,depth
misex1_241,30,22,5277,2805,464,16,ils,depth
misex1_241,30,22,5195,2768,382,17,ils,depth
misex1_241,30,22,5167,2772,354,21,ils,depth
misex1_241,30,22,5264,2777,451,25,ils,depth
misex1_241,30,22,5302,2810,489,24,ils,depth
misex1_241,30,22,5198,2785,385,27,ils,depth
misex1_241,30,22,5253,2784,440,28,ils,depth
misex1_241,30,22,5222,2783,409,26,ils,depth
misex1_241,30,22,5293,2792,480,29,ils,depth
misex1_241,30,22,5198,2776,385,30,ils,depth
cycle10_2_110,30,57,7096,3601,1046,3,default,depth
cycle10_2_110,30,57,7025,3592,975,2,default,depth
cycle10_2_110,30,57,7114,3597,1064,4,default,depth
cycle10_2_110,30,57,7090,3599,1040,7,default,depth
cycle10_2_110,30,57,7068,3583,1018,1,default,depth
cycle10_2_110,30,57,7173,3628,1123,8,default,depth
cycle10_2_110,30,57,7047,3614,997,9,default,depth
cycle10_2_110,30,57,7159,3622,1109,5,default,depth
cycle10_2_110,30,57,7039,3565,989,6,default,depth
cycle10_2_110,30,57,7006,3581,956,20,default,depth
cycle10_2_110,30,57,7002,3576,952,13,default,depth
cycle10_2_110,30,57,7000,3589,950,14,default,depth
cycle10_2_110,30,57,7138,3575,1088,15,default,depth
cycle10_2_110,30,57,7082,3599,1032,22,default,depth
cycle10_2_110,30,57,7166,3580,1116,27,default,depth
cycle10_2_110,30,57,7092,3585,1042,17,default,depth
cycle10_2_110,30,57,6995,3578,945,12,default,depth
cycle10_2_110,30,57,7114,3599,1064,11,default,depth
cycle10_2_110,30,57,7094,3579,1044,16,default,depth
cycle10_2_110,30,57,7140,3598,1090,10,default,depth
cycle10_2_110,30,57,7074,3590,1024,18,default,depth
cycle10_2_110,30,57,7052,3597,1002,19,default,depth
cycle10_2_110,30,57,7011,3581,961,21,default,depth
cycle10_2_110,30,57,7044,3596,994,23,default,depth
cycle10_2_110,30,57,7084,3593,1034,24,default,depth
cycle10_2_110,30,57,7064,3609,1014,25,default,depth
cycle10_2_110,30,57,7049,3586,999,26,default,depth
cycle10_2_110,30,57,7015,3586,965,28,default,depth
cycle10_2_110,30,57,7068,3576,1018,29,default,depth
cycle10_2_110,30,57,7047,3578,997,30,default,depth
cycle10_2_110,30,57,6944,3569,894,1,ils,depth
cycle10_2_110,30,57,6890,3581,840,3,ils,depth
cycle10_2_110,30,57,7065,3578,1015,2,ils,depth
cycle10_2_110,30,57,6997,3579,947,4,ils,depth
cycle10_2_110,30,57,6948,3576,898,5,ils,depth
cycle10_2_110,30,57,7035,3582,985,6,ils,depth
cycle10_2_110,30,57,7016,3576,966,7,ils,depth
cycle10_2_110,30,57,7109,3600,1059,11,ils,depth
cycle10_2_110,30,57,7084,3603,1034,15,ils,depth
cycle10_2_110,30,57,6956,3561,906,9,ils,depth
cycle10_2_110,30,57,6937,3564,887,10,ils,depth
cycle10_2_110,30,57,7077,3598,1027,12,ils,depth
cycle10_2_110,30,57,7044,3595,994,23,ils,depth
cycle10_2_110,30,57,6935,3589,885,16,ils,depth
cycle10_2_110,30,57,6992,3606,942,17,ils,depth
cycle10_2_110,30,57,6949,3581,899,24,ils,depth
cycle10_2_110,30,57,6990,3580,940,25,ils,depth
cycle10_2_110,30,57,7008,3576,958,19,ils,depth
cycle10_2_110,30,57,6971,3596,921,26,ils,depth
cycle10_2_110,30,57,6891,3560,841,29,ils,depth
cycle10_2_110,30,57,7021,3579,971,30,ils,depth
cycle10_2_110,30,57,7057,3593,1007,8,ils,depth
cycle10_2_110,30,57,7007,3575,957,13,ils,depth
cycle10_2_110,30,57,6990,3580,940,14,ils,depth
cycle10_2_110,30,57,7002,3564,952,18,ils,depth
cycle10_2_110,30,57,7090,3581,1040,20,ils,depth
cycle10_2_110,30,57,7076,3612,1026,22,ils,depth
cycle10_2_110,30,57,6999,3589,949,21,ils,depth
cycle10_2_110,30,57,6981,3592,931,27,ils,depth
cycle10_2_110,30,57,7003,3588,953,28,ils,depth
square_root_7,30,52,8527,4032,897,2,default,depth
square_root_7,30,52,8495,4001,865,8,default,depth
square_root_7,30,52,8526,4017,896,9,default,depth
square_root_7,30,52,8643,4076,1013,3,default,depth
square_root_7,30,52,8528,4009,898,4,default,depth
square_root_7,30,52,8524,4003,894,5,default,depth
square_root_7,30,52,8655,4028,1025,6,default,depth
square_root_7,30,52,8588,4031,958,7,default,depth
square_root_7,30,52,8533,4030,903,17,default,depth
square_root_7,30,52,8492,4028,862,16,default,depth
square_root_7,30,52,8596,4044,966,18,default,depth
square_root_7,30,52,8627,4057,997,21,default,depth
square_root_7,30,52,8516,4018,886,23,default,depth
square_root_7,30,52,8498,4023,868,22,default,depth
square_root_7,30,52,8544,4019,914,24,default,depth
square_root_7,30,52,8598,4023,968,20,default,depth
square_root_7,30,52,8573,4004,943,1,default,depth
square_root_7,30,52,8608,4019,978,29,default,depth
square_root_7,30,52,8632,4034,1002,30,default,depth
square_root_7,30,52,8484,4011,854,25,default,depth
square_root_7,30,52,8533,4024,903,27,default,depth
square_root_7,30,52,8537,4023,907,10,default,depth
square_root_7,30,52,8509,4036,879,12,default,depth
square_root_7,30,52,8587,4039,957,11,default,depth
square_root_7,30,52,8595,4035,965,15,default,depth
square_root_7,30,52,8593,4043,963,13,default,depth
square_root_7,30,52,8561,4037,931,14,default,depth
square_root_7,30,52,8520,4001,890,19,default,depth
square_root_7,30,52,8555,4033,925,26,default,depth
square_root_7,30,52,8614,4036,984,28,default,depth
square_root_7,30,52,8490,4032,860,3,ils,depth
square_root_7,30,52,8449,3989,819,10,ils,depth
square_root_7,30,52,8598,4028,968,2,ils,depth
square_root_7,30,52,8576,4017,946,6,ils,depth
square_root_7,30,52,8660,4030,1030,5,ils,depth
square_root_7,30,52,8489,4030,859,7,ils,depth
square_root_7,30,52,8506,4052,876,9,ils,depth
square_root_7,30,52,8664,4066,1034,4,ils,depth
square_root_7,30,52,8525,3992,895,13,ils,depth
square_root_7,30,52,8568,4023,938,1,ils,depth
square_root_7,30,52,8509,4015,879,8,ils,depth
square_root_7,30,52,8546,4014,916,22,ils,depth
square_root_7,30,52,8506,4009,876,15,ils,depth
square_root_7,30,52,8522,4013,892,14,ils,depth
square_root_7,30,52,8509,4005,879,12,ils,depth
square_root_7,30,52,8591,4056,961,11,ils,depth
square_root_7,30,52,8572,4036,942,16,ils,depth
square_root_7,30,52,8491,4032,861,17,ils,depth
square_root_7,30,52,8600,4040,970,18,ils,depth
square_root_7,30,52,8568,4061,938,20,ils,depth
square_root_7,30,52,8518,4002,888,19,ils,depth
square_root_7,30,52,8674,4020,1044,21,ils,depth
square_root_7,30,52,8526,4032,896,23,ils,depth
square_root_7,30,52,8578,4026,948,25,ils,depth
square_root_7,30,52,8495,4010,865,24,ils,depth
square_root_7,30,52,8502,4031,872,29,ils,depth
square_root_7,30,52,8537,4015,907,30,ils,depth
square_root_7,30,52,8622,4053,992,26,ils,depth
square_root_7,30,52,8557,4015,927,27,ils,depth
square_root_7,30,52,8569,4034,939,28,ils,depth
sqn_258,30,85,11827,5813,1604,1,default,depth
sqn_258,30,85,11690,5801,1467,8,default,depth
sqn_258,30,85,11827,5790,1604,6,default,depth
sqn_258,30,85,11738,5777,1515,13,default,depth
sqn_258,30,85,11805,5771,1582,14,default,depth
sqn_258,30,85,11782,5797,1559,3,default,depth
sqn_258,30,85,11617,5757,1394,4,default,depth
sqn_258,30,85,11705,5779,1482,5,default,depth
sqn_258,30,85,11726,5758,1503,11,default,depth
sqn_258,30,85,12013,5812,1790,7,default,depth
sqn_258,30,85,11750,5813,1527,26,default,depth
sqn_258,30,85,11719,5768,1496,28,default,depth
sqn_258,30,85,11997,5836,1774,21,default,depth
sqn_258,30,85,11621,5795,1398,2,default,depth
sqn_258,30,85,11772,5791,1549,9,default,depth
sqn_258,30,85,11782,5798,1559,10,default,depth
sqn_258,30,85,11747,5774,1524,12,default,depth
sqn_258,30,85,11740,5801,1517,16,default,depth
sqn_258,30,85,11689,5776,1466,15,default,depth
sqn_258,30,85,11635,5818,1412,17,default,depth
sqn_258,30,85,11698,5786,1475,18,default,depth
sqn_258,30,85,11737,5788,1514,19,default,depth
sqn_258,30,85,11813,5783,1590,20,default,depth
sqn_258,30,85,11742,5831,1519,22,default,depth
sqn_258,30,85,11730,5765,1507,23,default,depth
sqn_258,30,85,11640,5762,1417,25,default,depth
sqn_258,30,85,11724,5790,1501,24,default,depth
sqn_258,30,85,11665,5786,1442,27,default,depth
sqn_258,30,85,11673,5804,1450,30,default,depth
sqn_258,30,85,11731,5759,1508,29,default,depth
sqn_258,30,85,11544,5767,1321,12,ils,depth
sqn_258,30,85,11752,5752,1529,4,ils,depth
sqn_258,30,85,11550,5755,1327,3,ils,depth
sqn_258,30,85,11755,5786,1532,13,ils,depth
sqn_258,30,85,11907,5794,1684,2,ils,depth
sqn_258,30,85,11693,5775,1470,9,ils,depth
sqn_258,30,85,11871,5767,1648,6,ils,depth
sqn_258,30,85,11616,5751,1393,1,ils,depth
sqn_258,30,85,11606,5768,1383,15,ils,depth
sqn_258,30,85,11699,5765,1476,10,ils,depth
sqn_258,30,85,11642,5759,1419,7,ils,depth
sqn_258,30,85,11692,5771,1469,16,ils,depth
sqn_258,30,85,11618,5768,1395,23,ils,depth
sqn_258,30,85,11637,5768,1414,25,ils,depth
sqn_258,30,85,11673,5779,1450,20,ils,depth
sqn_258,30,85,11557,5736,1334,27,ils,depth
sqn_258,30,85,11712,5777,1489,21,ils,depth
sqn_258,30,85,11726,5777,1503,29,ils,depth
sqn_258,30,85,11661,5757,1438,5,ils,depth
sqn_258,30,85,11507,5748,1284,22,ils,depth
sqn_258,30,85,11778,5808,1555,8,ils,depth
sqn_258,30,85,11547,5759,1324,24,ils,depth
sqn_258,30,85,11640,5753,1417,28,ils,depth
sqn_258,30,85,11543,5736,1320,14,ils,depth
sqn_258,30,85,11479,5718,1256,11,ils,depth
sqn_258,30,85,11491,5760,1268,18,ils,depth
sqn_258,30,85,11510,5723,1287,17,ils,depth
sqn_258,30,85,11792,5803,1569,19,ils,depth
sqn_258,30,85,11728,5760,1505,26,ils,depth
sqn_258,30,85,11737,5787,1514,30,ils,depth
root_255,30,110,19889,9464,2730,3,default,depth
root_255,30,110,20030,9488,2871,7,default,depth
root_255,30,110,19958,9452,2799,5,default,depth
root_255,30,110,19949,9488,2790,11,default,depth
root_255,30,110,19816,9418,2657,14,default,depth
root_255,30,110,19668,9456,2509,1,default,depth
root_255,30,110,19778,9450,2619,2,default,depth
root_255,30,110,19784,9436,2625,9,default,depth
root_255,30,110,19891,9436,2732,16,default,depth
root_255,30,110,19739,9442,2580,4,default,depth
root_255,30,110,19879,9451,2720,21,default,depth
root_255,30,110,19897,9478,2738,6,default,depth
root_255,30,110,20027,9527,2868,18,default,depth
root_255,30,110,19885,9477,2726,8,default,depth
root_255,30,110,20008,9524,2849,20,default,depth
root_255,30,110,19596,9445,2437,10,default,depth
root_255,30,110,20080,9539,2921,19,default,depth
root_255,30,110,19708,9507,2549,13,default,depth
root_255,30,110,20054,9519,2895,22,default,depth
root_255,30,110,19856,9503,2697,25,default,depth
root_255,30,110,19933,9513,2774,30,default,depth
root_255,30,110,19762,9455,2603,29,default,depth
root_255,30,110,19965,9468,2806,12,default,depth
root_255,30,110,19853,9451,2694,15,default,depth
root_255,30,110,19821,9452,2662,23,default,depth
root_255,30,110,19882,9517,2723,17,default,depth
root_255,30,110,19892,9463,2733,28,default,depth
root_255,30,110,19752,9422,2593,24,default,depth
root_255,30,110,19818,9480,2659,26,default,depth
root_255,30,110,19632,9418,2473,27,default,depth
root_255,30,110,19665,9386,2506,5,ils,depth
root_255,30,110,19534,9345,2375,6,ils,depth
root_255,30,110,19775,9429,2616,3,ils,depth
root_255,30,110,19951,9406,2792,8,ils,depth
root_255,30,110,19479,9386,2320,2,ils,depth
root_255,30,110,19642,9386,2483,4,ils,depth
root_255,30,110,19699,9399,2540,15,ils,depth
root_255,30,110,19305,9327,2146,7,ils,depth
root_255,30,110,19742,9418,2583,11,ils,depth
root_255,30,110,19667,9389,2508,14,ils,depth
root_255,30,110,19813,9415,2654,13,ils,depth
root_255,30,110,19876,9419,2717,17,ils,depth
root_255,30,110,19810,9397,2651,18,ils,depth
root_255,30,110,19574,9446,2415,12,ils,depth
root_255,30,110,19101,9307,1942,24,ils,depth
root_255,30,110,19531,9381,2372,20,ils,depth
root_255,30,110,19587,9400,2428,26,ils,depth
root_255,30,110,19746,9413,2587,16,ils,depth
root_255,30,110,19745,9412,2586,28,ils,depth
root_255,30,110,19747,9446,2588,25,ils,depth
root_255,30,110,19483,9294,2324,27,ils,depth
root_255,30,110,19556,9424,2397,1,ils,depth
root_255,30,110,19352,9401,2193,22,ils,depth
root_255,30,110,19383,9353,2224,19,ils,depth
root_255,30,110,19539,9383,2380,9,ils,depth
root_255,30,110,19766,9390,2607,10,ils,depth
root_255,30,110,19805,9481,2646,21,ils,depth
root_255,30,110,19319,9323,2160,23,ils,depth
root_255,30,110,19471,9333,2312,30,ils,depth
root_255,30,110,19788,9429,2629,29,ils,depth
urf2_277,30,114,24051,12350,3939,1,default,depth
urf2_277,30,114,24090,12364,3978,6,default,depth
urf2_277,30,114,24634,12517,4522,4,default,depth
urf2_277,30,114,24138,12344,4026,14,default,depth
urf2_277,30,114,23886,12310,3774,15,default,depth
urf2_277,30,114,23914,12292,3802,8,default,depth
urf2_277,30,114,23963,12324,3851,16,default,depth
urf2_277,30,114,24000,12331,3888,2,default,depth
urf2_277,30,114,24042,12337,3930,5,default,depth
urf2_277,30,114,23916,12287,3804,11,default,depth
urf2_277,30,114,23972,12320,3860,7,default,depth
urf2_277,30,114,23980,12323,3868,3,default,depth
urf2_277,30,114,24024,12340,3912,12,default,depth
urf2_277,30,114,24226,12374,4114,9,default,depth
urf2_277,30,114,23966,12317,3854,20,default,depth
urf2_277,30,114,24490,12493,4378,22,default,depth
urf2_277,30,114,24116,12337,4004,24,default,depth
urf2_277,30,114,24097,12362,3985,26,default,depth
urf2_277,30,114,23986,12328,3874,27,default,depth
urf2_277,30,114,24604,12528,4492,23,default,depth
urf2_277,30,114,24005,12346,3893,29,default,depth
urf2_277,30,114,24023,12295,3911,30,default,depth
urf2_277,30,114,24120,12316,4008,10,default,depth
urf2_277,30,114,24417,12423,4305,19,default,depth
urf2_277,30,114,24619,12496,4507,18,default,depth
urf2_277,30,114,24106,12319,3994,17,default,depth
urf2_277,30,114,24113,12350,4001,13,default,depth
urf2_277,30,114,23945,12306,3833,21,default,depth
urf2_277,30,114,24067,12341,3955,25,default,depth
urf2_277,30,114,23961,12320,3849,28,default,depth
urf2_277,30,114,23973,12336,3861,6,ils,depth
urf2_277,30,114,24042,12345,3930,11,ils,depth
urf2_277,30,114,23982,12343,3870,1,ils,depth
urf2_277,30,114,24036,12336,3924,7,ils,depth
urf2_277,30,114,24064,12323,3952,4,ils,depth
urf2_277,30,114,23963,12323,3851,5,ils,depth
urf2_277,30,114,24020,12361,3908,3,ils,depth
urf2_277,30,114,24053,12373,3941,2,ils,depth
urf2_277,30,114,24073,12364,3961,10,ils,depth
urf2_277,30,114,23780,12337,3668,20,ils,depth
urf2_277,30,114,23971,12347,3859,17,ils,depth
urf2_277,30,114,23956,12334,3844,14,ils,depth
urf2_277,30,114,23956,12330,3844,8,ils,depth
urf2_277,30,114,23972,12339,3860,16,ils,depth
urf2_277,30,114,23986,12328,3874,15,ils,depth
urf2_277,30,114,23840,12323,3728,21,ils,depth
urf2_277,30,114,23994,12333,3882,25,ils,depth
urf2_277,30,114,24055,12326,3943,19,ils,depth
urf2_277,30,114,23997,12328,3885,26,ils,depth
urf2_277,30,114,23865,12342,3753,24,ils,depth
urf2_277,30,114,23937,12323,3825,18,ils,depth
urf2_277,30,114,23923,12338,3811,29,ils,depth
urf2_277,30,114,24037,12333,3925,28,ils,depth
urf2_277,30,114,23963,12369,3851,12,ils,depth
urf2_277,30,114,23911,12323,3799,9,ils,depth
urf2_277,30,114,24014,12367,3902,27,ils,depth
urf2_277,30,114,23957,12317,3845,23,ils,depth
urf2_277,30,114,23906,12351,3794,22,ils,depth
urf2_277,30,114,24130,12367,4018,13,ils,depth
urf2_277,30,114,24024,12340,3912,30,ils,depth
clip_206,30,400,39438,19231,5611,4,default,depth
clip_206,30,400,39548,19123,5721,1,default,depth
clip_206,30,400,39569,19280,5742,5,default,depth
clip_206,30,400,39691,19218,5864,2,default,depth
clip_206,30,400,39134,19071,5307,3,default,depth
clip_206,30,400,39653,19148,5826,7,default,depth
clip_206,30,400,39431,19246,5604,8,default,depth
clip_206,30,400,39433,19235,5606,10,default,depth
clip_206,30,400,39553,19273,5726,11,default,depth
clip_206,30,400,39468,19234,5641,22,default,depth
clip_206,30,400,39378,19133,5551,12,default,depth
clip_206,30,400,39396,19100,5569,15,default,depth
clip_206,30,400,39122,19112,5295,13,default,depth
clip_206,30,400,39395,19242,5568,16,default,depth
clip_206,30,400,39570,19252,5743,14,default,depth
clip_206,30,400,39616,19206,5789,26,default,depth
clip_206,30,400,39799,19265,5972,9,default,depth
clip_206,30,400,39455,19210,5628,6,default,depth
clip_206,30,400,39241,19198,5414,19,default,depth
clip_206,30,400,39434,19137,5607,18,default,depth
clip_206,30,400,39608,19213,5781,17,default,depth
clip_206,30,400,39411,19169,5584,25,default,depth
clip_206,30,400,39876,19185,6049,27,default,depth
clip_206,30,400,39726,19306,5899,30,default,depth
clip_206,30,400,39300,19159,5473,20,default,depth
clip_206,30,400,39416,19250,5589,23,default,depth
clip_206,30,400,39743,19194,5916,29,default,depth
clip_206,30,400,39645,19182,5818,21,default,depth
clip_206,30,400,39437,19155,5610,24,default,depth
clip_206,30,400,39259,19215,5432,28,default,depth
clip_206,30,400,39533,19187,5706,8,ils,depth
clip_206,30,400,39497,19203,5670,7,ils,depth
clip_206,30,400,39484,19156,5657,1,ils,depth
clip_206,30,400,39610,19256,5783,9,ils,depth
clip_206,30,400,39352,19249,5525,3,ils,depth
clip_206,30,400,39467,19257,5640,29,ils,depth
clip_206,30,400,39241,19173,5414,2,ils,depth
clip_206,30,400,39440,19183,5613,6,ils,depth
clip_206,30,400,39184,19109,5357,22,ils,depth
clip_206,30,400,39342,19227,5515,10,ils,depth
clip_206,30,400,39791,19237,5964,5,ils,depth
clip_206,30,400,39415,19214,5588,20,ils,depth
clip_206,30,400,39629,19232,5802,16,ils,depth
clip_206,30,400,39647,19292,5820,17,ils,depth
clip_206,30,400,39270,19174,5443,15,ils,depth
clip_206,30,400,39399,19132,5572,11,ils,depth
clip_206,30,400,39374,19237,5547,27,ils,depth
clip_206,30,400,39128,19212,5301,18,ils,depth
clip_206,30,400,39569,19224,5742,21,ils,depth
clip_206,30,400,39552,19198,5725,14,ils,depth
clip_206,30,400,39507,19240,5680,13,ils,depth
clip_206,30,400,38824,19171,4997,19,ils,depth
clip_206,30,400,39575,19130,5748,4,ils,depth
clip_206,30,400,39700,19244,5873,12,ils,depth
clip_206,30,400,39255,19194,5428,25,ils,depth
clip_206,30,400,39695,19141,5868,24,ils,depth
clip_206,30,400,39402,19242,5575,28,ils,depth
clip_206,30,400,39625,19200,5798,26,ils,depth
clip_206,30,400,39485,19123,5658,30,ils,depth
clip_206,30,400,39396,19238,5569,23,ils,depth
miller_11,30,1,59,39,9,1,default,swaps
miller_11,30,1,59,39,9,2,default,swaps
miller_11,30,1,59,37,9,3,default,swaps
miller_11,30,1,59,38,9,4,default,swaps
miller_11,30,1,59,38,9,7,default,swaps
miller_11,30,1,59,37,9,6,default,swaps
miller_11,30,1,59,38,9,8,default,swaps
miller_11,30,1,59,38,9,5,default,swaps
miller_11,30,1,59,38,9,10,default,swaps
miller_11,30,1,59,40,9,12,default,swaps
miller_11,30,1,59,40,9,13,default,swaps
miller_11,30,1,59,38,9,9,default,swaps
miller_11,30,1,59,39,9,15,default,swaps
miller_11,30,1,59,38,9,16,default,swaps
miller_11,30,1,59,38,9,18,default,swaps
miller_11,30,1,59,38,9,17,default,swaps
miller_11,30,1,59,39,9,19,default,swaps
miller_11,30,1,59,40,9,11,default,swaps
miller_11,30,1,59,39,9,20,default,swaps
miller_11,30,1,59,39,9,14,default,swaps
miller_11,30,1,59,37,9,23,default,swaps
miller_11,30,1,59,38,9,24,default,swaps
miller_11,30,1,59,38,9,25,default,swaps
miller_11,30,1,59,40,9,26,default,swaps
miller_11,30,1,59,37,9,21,default,swaps
miller_11,30,1,59,38,9,28,default,swaps
miller_11,30,1,59,39,9,22,default,swaps
miller_11,30,1,59,40,9,30,default,swaps
miller_11,30,1,59,40,9,27,default,swaps
miller_11,30,1,59,39,9,29,default,swaps
miller_11,30,1,50,29,0,1,ils,swaps
miller_11,30,1,50,29,0,2,ils,swaps
miller_11,30,1,50,29,0,3,ils,swaps
miller_11,30,1,50,29,0,4,ils,swaps
miller_11,30,1,50,29,0,5,ils,swaps
miller_11,30,1,50,29,0,6,ils,swaps
miller_11,30,1,50,29,0,7,ils,swaps
miller_11,30,1,50,29,0,9,ils,swaps
miller_11,30,1,50,29,0,11,ils,swaps
miller_11,30,1,50,29,0,14,ils,swaps
miller_11,30,1,50,29,0,13,ils,swaps
miller_11,30,1,50,29,0,15,ils,swaps
miller_11,30,1,50,29,0,16,ils,swaps
miller_11,30,1,50,29,0,8,ils,swaps
miller_11,30,1,50,29,0,18,ils,swaps
miller_11,30,1,50,29,0,10,ils,swaps
miller_11,30,1,50,29,0,12,ils,swaps
miller_11,30,1,50,29,0,20,ils,swaps
miller_11,30,1,50,29,0,21,ils,swaps
miller_11,30,1,50,29,0,17,ils,swaps
miller_11,30,1,50,29,0,24,ils,swaps
miller_11,30,1,50,29,0,25,ils,swaps
miller_11,30,1,50,29,0,19,ils,swaps
miller_11,30,1,50,29,0,28,ils,swaps
miller_11,30,1,50,29,0,22,ils,swaps
miller_11,30,1,50,29,0,29,ils,swaps
miller_11,30,1,50,29,0,23,ils,swaps
miller_11,30,1,50,29,0,26,ils,swaps
miller_11,30,1,50,29,0,27,ils,swaps
miller_11,30,1,50,29,0,30,ils,swaps
4gt13_91,30,1,116,71,13,1,default,swaps
4gt13_91,30,1,116,71,13,3,default,swaps
4gt13_91,30,1,116,72,13,2,default,swaps
4gt13_91,30,1,116,71,13,5,default,swaps
4gt13_91,30,1,116,71,13,6,default,swaps
4gt13_91,30,1,116,71,13,9,default,swaps
4gt13_91,30,1,116,71,13,12,default,swaps
4gt13_91,30,1,116,71,13,13,default,swaps
4gt13_91,30,1,116,71,13,11,default,swaps
4gt13_91,30,1,116,72,13,4,default,swaps
4gt13_91,30,1,116,71,13,14,default,swaps
4gt13_91,30,1,116,70,13,7,default,swaps
4gt13_91,30,1,116,72,13,8,default,swaps
4gt13_91,30,1,116,71,13,18,default,swaps
4gt13_91,30,1,116,72,13,20,default,swaps
4gt13_91,30,1,116,72,13,21,default,swaps
4gt13_91,30,1,116,71,13,10,default,swaps
4gt13_91,30,1,116,71,13,22,default,swaps
4gt13_91,30,1,116,71,13,15,default,swaps
4gt13_91,30,1,116,72,13,16,default,swaps
4gt13_91,30,1,116,70,13,25,default,swaps
4gt13_91,30,1,116,71,13,17,default,swaps
4gt13_91,30,1,116,72,13,19,default,swaps
4gt13_91,30,1,116,71,13,28,default,swaps
4gt13_91,30,1,116,71,13,23,default,swaps
4gt13_91,30,1,116,71,13,29,default,swaps
4gt13_91,30,1,116,72,13,24,default,swaps
4gt13_91,30,1,116,71,13,26,default,swaps
4gt13_91,30,1,116,71,13,27,default,swaps
4gt13_91,30,1,116,71,13,30,default,swaps
4gt13_91,30,1,111,68,8,2,ils,swaps
4gt13_91,30,1,111,68,8,3,ils,swaps
4gt13_91,30,1,111,69,8,4,ils,swaps
4gt13_91,30,1,111,69,8,5,ils,swaps
4gt13_91,30,1,111,68,8,6,ils,swaps
4gt13_91,30,1,111,67,8,7,ils,swaps
4gt13_91,30,1,111,67,8,8,ils,swaps
4gt13_91,30,1,111,67,8,1,ils,swaps
4gt13_91,30,1,111,67,8,10,ils,swaps
4gt13_91,30,1,111,68,8,12,ils,swaps
4gt13_91,30,1,111,67,8,13,ils,swaps
4gt13_91,30,1,111,68,8,9,ils,swaps
4gt13_91,30,1,111,67,8,11,ils,swaps
4gt13_91,30,1,111,68,8,19,ils,swaps
4gt13_91,30,1,111,69,8,20,ils,swaps
4gt13_91,30,1,111,69,8,21,ils,swaps
4gt13_91,30,1,111,66,8,22,ils,swaps
4gt13_91,30,1,111,68,8,14,ils,swaps
4gt13_91,30,1,111,68,8,15,ils,swaps
4gt13_91,30,1,111,68,8,16,ils,swaps
4gt13_91,30,1,111,66,8,24,ils,swaps
4gt13_91,30,1,111,67,8,17,ils,swaps
4gt13_91,30,1,111,68,8,18,ils,swaps
4gt13_91,30,1,111,69,8,25,ils,swaps
4gt13_91,30,1,111,69,8,27,ils,swaps
4gt13_91,30,1,111,69,8,28,ils,swaps
4gt13_91,30,1,111,68,8,30,ils,swaps
4gt13_91,30,1,111,67,8,23,ils,swaps
4gt13_91,30,1,111,68,8,26,ils,swaps
4gt13_91,30,1,111,68,8,29,ils,swaps
0410184_169,30,2,239,132,28,1,default,swaps
0410184_169,30,2,240,133,29,5,default,swaps
0410184_169,30,2,238,130,27,3,default,swaps
0410184_169,30,2,237,121,26,4,default,swaps
0410184_169,30,2,240,123,29,8,default,swaps
0410184_169,30,2,242,129,31,6,default,swaps
0410184_169,30,2,240,132,29,7,default,swaps
0410184_169,30,2,240,133,29,11,default,swaps
0410184_169,30,2,238,129,27,9,default,swaps
0410184_169,30,2,242,128,31,2,default,swaps
0410184_169,30,2,244,131,33,12,default,swaps
0410184_169,30,2,241,135,30,13,default,swaps
0410184_169,30,2,241,127,30,16,default,swaps
0410184_169,30,2,244,133,33,10,default,swaps
0410184_169,30,2,244,133,33,21,default,swaps
0410184_169,30,2,242,124,31,20,default,swaps
0410184_169,30,2,241,128,30,22,default,swaps
0410184_169,30,2,242,133,31,14,default,swaps
0410184_169,30,2,239,132,28,23,default,swaps
0410184_169,30,2,241,125,30,15,default,swaps
0410184_169,30,2,236,126,25,24,default,swaps
0410184_169,30,2,239,124,28,17,default,swaps
0410184_169,30,2,241,134,30,28,default,swaps
0410184_169,30,2,243,136,32,26,default,swaps
0410184_169,30,2,241,128,30,18,default,swaps
0410184_169,30,2,241,129,30,30,default,swaps
0410184_169,30,2,243,132,32,19,default,swaps
0410184_169,30,2,238,131,27,27,default,swaps
0410184_169,30,2,238,125,27,29,default,swaps
0410184_169,30,2,239,122,28,25,default,swaps
0410184_169,30,2,214,106,3,1,ils,swaps
0410184_169,30,2,218,112,7,2,ils,swaps
0410184_169,30,2,214,106,3,4,ils,swaps
0410184_169,30,2,218,112,7,5,ils,swaps
0410184_169,30,2,219,112,8,6,ils,swaps
0410184_169,30,2,220,109,9,8,ils,swaps
0410184_169,30,2,214,106,3,7,ils,swaps
0410184_169,30,2,214,106,3,9,ils,swaps
0410184_169,30,2,219,110,8,10,ils,swaps
0410184_169,30,2,219,112,8,12,ils,swaps
0410184_169,30,2,220,111,9,3,ils,swaps
0410184_169,30,2,214,106,3,14,ils,swaps
0410184_169,30,2,219,111,8,15,ils,swaps
0410184_169,30,2,220,112,9,16,ils,swaps
0410184_169,30,2,218,111,7,18,ils,swaps
0410184_169,30,2,214,106,3,20,ils,swaps
0410184_169,30,2,218,111,7,11,ils,swaps
0410184_169,30,2,219,110,8,19,ils,swaps
0410184_169,30,2,219,111,8,21,ils,swaps
0410184_169,30,2,218,112,7,22,ils,swaps
0410184_169,30,2,219,112,8,13,ils,swaps
0410184_169,30,2,222,112,11,25,ils,swaps
0410184_169,30,2,219,111,8,17,ils,swaps
0410184_169,30,2,214,106,3,24,ils,swaps
0410184_169,30,2,218,107,7,26,ils,swaps
0410184_169,30,2,218,111,7,27,ils,swaps
0410184_169,30,2,219,110,8,29,ils,swaps
0410184_169,30,2,218,109,7,28,ils,swaps
0410184_169,30,2,214,106,3,30,ils,swaps
0410184_169,30,2,214,106,3,23,ils,swaps
ex3_229,30,2,434,242,31,3,default,swaps
ex3_229,30,2,427,243,24,1,default,swaps
ex3_229,30,2,435,249,32,2,default,swaps
ex3_229,30,2,429,244,26,5,default,swaps
ex3_229,30,2,427,245,24,4,default,swaps
ex3_229,30,2,426,244,23,6,default,swaps
ex3_229,30,2,432,246,29,8,default,swaps
ex3_229,30,2,438,251,35,9,default,swaps
ex3_229,30,2,428,247,25,11,default,swaps
ex3_229,30,2,428,248,25,10,default,swaps
ex3_229,30,2,434,246,31,12,default,swaps
ex3_229,30,2,434,245,31,7,default,swaps
ex3_229,30,2,432,245,29,13,default,swaps
ex3_229,30,2,428,244,25,14,default,swaps
ex3_229,30,2,434,245,31,17,default,swaps
ex3_229,30,2,434,243,31,15,default,swaps
ex3_229,30,2,428,246,25,16,default,swaps
ex3_229,30,2,438,250,35,18,default,swaps
ex3_229,30,2,428,244,25,19,default,swaps
ex3_229,30,2,434,248,31,26,default,swaps
ex3_229,30,2,428,249,25,20,default,swaps
ex3_229,30,2,427,244,24,28,default,swaps
ex3_229,30,2,438,248,35,21,default,swaps
ex3_229,30,2,431,240,28,22,default,swaps
ex3_229,30,2,427,243,24,23,default,swaps
ex3_229,30,2,427,244,24,24,default,swaps
ex3_229,30,2,429,247,26,25,default,swaps
ex3_229,30,2,429,248,26,27,default,swaps
ex3_229,30,2,440,249,37,30,default,swaps
ex3_229,30,2,429,249,26,29,default,swaps
ex3_229,30,2,410,234,7,2,ils,swaps
ex3_229,30,2,410,232,7,4,ils,swaps
ex3_229,30,2,410,231,7,5,ils,swaps
ex3_229,30,2,410,232,7,6,ils,swaps
ex3_229,30,2,410,232,7,7,ils,swaps
ex3_229,30,2,410,232,7,8,ils,swaps
ex3_229,30,2,410,232,7,9,ils,swaps
ex3_229,30,2,410,232,7,1,ils,swaps
ex3_229,30,2,410,231,7,3,ils,swaps
ex3_229,30,2,410,232,7,10,ils,swaps
ex3_229,30,2,410,232,7,12,ils,swaps
ex3_229,30,2,410,232,7,14,ils,swaps
ex3_229,30,2,410,232,7,16,ils,swaps
ex3_229,30,2,410,232,7,17,ils,swaps
ex3_229,30,2,410,233,7,11,ils,swaps
ex3_229,30,2,410,232,7,21,ils,swaps
ex3_229,30,2,410,232,7,13,ils,swaps
ex3_229,30,2,410,232,7,15,ils,swaps
ex3_229,30,2,410,233,7,23,ils,swaps
ex3_229,30,2,410,232,7,18,ils,swaps
ex3_229,30,2,410,233,7,19,ils,swaps
ex3_229,30,2,410,232,7,20,ils,swaps
ex3_229,30,2,410,233,7,30,ils,swaps
ex3_229,30,2,410,232,7,28,ils,swaps
ex3_229,30,2,410,231,7,22,ils,swaps
ex3_229,30,2,410,233,7,25,ils,swaps
ex3_229,30,2,410,233,7,24,ils,swaps
ex3_229,30,2,410,233,7,27,ils,swaps
ex3_229,30,2,410,233,7,26,ils,swaps
ex3_229,30,2,410,231,7,29,ils,swaps
rd53_131,30,3,527,313,58,1,default,swaps
rd53_131,30,3,512,296,43,2,default,swaps
rd53_131,30,3,498,274,29,3,default,swaps
rd53_131,30,3,513,292,44,7,default,swaps
rd53_131,30,3,515,297,46,4,default,swaps
rd53_131,30,3,525,301,56,11,default,swaps
rd53_131,30,3,511,295,42,5,default,swaps
rd53_131,30,3,504,289,35,13,default,swaps
rd53_131,30,3,517,297,48,14,default,swaps
rd53_131,30,3,504,286,35,10,default,swaps
rd53_131,30,3,512,297,43,6,default,swaps
rd53_131,30,3,511,292,42,9,default,swaps
rd53_131,30,3,504,288,35,8,default,swaps
rd53_131,30,3,504,287,35,22,default,swaps
rd53_131,30,3,513,295,44,12,default,swaps
rd53_131,30,3,522,301,53,16,default,swaps
rd53_131,30,3,508,287,39,15,default,swaps
rd53_131,30,3,519,300,50,17,default,swaps
rd53_131,30,3,507,283,38,18,default,swaps
rd53_131,30,3,517,299,48,19,default,swaps
rd53_131,30,3,515,298,46,20,default,swaps
rd53_131,30,3,521,304,52,21,default,swaps
rd53_131,30,3,508,292,39,23,default,swaps
rd53_131,30,3,512,296,43,24,default,swaps
rd53_131,30,3,514,297,45,25,default,swaps
rd53_131,30,3,508,287,39,26,default,swaps
rd53_131,30,3,507,288,38,27,default,swaps
rd53_131,30,3,515,297,46,29,default,swaps
rd53_131,30,3,512,287,43,28,default,swaps
rd53_131,30,3,512,294,43,30,default,swaps
rd53_131,30,3,484,272,15,1,ils,swaps
rd53_131,30,3,484,271,15,4,ils,swaps
rd53_131,30,3,484,273,15,5,ils,swaps
rd53_131,30,3,484,273,15,3,ils,swaps
rd53_131,30,3,484,272,15,2,ils,swaps
rd53_131,30,3,484,272,15,6,ils,swaps
rd53_131,30,3,484,272,15,7,ils,swaps
rd53_131,30,3,484,272,15,8,ils,swaps
rd53_131,30,3,485,272,16,10,ils,swaps
rd53_131,30,3,484,271,15,11,ils,swaps
rd53_131,30,3,484,273,15,12,ils,swaps
rd53_131,30,3,484,274,15,17,ils,swaps
rd53_131,30,3,484,274,15,18,ils,swaps
rd53_131,30,3,484,271,15,19,ils,swaps
rd53_131,30,3,484,273,15,9,ils,swaps
rd53_131,30,3,484,272,15,21,ils,swaps
rd53_131,30,3,489,271,20,20,ils,swaps
rd53_131,30,3,485,271,16,13,ils,swaps
rd53_131,30,3,484,274,15,23,ils,swaps
rd53_131,30,3,484,273,15,14,ils,swaps
rd53_131,30,3,484,274,15,15,ils,swaps
rd53_131,30,3,484,272,15,25,ils,swaps
rd53_131,30,3,484,272,15,26,ils,swaps
rd53_131,30,3,484,273,15,27,ils,swaps
rd53_131,30,3,484,273,15,28,ils,swaps
rd53_131,30,3,484,272,15,16,ils,swaps
rd53_131,30,3,484,272,15,22,ils,swaps
rd53_131,30,3,484,271,15,24,ils,swaps
rd53_131,30,3,485,272,16,29,ils,swaps
rd53_131,30,3,484,274,15,30,ils,swaps
sf_276,30,5,800,452,22,1,default,swaps
sf_276,30,5,800,453,22,2,default,swaps
sf_276,30,5,800,452,22,3,default,swaps
sf_276,30,5,801,454,23,4,default,swaps
sf_276,30,5,800,451,22,5,default,swaps
sf_276,30,5,800,453,22,8,default,swaps
sf_276,30,5,800,453,22,6,default,swaps
sf_276,30,5,801,454,23,7,default,swaps
sf_276,30,5,800,453,22,12,default,swaps
sf_276,30,5,800,452,22,11,default,swaps
sf_276,30,5,800,450,22,10,default,swaps
sf_276,30,5,829,474,51,15,default,swaps
sf_276,30,5,800,453,22,16,default,swaps
sf_276,30,5,800,453,22,18,default,swaps
sf_276,30,5,800,451,22,19,default,swaps
sf_276,30,5,800,454,22,9,default,swaps
sf_276,30,5,800,449,22,21,default,swaps
sf_276,30,5,800,455,22,23,default,swaps
sf_276,30,5,800,454,22,13,default,swaps
sf_276,30,5,800,454,22,14,default,swaps
sf_276,30,5,800,457,22,26,default,swaps
sf_276,30,5,800,449,22,17,default,swaps
sf_276,30,5,800,450,22,28,default,swaps
sf_276,30,5,800,451,22,20,default,swaps
sf_276,30,5,800,453,22,30,default,swaps
sf_276,30,5,801,452,23,22,default,swaps
sf_276,30,5,800,454,22,24,default,swaps
sf_276,30,5,800,455,22,25,default,swaps
sf_276,30,5,800,451,22,27,default,swaps
sf_276,30,5,800,452,22,29,default,swaps
sf_276,30,5,786,443,8,2,ils,swaps
sf_276,30,5,786,445,8,1,ils,swaps
sf_276,30,5,786,444,8,4,ils,swaps
sf_276,30,5,786,445,8,5,ils,swaps
sf_276,30,5,786,445,8,7,ils,swaps
sf_276,30,5,786,444,8,10,ils,swaps
sf_276,30,5,786,443,8,8,ils,swaps
sf_276,30,5,786,445,8,9,ils,swaps
sf_276,30,5,786,442,8,14,ils,swaps
sf_276,30,5,786,444,8,13,ils,swaps
sf_276,30,5,786,444,8,3,ils,swaps
sf_276,30,5,786,443,8,6,ils,swaps
sf_276,30,5,786,443,8,11,ils,swaps
sf_276,30,5,786,445,8,16,ils,swaps
sf_276,30,5,786,445,8,12,ils,swaps
sf_276,30,5,786,444,8,18,ils,swaps
sf_276,30,5,786,443,8,22,ils,swaps
sf_276,30,5,786,444,8,15,ils,swaps
sf_276,30,5,786,445,8,17,ils,swaps
sf_276,30,5,786,444,8,27,ils,swaps
sf_276,30,5,786,444,8,26,ils,swaps
sf_276,30,5,786,442,8,20,ils,swaps
sf_276,30,5,786,444,8,25,ils,swaps
sf_276,30,5,786,444,8,19,ils,swaps
sf_276,30,5,786,443,8,28,ils,swaps
sf_276,30,5,786,444,8,21,ils,swaps
sf_276,30,5,786,445,8,23,ils,swaps
sf_276,30,5,786,442,8,24,ils,swaps
sf_276,30,5,786,445,8,29,ils,swaps
sf_276,30,5,786,443,8,30,ils,swaps
rd53_251,30,4,1392,789,101,1,default,swaps
rd53_251,30,4,1368,768,77,2,default,swaps
rd53_251,30,4,1362,768,71,3,default,swaps
rd53_251,30,4,1372,773,81,4,default,swaps
rd53_251,30,4,1378,787,87,6,default,swaps
rd53_251,30,4,1374,776,83,5,default,swaps
rd53_251,30,4,1377,775,86,13,default,swaps
rd53_251,30,4,1384,789,93,8,default,swaps
rd53_251,30,4,1378,775,87,16,default,swaps
rd53_251,30,4,1375,779,84,7,default,swaps
rd53_251,30,4,1377,782,86,9,default,swaps
rd53_251,30,4,1379,771,88,11,default,swaps
rd53_251,30,4,1370,771,79,10,default,swaps
rd53_251,30,4,1379,792,88,22,default,swaps
rd53_251,30,4,1374,783,83,23,default,swaps
rd53_251,30,4,1373,783,82,18,default,swaps
rd53_251,30,4,1376,774,85,12,default,swaps
rd53_251,30,4,1364,772,73,14,default,swaps
rd53_251,30,4,1364,782,73,15,default,swaps
rd53_251,30,4,1384,786,93,17,default,swaps
rd53_251,30,4,1398,800,107,26,default,swaps
rd53_251,30,4,1385,784,94,19,default,swaps
rd53_251,30,4,1379,783,88,20,default,swaps
rd53_251,30,4,1364,770,73,21,default,swaps
rd53_251,30,4,1381,793,90,24,default,swaps
rd53_251,30,4,1382,785,91,25,default,swaps
rd53_251,30,4,1377,783,86,27,default,swaps
rd53_251,30,4,1384,792,93,28,default,swaps
rd53_251,30,4,1369,768,78,29,default,swaps
rd53_251,30,4,1378,791,87,30,default,swaps
rd53_251,30,4,1375,779,84,2,ils,swaps
rd53_251,30,4,1365,772,74,4,ils,swaps
rd53_251,30,4,1378,782,87,6,ils,swaps
rd53_251,30,4,1372,780,81,5,ils,swaps
rd53_251,30,4,1363,772,72,10,ils,swaps
rd53_251,30,4,1379,786,88,7,ils,swaps
rd53_251,30,4,1375,791,84,11,ils,swaps
rd53_251,30,4,1369,775,78,12,ils,swaps
rd53_251,30,4,1380,791,89,8,ils,swaps
rd53_251,30,4,1377,780,86,14,ils,swaps
rd53_251,30,4,1387,799,96,16,ils,swaps
rd53_251,30,4,1375,788,84,15,ils,swaps
rd53_251,30,4,1376,780,85,18,ils,swaps
rd53_251,30,4,1373,782,82,20,ils,swaps
rd53_251,30,4,1370,776,79,19,ils,swaps
rd53_251,30,4,1370,776,79,21,ils,swaps
rd53_251,30,4,1377,788,86,3,ils,swaps
rd53_251,30,4,1371,771,80,1,ils,swaps
rd53_251,30,4,1378,787,87,23,ils,swaps
rd53_251,30,4,1371,774,80,25,ils,swaps
rd53_251,30,4,1378,793,87,26,ils,swaps
rd53_251,30,4,1386,799,95,24,ils,swaps
rd53_251,30,4,1373,789,82,9,ils,swaps
rd53_251,30,4,1373,776,82,27,ils,swaps
rd53_251,30,4,1381,798,90,28,ils,swaps
rd53_251,30,4,1367,772,76,22,ils,swaps
rd53_251,30,4,1376,782,85,13,ils,swaps
rd53_251,30,4,1372,792,81,17,ils,swaps
rd53_251,30,4,1375,786,84,29,ils,swaps
rd53_251,30,4,1375,790,84,30,ils,swaps
sqrt8_260,30,22,3277,1877,268,1,default,swaps
sqrt8_260,30,22,3307,1888,298,6,default,swaps
sqrt8_260,30,22,3262,1856,253,3,default,swaps
sqrt8_260,30,22,3269,1867,260,2,default,swaps
sqrt8_260,30,22,3285,1889,276,5,default,swaps
sqrt8_260,30,22,3255,1857,246,11,default,swaps
sqrt8_260,30,22,3228,1809,219,14,default,swaps
sqrt8_260,30,22,3249,1836,240,7,default,swaps
sqrt8_260,30,22,3253,1839,244,8,default,swaps
sqrt8_260,30,22,3258,1875,249,9,default,swaps
sqrt8_260,30,22,3256,1853,247,10,default,swaps
sqrt8_260,30,22,3286,1875,277,17,default,swaps
sqrt8_260,30,22,3261,1861,252,16,default,swaps
sqrt8_260,30,22,3268,1843,259,18,default,swaps
sqrt8_260,30,22,3258,1844,249,13,default,swaps
sqrt8_260,30,22,3262,1863,253,26,default,swaps
sqrt8_260,30,22,3249,1813,240,23,default,swaps
sqrt8_260,30,22,3235,1846,226,22,default,swaps
sqrt8_260,30,22,3273,1875,264,25,default,swaps
sqrt8_260,30,22,3274,1880,265,27,default,swaps
sqrt8_260,30,22,3307,1903,298,4,default,swaps
sqrt8_260,30,22,3269,1838,260,29,default,swaps
sqrt8_260,30,22,3245,1849,236,12,default,swaps
sqrt8_260,30,22,3269,1842,260,15,default,swaps
sqrt8_260,30,22,3271,1861,262,19,default,swaps
sqrt8_260,30,22,3270,1862,261,20,default,swaps
sqrt8_260,30,22,3254,1847,245,21,default,swaps
sqrt8_260,30,22,3261,1854,252,24,default,swaps
sqrt8_260,30,22,3291,1882,282,28,default,swaps
sqrt8_260,30,22,3246,1824,237,30,default,swaps
sqrt8_260,30,22,3226,1825,217,2,ils,swaps
sqrt8_260,30,22,3263,1864,254,3,ils,swaps
sqrt8_260,30,22,3206,1801,197,8,ils,swaps
sqrt8_260,30,22,3240,1858,231,1,ils,swaps
sqrt8_260,30,22,3230,1825,221,7,ils,swaps
sqrt8_260,30,22,3216,1822,207,5,ils,swaps
sqrt8_260,30,22,3247,1841,238,6,ils,swaps
sqrt8_260,30,22,3246,1851,237,9,ils,swaps
sqrt8_260,30,22,3226,1834,217,15,ils,swaps
sqrt8_260,30,22,3191,1799,182,14,ils,swaps
sqrt8_260,30,22,3236,1846,227,13,ils,swaps
sqrt8_260,30,22,3256,1841,247,20,ils,swaps
sqrt8_260,30,22,3216,1827,207,4,ils,swaps
sqrt8_260,30,22,3188,1786,179,17,ils,swaps
sqrt8_260,30,22,3244,1845,235,24,ils,swaps
sqrt8_260,30,22,3196,1812,187,19,ils,swaps
sqrt8_260,30,22,3206,1817,197,23,ils,swaps
sqrt8_260,30,22,3229,1831,220,28,ils,swaps
sqrt8_260,30,22,3224,1829,215,30,ils,swaps
sqrt8_260,30,22,3210,1810,201,27,ils,swaps
sqrt8_260,30,22,3258,1862,249,26,ils,swaps
sqrt8_260,30,22,3199,1812,190,12,ils,swaps
sqrt8_260,30,22,3230,1830,221,11,ils,swaps
sqrt8_260,30,22,3246,1839,237,10,ils,swaps
sqrt8_260,30,22,3210,1800,201,16,ils,swaps
sqrt8_260,30,22,3243,1844,234,18,ils,swaps
sqrt8_260,30,22,3233,1829,224,22,ils,swaps
sqrt8_260,30,22,3221,1821,212,25,ils,swaps
sqrt8_260,30,22,3206,1811,197,21,ils,swaps
sqrt8_260,30,22,3195,1825,186,29,ils,swaps
misex1_241,30,18,5003,2799,190,5,default,swaps
misex1_241,30,18,5102,2902,289,6,default,swaps
misex1_241,30,18,5072,2869,259,2,default,swaps
misex1_241,30,18,5040,2833,227,4,default,swaps
misex1_241,30,18,5086,2885,273,8,default,swaps
misex1_241,30,18,5111,2900,298,7,default,swaps
misex1_241,30,18,5045,2834,232,15,default,swaps
misex1_241,30,18,5012,2819,199,13,default,swaps
misex1_241,30,18,5000,2820,187,12,default,swaps
misex1_241,30,18,4996,2790,183,18,default,swaps
misex1_241,30,18,5062,2850,249,1,default,swaps
misex1_241,30,18,5106,2918,293,20,default,swaps
misex1_241,30,18,5038,2802,225,21,default,swaps
misex1_241,30,18,5034,2829,221,22,default,swaps
misex1_241,30,18,5050,2848,237,19,default,swaps
misex1_241,30,18,5076,2885,263,3,default,swaps
misex1_241,30,18,5083,2884,270,25,default,swaps
misex1_241,30,18,5043,2842,230,29,default,swaps
misex1_241,30,18,5003,2823,190,9,default,swaps
misex1_241,30,18,5064,2845,251,23,default,swaps
misex1_241,30,18,5085,2886,272,10,default,swaps
misex1_241,30,18,5049,2838,236,27,default,swaps
misex1_241,30,18,5047,2840,234,11,default,swaps
misex1_241,30,18,5084,2871,271,28,default,swaps
misex1_241,30,18,5096,2911,283,14,default,swaps
misex1_241,30,18,5037,2842,224,16,default,swaps
misex1_241,30,18,5010,2830,197,17,default,swaps
misex1_241,30,18,5103,2897,290,26,default,swaps
misex1_241,30,18,5134,2934,321,24,default,swaps
misex1_241,30,18,5046,2845,233,30,default,swaps
misex1_241,30,18,4987,2800,174,1,ils,swaps
misex1_241,30,18,5030,2821,217,2,ils,swaps
misex1_241,30,18,5019,2818,206,8,ils,swaps
misex1_241,30,18,5008,2824,195,9,ils,swaps
misex1_241,30,18,4984,2791,171,3,ils,swaps
misex1_241,30,18,5012,2801,199,13,ils,swaps
misex1_241,30,18,5058,2842,245,4,ils,swaps
misex1_241,30,18,5057,2839,244,5,ils,swaps
misex1_241,30,18,5038,2843,225,17,ils,swaps
misex1_241,30,18,5082,2896,269,16,ils,swaps
misex1_241,30,18,5033,2836,220,15,ils,swaps
misex1_241,30,18,5037,2848,224,12,ils,swaps
misex1_241,30,18,5013,2803,200,6,ils,swaps
misex1_241,30,18,5003,2811,190,18,ils,swaps
misex1_241,30,18,5063,2867,250,11,ils,swaps
misex1_241,30,18,5007,2815,194,30,ils,swaps
misex1_241,30,18,5032,2848,219,26,ils,swaps
misex1_241,30,18,5043,2849,230,20,ils,swaps
misex1_241,30,18,5046,2846,233,21,ils,swaps
misex1_241,30,18,5084,2890,271,7,ils,swaps
misex1_241,30,18,4996,2808,183,10,ils,swaps
misex1_241,30,18,5037,2848,224,14,ils,swaps
misex1_241,30,18,5046,2855,233,19,ils,swaps
misex1_241,30,18,5084,2903,271,23,ils,swaps
misex1_241,30,18,5026,2828,213,22,ils,swaps
misex1_241,30,18,5010,2831,197,25,ils,swaps
misex1_241,30,18,5006,2831,193,27,ils,swaps
misex1_241,30,18,4999,2796,186,24,ils,swaps
misex1_241,30,18,5116,2929,303,28,ils,swaps
misex1_241,30,18,5027,2831,214,29,ils,swaps
cycle10_2_110,30,60,6525,3787,475,4,default,swaps
cycle10_2_110,30,60,6570,3804,520,5,default,swaps
cycle10_2_110,30,60,6669,3866,619,7,default,swaps
cycle10_2_110,30,60,6618,3844,568,14,default,swaps
cycle10_2_110,30,60,6635,3825,585,13,default,swaps
cycle10_2_110,30,60,6569,3788,519,3,default,swaps
cycle10_2_110,30,60,6595,3823,545,8,default,swaps
cycle10_2_110,30,60,6627,3844,577,1,default,swaps
cycle10_2_110,30,60,6535,3774,485,9,default,swaps
cycle10_2_110,30,60,6676,3889,626,10,default,swaps
cycle10_2_110,30,60,6625,3838,575,11,default,swaps
cycle10_2_110,30,60,6558,3773,508,12,default,swaps
cycle10_2_110,30,60,6598,3793,548,19,default,swaps
cycle10_2_110,30,60,6599,3829,549,21,default,swaps
cycle10_2_110,30,60,6558,3809,508,18,default,swaps
cycle10_2_110,30,60,6565,3806,515,24,default,swaps
cycle10_2_110,30,60,6548,3755,498,20,default,swaps
cycle10_2_110,30,60,6605,3836,555,2,default,swaps
cycle10_2_110,30,60,6530,3786,480,26,default,swaps
cycle10_2_110,30,60,6565,3793,515,6,default,swaps
cycle10_2_110,30,60,6564,3808,514,30,default,swaps
cycle10_2_110,30,60,6631,3847,581,25,default,swaps
cycle10_2_110,30,60,6603,3821,553,28,default,swaps
cycle10_2_110,30,60,6623,3783,573,15,default,swaps
cycle10_2_110,30,60,6544,3765,494,16,default,swaps
cycle10_2_110,30,60,6548,3784,498,17,default,swaps
cycle10_2_110,30,60,6543,3767,493,23,default,swaps
cycle10_2_110,30,60,6612,3810,562,22,default,swaps
cycle10_2_110,30,60,6530,3745,480,27,default,swaps
cycle10_2_110,30,60,6500,3711,450,29,default,swaps
cycle10_2_110,30,60,6477,3753,427,3,ils,swaps
cycle10_2_110,30,60,6464,3763,414,1,ils,swaps
cycle10_2_110,30,60,6547,3779,497,2,ils,swaps
cycle10_2_110,30,60,6431,3703,381,5,ils,swaps
cycle10_2_110,30,60,6475,3713,425,4,ils,swaps
cycle10_2_110,30,60,6530,3768,480,6,ils,swaps
cycle10_2_110,30,60,6423,3696,373,7,ils,swaps
cycle10_2_110,30,60,6537,3783,487,8,ils,swaps
cycle10_2_110,30,60,6490,3721,440,9,ils,swaps
cycle10_2_110,30,60,6527,3736,477,10,ils,swaps
cycle10_2_110,30,60,6528,3748,478,16,ils,swaps
cycle10_2_110,30,60,6459,3718,409,11,ils,swaps
cycle10_2_110,30,60,6505,3728,455,12,ils,swaps
cycle10_2_110,30,60,6464,3705,414,22,ils,swaps
cycle10_2_110,30,60,6502,3753,452,29,ils,swaps
cycle10_2_110,30,60,6551,3752,501,28,ils,swaps
cycle10_2_110,30,60,6530,3741,480,13,ils,swaps
cycle10_2_110,30,60,6469,3720,419,26,ils,swaps
cycle10_2_110,30,60,6546,3768,496,14,ils,swaps
cycle10_2_110,30,60,6466,3730,416,15,ils,swaps
cycle10_2_110,30,60,6488,3722,438,17,ils,swaps
cycle10_2_110,30,60,6495,3747,445,18,ils,swaps
cycle10_2_110,30,60,6441,3661,391,24,ils,swaps
cycle10_2_110,30,60,6453,3679,403,20,ils,swaps
cycle10_2_110,30,60,6494,3723,444,19,ils,swaps
cycle10_2_110,30,60,6423,3673,373,21,ils,swaps
cycle10_2_110,30,60,6502,3763,452,23,ils,swaps
cycle10_2_110,30,60,6483,3717,433,25,ils,swaps
cycle10_2_110,30,60,6548,3779,498,27,ils,swaps
cycle10_2_110,30,60,6490,3768,440,30,ils,swaps
square_root_7,30,47,8121,4209,491,2,default,swaps
square_root_7,30,47,8112,4197,482,10,default,swaps
square_root_7,30,47,8103,4175,473,13,default,swaps
square_root_7,30,47,8102,4206,472,7,default,swaps
square_root_7,30,47,8112,4147,482,16,default,swaps
square_root_7,30,47,8132,4179,502,14,default,swaps
square_root_7,30,47,8068,4135,438,17,default,swaps
square_root_7,30,47,8088,4157,458,4,default,swaps
square_root_7,30,47,7983,4051,353,3,default,swaps
square_root_7,30,47,8182,4221,552,18,default,swaps
square_root_7,30,47,8064,4140,434,5,default,swaps
square_root_7,30,47,8109,4128,479,8,default,swaps
square_root_7,30,47,8133,4223,503,19,default,swaps
square_root_7,30,47,8143,4240,513,9,default,swaps
square_root_7,30,47,8044,4109,414,15,default,swaps
square_root_7,30,47,8028,4095,398,24,default,swaps
square_root_7,30,47,8147,4186,517,1,default,swaps
square_root_7,30,47,8080,4158,450,27,default,swaps
square_root_7,30,47,8110,4157,480,20,default,swaps
square_root_7,30,47,8074,4185,444,6,default,swaps
square_root_7,30,47,7995,4076,365,11,default,swaps
square_root_7,30,47,7980,4044,350,23,default,swaps
square_root_7,30,47,8136,4192,506,25,default,swaps
square_root_7,30,47,8109,4152,479,12,default,swaps
square_root_7,30,47,8159,4214,529,30,default,swaps
square_root_7,30,47,8150,4220,520,28,default,swaps
square_root_7,30,47,8173,4249,543,21,default,swaps
square_root_7,30,47,8140,4211,510,22,default,swaps
square_root_7,30,47,8122,4166,492,29,default,swaps
square_root_7,30,47,8051,4123,421,26,default,swaps
square_root_7,30,47,8136,4172,506,3,ils,swaps
square_root_7,30,47,8029,4126,399,1,ils,swaps
square_root_7,30,47,8026,4144,396,9,ils,swaps
square_root_7,30,47,7983,4053,353,7,ils,swaps
square_root_7,30,47,8123,4202,493,8,ils,swaps
square_root_7,30,47,8049,4138,419,10,ils,swaps
square_root_7,30,47,7998,4100,368,2,ils,swaps
square_root_7,30,47,8037,4157,407,4,ils,swaps
square_root_7,30,47,8037,4094,407,6,ils,swaps
square_root_7,30,47,8151,4206,521,5,ils,swaps
square_root_7,30,47,8010,4078,380,15,ils,swaps
square_root_7,30,47,8093,4209,463,13,ils,swaps
square_root_7,30,47,8043,4084,413,14,ils,swaps
square_root_7,30,47,8113,4184,483,16,ils,swaps
square_root_7,30,47,8079,4129,449,28,ils,swaps
square_root_7,30,47,8079,4181,449,11,ils,swaps
square_root_7,30,47,7999,4076,369,12,ils,swaps
square_root_7,30,47,8095,4209,465,26,ils,swaps
square_root_7,30,47,8057,4163,427,18,ils,swaps
square_root_7,30,47,7976,4089,346,30,ils,swaps
square_root_7,30,47,8002,4131,372,17,ils,swaps
square_root_7,30,47,8033,4092,403,19,ils,swaps
square_root_7,30,47,7990,4085,360,21,ils,swaps
square_root_7,30,47,8104,4192,474,20,ils,swaps
square_root_7,30,47,8089,4131,459,22,ils,swaps
square_root_7,30,47,8119,4163,489,23,ils,swaps
square_root_7,30,47,8061,4131,431,25,ils,swaps
square_root_7,30,47,8083,4147,453,24,ils,swaps
square_root_7,30,47,7985,4076,355,27,ils,swaps
square_root_7,30,47,8008,4138,378,29,ils,swaps
sqn_258,30,100,10942,6121,719,1,default,swaps
sqn_258,30,100,11014,6092,791,6,default,swaps
sqn_258,30,100,11077,6182,854,3,default,swaps
sqn_258,30,100,10989,6056,766,2,default,swaps
sqn_258,30,100,10959,6091,736,12,default,swaps
sqn_258,30,100,10930,6064,707,7,default,swaps
sqn_258,30,100,10961,6083,738,4,default,swaps
sqn_258,30,100,11024,6114,801,13,default,swaps
sqn_258,30,100,10992,6096,769,5,default,swaps
sqn_258,30,100,10975,6096,752,15,default,swaps
sqn_258,30,100,11036,6093,813,11,default,swaps
sqn_258,30,100,11151,6237,928,9,default,swaps
sqn_258,30,100,10998,6095,775,24,default,swaps
sqn_258,30,100,11002,6132,779,21,default,swaps
sqn_258,30,100,11052,6221,829,10,default,swaps
sqn_258,30,100,11069,6191,846,27,default,swaps
sqn_258,30,100,11057,6138,834,29,default,swaps
sqn_258,30,100,11029,6149,806,8,default,swaps
sqn_258,30,100,11004,6084,781,22,default,swaps
sqn_258,30,100,11012,6104,789,14,default,swaps
sqn_258,30,100,11012,6160,789,16,default,swaps
sqn_258,30,100,10902,6032,679,26,default,swaps
sqn_258,30,100,11023,6112,800,30,default,swaps
sqn_258,30,100,10996,6108,773,17,default,swaps
sqn_258,30,100,11018,6130,795,19,default,swaps
sqn_258,30,100,10966,6094,743,18,default,swaps
sqn_258,30,100,11013,6193,790,23,default,swaps
sqn_258,30,100,10962,6057,739,20,default,swaps
sqn_258,30,100,11048,6169,825,25,default,swaps
sqn_258,30,100,11003,6120,780,28,default,swaps
sqn_258,30,100,11013,6063,790,4,ils,swaps
sqn_258,30,100,10933,6008,710,5,ils,swaps
sqn_258,30,100,10876,6028,653,12,ils,swaps
sqn_258,30,100,10989,6095,766,13,ils,swaps
sqn_258,30,100,10963,6126,740,2,ils,swaps
sqn_258,30,100,10932,6064,709,14,ils,swaps
sqn_258,30,100,10799,5918,576,15,ils,swaps
sqn_258,30,100,10835,5980,612,3,ils,swaps
sqn_258,30,100,10917,6053,694,10,ils,swaps
sqn_258,30,100,10797,5928,574,7,ils,swaps
sqn_258,30,100,10999,6109,776,16,ils,swaps
sqn_258,30,100,10838,5975,615,8,ils,swaps
sqn_258,30,100,10922,6010,699,9,ils,swaps
sqn_258,30,100,10855,5927,632,21,ils,swaps
sqn_258,30,100,10900,6047,677,24,ils,swaps
sqn_258,30,100,10769,5910,546,28,ils,swaps
sqn_258,30,100,11026,6172,803,1,ils,swaps
sqn_258,30,100,11042,6145,819,25,ils,swaps
sqn_258,30,100,10995,6161,772,6,ils,swaps
sqn_258,30,100,10739,5874,516,18,ils,swaps
sqn_258,30,100,10861,6008,638,17,ils,swaps
sqn_258,30,100,10881,6022,658,11,ils,swaps
sqn_258,30,100,10902,6053,679,19,ils,swaps
sqn_258,30,100,11026,6108,803,20,ils,swaps
sqn_258,30,100,10799,5917,576,23,ils,swaps
sqn_258,30,100,10790,5909,567,22,ils,swaps
sqn_258,30,100,10984,6097,761,26,ils,swaps
sqn_258,30,100,10892,5992,669,30,ils,swaps
sqn_258,30,100,10872,6001,649,27,ils,swaps
sqn_258,30,100,10915,5999,692,29,ils,swaps
root_255,30,120,18696,10193,1537,13,default,swaps
root_255,30,120,18766,10293,1607,14,default,swaps
root_255,30,120,18701,10172,1542,1,default,swaps
root_255,30,120,18833,10308,1674,3,default,swaps
root_255,30,120,18728,10161,1569,4,default,swaps
root_255,30,120,18783,10350,1624,9,default,swaps
root_255,30,120,18721,10204,1562,12,default,swaps
root_255,30,120,18692,10069,1533,10,default,swaps
root_255,30,120,18700,10226,1541,6,default,swaps
root_255,30,120,18766,10292,1607,21,default,swaps
root_255,30,120,18659,10317,1500,8,default,swaps
root_255,30,120,18870,10453,1711,2,default,swaps
root_255,30,120,18673,10222,1514,5,default,swaps
root_255,30,120,18690,10268,1531,7,default,swaps
root_255,30,120,18852,10428,1693,26,default,swaps
root_255,30,120,18741,10245,1582,23,default,swaps
root_255,30,120,18709,10152,1550,17,default,swaps
root_255,30,120,18753,10291,1594,11,default,swaps
root_255,30,120,18680,10206,1521,15,default,swaps
root_255,30,120,18669,10249,1510,16,default,swaps
root_255,30,120,18638,10142,1479,28,default,swaps
root_255,30,120,18727,10223,1568,18,default,swaps
root_255,30,120,18706,10236,1547,20,default,swaps
root_255,30,120,18696,10195,1537,19,default,swaps
root_255,30,120,18748,10227,1589,22,default,swaps
root_255,30,120,18911,10410,1752,24,default,swaps
root_255,30,120,18598,10083,1439,29,default,swaps
root_255,30,120,18825,10318,1666,25,default,swaps
root_255,30,120,18642,10178,1483,27,default,swaps
root_255,30,120,18658,10309,1499,30,default,swaps
root_255,30,120,18264,9901,1105,2,ils,swaps
root_255,30,120,18545,10145,1386,4,ils,swaps
root_255,30,120,18540,10097,1381,3,ils,swaps
root_255,30,120,18273,9800,1114,1,ils,swaps
root_255,30,120,18292,9896,1133,5,ils,swaps
root_255,30,120,18663,10212,1504,8,ils,swaps
root_255,30,120,18263,9845,1104,11,ils,swaps
root_255,30,120,18559,10282,1400,14,ils,swaps
root_255,30,120,18318,9795,1159,6,ils,swaps
root_255,30,120,18531,10087,1372,17,ils,swaps
root_255,30,120,18352,9985,1193,22,ils,swaps
root_255,30,120,18652,10146,1493,18,ils,swaps
root_255,30,120,18115,9672,956,7,ils,swaps
root_255,30,120,18677,10228,1518,26,ils,swaps
root_255,30,120,18204,9722,1045,12,ils,swaps
root_255,30,120,18342,9973,1183,21,ils,swaps
root_255,30,120,18616,10156,1457,13,ils,swaps
root_255,30,120,18388,9902,1229,9,ils,swaps
root_255,30,120,18331,9845,1172,29,ils,swaps
root_255,30,120,18615,10113,1456,15,ils,swaps
root_255,30,120,18686,10283,1527,10,ils,swaps
root_255,30,120,18487,10024,1328,16,ils,swaps
root_255,30,120,18174,9779,1015,24,ils,swaps
root_255,30,120,18296,9929,1137,19,ils,swaps
root_255,30,120,18401,10003,1242,25,ils,swaps
root_255,30,120,18527,9911,1368,20,ils,swaps
root_255,30,120,18429,9947,1270,23,ils,swaps
root_255,30,120,18409,9918,1250,30,ils,swaps
root_255,30,120,18613,10141,1454,28,ils,swaps
root_255,30,120,18502,9897,1343,27,ils,swaps
urf2_277,30,400,22660,13453,2548,11,default,swaps
urf2_277,30,400,22730,13493,2618,15,default,swaps
urf2_277,30,400,22593,13416,2481,13,default,swaps
urf2_277,30,400,22648,13442,2536,14,default,swaps
urf2_277,30,400,22686,13467,2574,7,default,swaps
urf2_277,30,400,22567,13436,2455,10,default,swaps
urf2_277,30,400,22628,13362,2516,5,default,swaps
urf2_277,30,400,22678,13490,2566,3,default,swaps
urf2_277,30,400,22572,13443,2460,2,default,swaps
urf2_277,30,400,22413,13427,2301,8,default,swaps
urf2_277,30,400,22610,13439,2498,1,default,swaps
urf2_277,30,400,22680,13533,2568,6,default,swaps
urf2_277,30,400,22606,13434,2494,9,default,swaps
urf2_277,30,400,22698,13485,2586,21,default,swaps
urf2_277,30,400,22471,13400,2359,4,default,swaps
urf2_277,30,400,22614,13491,2502,26,default,swaps
urf2_277,30,400,22680,13482,2568,24,default,swaps
urf2_277,30,400,22538,13395,2426,28,default,swaps
urf2_277,30,400,22555,13486,2443,16,default,swaps
urf2_277,30,400,22599,13426,2487,18,default,swaps
urf2_277,30,400,22713,13510,2601,17,default,swaps
urf2_277,30,400,22679,13491,2567,12,default,swaps
urf2_277,30,400,22671,13445,2559,20,default,swaps
urf2_277,30,400,22779,13613,2667,19,default,swaps
urf2_277,30,400,22366,13435,2254,25,default,swaps
urf2_277,30,400,22681,13455,2569,23,default,swaps
urf2_277,30,400,22701,13483,2589,22,default,swaps
urf2_277,30,400,22632,13374,2520,27,default,swaps
urf2_277,30,400,22642,13433,2530,30,default,swaps
urf2_277,30,400,22405,13380,2293,29,default,swaps
urf2_277,30,400,22193,13296,2081,7,ils,swaps
urf2_277,30,400,22310,13378,2198,2,ils,swaps
urf2_277,30,400,22366,13364,2254,6,ils,swaps
urf2_277,30,400,22336,13378,2224,4,ils,swaps
urf2_277,30,400,22197,13406,2085,1,ils,swaps
urf2_277,30,400,22167,13299,2055,3,ils,swaps
urf2_277,30,400,22162,13358,2050,8,ils,swaps
urf2_277,30,400,22181,13298,2069,5,ils,swaps
urf2_277,30,400,22658,13437,2546,10,ils,swaps
urf2_277,30,400,22165,13318,2053,9,ils,swaps
urf2_277,30,400,22406,13389,2294,15,ils,swaps
urf2_277,30,400,22193,13342,2081,20,ils,swaps
urf2_277,30,400,22638,13527,2526,22,ils,swaps
urf2_277,30,400,22205,13299,2093,11,ils,swaps
urf2_277,30,400,22276,13375,2164,12,ils,swaps
urf2_277,30,400,22602,13419,2490,19,ils,swaps
urf2_277,30,400,22204,13349,2092,16,ils,swaps
urf2_277,30,400,22398,13371,2286,21,ils,swaps
urf2_277,30,400,22507,13441,2395,17,ils,swaps
urf2_277,30,400,22633,13434,2521,13,ils,swaps
urf2_277,30,400,22327,13371,2215,18,ils,swaps
urf2_277,30,400,22295,13310,2183,14,ils,swaps
urf2_277,30,400,22215,13325,2103,28,ils,swaps
urf2_277,30,400,22164,13260,2052,25,ils,swaps
urf2_277,30,400,22384,13403,2272,27,ils,swaps
urf2_277,30,400,22410,13379,2298,23,ils,swaps
urf2_277,30,400,22679,13449,2567,29,ils,swaps
urf2_277,30,400,22527,13451,2415,26,ils,swaps
urf2_277,30,400,22176,13265,2064,24,ils,swaps
urf2_277,30,400,22227,13312,2115,30,ils,swaps
clip_206,30,550,37236,20750,3409,5,default,swaps
clip_206,30,550,36935,20528,3108,3,default,swaps
clip_206,30,550,37180,20561,3353,8,default,swaps
clip_206,30,550,37077,20719,3250,2,default,swaps
clip_206,30,550,36918,20586,3091,1,default,swaps
clip_206,30,550,37224,20739,3397,7,default,swaps
clip_206,30,550,37080,20689,3253,4,default,swaps
clip_206,30,550,36920,20449,3093,6,default,swaps
clip_206,30,550,37049,20813,3222,18,default,swaps
clip_206,30,550,37029,20654,3202,15,default,swaps
clip_206,30,550,37228,20778,3401,9,default,swaps
clip_206,30,550,37141,20759,3314,17,default,swaps
clip_206,30,550,37037,20479,3210,19,default,swaps
clip_206,30,550,37244,20776,3417,21,default,swaps
clip_206,30,550,37059,20606,3232,10,default,swaps
clip_206,30,550,37302,20920,3475,16,default,swaps
clip_206,30,550,36920,20614,3093,23,default,swaps
clip_206,30,550,36795,20419,2968,11,default,swaps
clip_206,30,550,37220,20708,3393,13,default,swaps
clip_206,30,550,36932,20514,3105,20,default,swaps
clip_206,30,550,37405,20955,3578,12,default,swaps
clip_206,30,550,36683,20361,2856,22,default,swaps
clip_206,30,550,37299,20784,3472,14,default,swaps
clip_206,30,550,37147,20604,3320,30,default,swaps
clip_206,30,550,36883,20530,3056,25,default,swaps
clip_206,30,550,37153,20674,3326,27,default,swaps
clip_206,30,550,36946,20559,3119,29,default,swaps
clip_206,30,550,37141,20656,3314,24,default,swaps
clip_206,30,550,37298,20809,3471,28,default,swaps
clip_206,30,550,36927,20419,3100,26,default,swaps
clip_206,30,550,36390,20033,2563,5,ils,swaps
clip_206,30,550,36782,20305,2955,3,ils,swaps
clip_206,30,550,36817,20654,2990,2,ils,swaps
clip_206,30,550,36686,20360,2859,6,ils,swaps
clip_206,30,550,36852,20482,3025,9,ils,swaps
clip_206,30,550,36836,20450,3009,10,ils,swaps
clip_206,30,550,36785,20534,2958,7,ils,swaps
clip_206,30,550,36956,20582,3129,1,ils,swaps
clip_206,30,550,36811,20277,2984,18,ils,swaps
clip_206,30,550,36947,20538,3120,8,ils,swaps
clip_206,30,550,36704,20288,2877,14,ils,swaps
clip_206,30,550,37153,20641,3326,19,ils,swaps
clip_206,30,550,36933,20663,3106,13,ils,swaps
clip_206,30,550,37106,20738,3279,20,ils,swaps
clip_206,30,550,36726,20396,2899,17,ils,swaps
clip_206,30,550,36834,20492,3007,15,ils,swaps
clip_206,30,550,36878,20554,3051,27,ils,swaps
clip_206,30,550,36890,20598,3063,16,ils,swaps
clip_206,30,550,36700,20322,2873,4,ils,swaps
clip_206,30,550,36765,20347,2938,11,ils,swaps
clip_206,30,550,36994,20683,3167,23,ils,swaps
clip_206,30,550,37037,20745,3210,28,ils,swaps
clip_206,30,550,37086,20695,3259,12,ils,swaps
clip_206,30,550,36960,20522,3133,22,ils,swaps
clip_206,30,550,36952,20707,3125,29,ils,swaps
clip_206,30,550,37208,20917,3381,21,ils,swaps
clip_206,30,550,36977,20628,3150,24,ils,swaps
clip_206,30,550,36612,20270,2785,26,ils,swaps
clip_206,30,550,36892,20536,3065,25,ils,swaps
clip_206,30,550,36699,20392,2872,30,ils,swaps
miller_11,60,1,59,37,9,2,default,depth
miller_11,60,1,61,37,11,1,default,depth
miller_11,60,1,61,37,11,3,default,depth
miller_11,60,1,61,37,11,6,default,depth
miller_11,60,1,59,37,9,5,default,depth
miller_11,60,1,60,37,10,9,default,depth
miller_11,60,1,60,37,10,10,default,depth
miller_11,60,1,60,37,10,8,default,depth
miller_11,60,1,61,37,11,4,default,depth
miller_11,60,1,61,37,11,7,default,depth
miller_11,60,1,60,37,10,11,default,depth
miller_11,60,1,61,37,11,12,default,depth
miller_11,60,1,59,37,9,13,default,depth
miller_11,60,1,59,37,9,14,default,depth
miller_11,60,1,61,37,11,15,default,depth
miller_11,60,1,61,37,11,22,default,depth
miller_11,60,1,61,37,11,16,default,depth
miller_11,60,1,60,37,10,24,default,depth
miller_11,60,1,59,37,9,17,default,depth
miller_11,60,1,60,37,10,18,default,depth
miller_11,60,1,60,37,10,26,default,depth
miller_11,60,1,61,37,11,20,default,depth
miller_11,60,1,60,37,10,19,default,depth
miller_11,60,1,59,37,9,21,default,depth
miller_11,60,1,61,37,11,28,default,depth
miller_11,60,1,61,37,11,23,default,depth
miller_11,60,1,61,37,11,25,default,depth
miller_11,60,1,60,37,10,27,default,depth
miller_11,60,1,60,37,10,29,default,depth
miller_11,60,1,61,37,11,30,default,depth
miller_11,60,1,50,29,0,2,ils,depth
miller_11,60,1,50,29,0,1,ils,depth
miller_11,60,1,50,29,0,3,ils,depth
miller_11,60,1,50,29,0,4,ils,depth
miller_11,60,1,50,29,0,5,ils,depth
miller_11,60,1,50,29,0,6,ils,depth
miller_11,60,1,50,29,0,7,ils,depth
miller_11,60,1,50,29,0,8,ils,depth
miller_11,60,1,50,29,0,9,ils,depth
miller_11,60,1,50,29,0,10,ils,depth
miller_11,60,1,50,29,0,11,ils,depth
miller_11,60,1,50,29,0,12,ils,depth
miller_11,60,1,50,29,0,13,ils,depth
miller_11,60,1,50,29,0,16,ils,depth
miller_11,60,1,50,29,0,17,ils,depth
miller_11,60,1,50,29,0,18,ils,depth
miller_11,60,1,50,29,0,20,ils,depth
miller_11,60,1,50,29,0,21,ils,depth
miller_11,60,1,50,29,0,14,ils,depth
miller_11,60,1,50,29,0,22,ils,depth
miller_11,60,1,50,29,0,15,ils,depth
miller_11,60,1,50,29,0,23,ils,depth
miller_11,60,1,50,29,0,24,ils,depth
miller_11,60,1,50,29,0,19,ils,depth
miller_11,60,1,50,29,0,29,ils,depth
miller_11,60,1,50,29,0,25,ils,depth
miller_11,60,1,50,29,0,26,ils,depth
miller_11,60,1,50,29,0,27,ils,depth
miller_11,60,1,50,29,0,28,ils,depth
miller_11,60,1,50,29,0,30,ils,depth
4gt13_91,60,2,122,66,19,2,default,depth
4gt13_91,60,2,122,66,19,1,default,depth
4gt13_91,60,2,122,66,19,3,default,depth
4gt13_91,60,2,122,66,19,4,default,depth
4gt13_91,60,2,122,66,19,5,default,depth
4gt13_91,60,2,122,66,19,6,default,depth
4gt13_91,60,2,122,66,19,7,default,depth
4gt13_91,60,2,122,66,19,8,default,depth
4gt13_91,60,2,122,66,19,9,default,depth
4gt13_91,60,2,122,66,19,11,default,depth
4gt13_91,60,2,122,66,19,10,default,depth
4gt13_91,60,2,122,66,19,15,default,depth
4gt13_91,60,2,122,66,19,16,default,depth
4gt13_91,60,2,122,66,19,17,default,depth
4gt13_91,60,2,122,66,19,18,default,depth
4gt13_91,60,2,122,66,19,19,default,depth
4gt13_91,60,2,122,66,19,12,default,depth
4gt13_91,60,2,122,66,19,21,default,depth
4gt13_91,60,2,122,66,19,13,default,depth
4gt13_91,60,2,122,66,19,22,default,depth
4gt13_91,60,2,122,66,19,14,default,depth
4gt13_91,60,2,122,66,19,25,default,depth
4gt13_91,60,2,122,66,19,27,default,depth
4gt13_91,60,2,122,66,19,26,default,depth
4gt13_91,60,2,122,66,19,28,default,depth
4gt13_91,60,2,122,66,19,20,default,depth
4gt13_91,60,2,122,66,19,30,default,depth
4gt13_91,60,2,122,66,19,23,default,depth
4gt13_91,60,2,122,66,19,24,default,depth
4gt13_91,60,2,122,66,19,29,default,depth
4gt13_91,60,2,107,63,4,1,ils,depth
4gt13_91,60,2,107,63,4,2,ils,depth
4gt13_91,60,2,107,63,4,4,ils,depth
4gt13_91,60,2,107,63,4,3,ils,depth
4gt13_91,60,2,107,63,4,7,ils,depth
4gt13_91,60,2,107,63,4,5,ils,depth
4gt13_91,60,2,107,63,4,6,ils,depth
4gt13_91,60,2,110,63,7,9,ils,depth
4gt13_91,60,2,107,63,4,10,ils,depth
4gt13_91,60,2,107,63,4,12,ils,depth
4gt13_91,60,2,107,63,4,15,ils,depth
4gt13_91,60,2,107,63,4,17,ils,depth
4gt13_91,60,2,107,63,4,8,ils,depth
4gt13_91,60,2,107,63,4,18,ils,depth
4gt13_91,60,2,109,63,6,19,ils,depth
4gt13_91,60,2,109,63,6,11,ils,depth
4gt13_91,60,2,107,63,4,21,ils,depth
4gt13_91,60,2,107,63,4,13,ils,depth
4gt13_91,60,2,107,63,4,14,ils,depth
4gt13_91,60,2,109,63,6,16,ils,depth
4gt13_91,60,2,107,63,4,27,ils,depth
4gt13_91,60,2,107,63,4,20,ils,depth
4gt13_91,60,2,111,63,8,29,ils,depth
4gt13_91,60,2,109,63,6,22,ils,depth
4gt13_91,60,2,110,63,7,23,ils,depth
4gt13_91,60,2,107,63,4,24,ils,depth
4gt13_91,60,2,107,63,4,25,ils,depth
4gt13_91,60,2,107,63,4,26,ils,depth
4gt13_91,60,2,109,63,6,28,ils,depth
4gt13_91,60,2,109,63,6,30,ils,depth
0410184_169,60,2,272,112,61,1,default,depth
0410184_169,60,2,263,111,52,2,default,depth
0410184_169,60,2,272,112,61,3,default,depth
0410184_169,60,2,270,111,59,5,default,depth
0410184_169,60,2,265,114,54,6,default,depth
0410184_169,60,2,262,112,51,7,default,depth
0410184_169,60,2,250,113,39,8,default,depth
0410184_169,60,2,257,114,46,9,default,depth
0410184_169,60,2,272,112,61,10,default,depth
0410184_169,60,2,265,114,54,4,default,depth
0410184_169,60,2,273,112,62,11,default,depth
0410184_169,60,2,258,114,47,12,default,depth
0410184_169,60,2,257,114,46,16,default,depth
0410184_169,60,2,261,114,50,18,default,depth
0410184_169,60,2,262,114,51,20,default,depth
0410184_169,60,2,278,113,67,19,default,depth
0410184_169,60,2,262,113,51,21,default,depth
0410184_169,60,2,258,114,47,13,default,depth
0410184_169,60,2,269,113,58,22,default,depth
0410184_169,60,2,248,113,37,14,default,depth
0410184_169,60,2,259,114,48,15,default,depth
0410184_169,60,2,257,114,46,24,default,depth
0410184_169,60,2,260,115,49,17,default,depth
0410184_169,60,2,272,112,61,25,default,depth
0410184_169,60,2,257,114,46,27,default,depth
0410184_169,60,2,280,113,69,28,default,depth
0410184_169,60,2,273,112,62,30,default,depth
0410184_169,60,2,273,113,62,23,default,depth
0410184_169,60,2,259,114,48,26,default,depth
0410184_169,60,2,260,114,49,29,default,depth
0410184_169,60,2,218,108,7,1,ils,depth
0410184_169,60,2,218,108,7,2,ils,depth
0410184_169,60,2,221,107,10,4,ils,depth
0410184_169,60,2,225,107,14,3,ils,depth
0410184_169,60,2,221,108,10,6,ils,depth
0410184_169,60,2,218,108,7,5,ils,depth
0410184_169,60,2,218,108,7,8,ils,depth
0410184_169,60,2,218,108,7,9,ils,depth
0410184_169,60,2,218,108,7,11,ils,depth
0410184_169,60,2,219,108,8,12,ils,depth
0410184_169,60,2,219,108,8,13,ils,depth
0410184_169,60,2,219,108,8,10,ils,depth
0410184_169,60,2,218,108,7,7,ils,depth
0410184_169,60,2,219,108,8,15,ils,depth
0410184_169,60,2,219,108,8,17,ils,depth
0410184_169,60,2,218,108,7,18,ils,depth
0410184_169,60,2,219,108,8,19,ils,depth
0410184_169,60,2,222,108,11,20,ils,depth
0410184_169,60,2,219,108,8,21,ils,depth
0410184_169,60,2,223,108,12,23,ils,depth
0410184_169,60,2,221,106,10,14,ils,depth
0410184_169,60,2,218,108,7,22,ils,depth
0410184_169,60,2,219,108,8,16,ils,depth
0410184_169,60,2,220,108,9,25,ils,depth
0410184_169,60,2,219,106,8,28,ils,depth
0410184_169,60,2,221,107,10,24,ils,depth
0410184_169,60,2,218,108,7,26,ils,depth
0410184_169,60,2,218,108,7,27,ils,depth
0410184_169,60,2,219,108,8,29,ils,depth
0410184_169,60,2,226,108,15,30,ils,depth
ex3_229,60,2,458,236,55,1,default,depth
ex3_229,60,2,458,236,55,2,default,depth
ex3_229,60,2,458,236,55,4,default,depth
ex3_229,60,2,458,236,55,5,default,depth
ex3_229,60,2,458,236,55,6,default,depth
ex3_229,60,2,458,236,55,7,default,depth
ex3_229,60,2,458,236,55,8,default,depth
ex3_229,60,2,458,237,55,9,default,depth
ex3_229,60,2,451,237,48,10,default,depth
ex3_229,60,2,453,237,50,3,default,depth
ex3_229,60,2,458,236,55,12,default,depth
ex3_229,60,2,451,237,48,13,default,depth
ex3_229,60,2,458,236,55,11,default,depth
ex3_229,60,2,451,237,48,17,default,depth
ex3_229,60,2,458,236,55,14,default,depth
ex3_229,60,2,458,236,55,15,default,depth
ex3_229,60,2,451,237,48,16,default,depth
ex3_229,60,2,458,236,55,22,default,depth
ex3_229,60,2,451,237,48,18,default,depth
ex3_229,60,2,458,237,55,19,default,depth
ex3_229,60,2,458,236,55,26,default,depth
ex3_229,60,2,458,236,55,20,default,depth
ex3_229,60,2,458,236,55,21,default,depth
ex3_229,60,2,458,236,55,23,default,depth
ex3_229,60,2,458,236,55,24,default,depth
ex3_229,60,2,458,236,55,25,default,depth
ex3_229,60,2,458,236,55,27,default,depth
ex3_229,60,2,458,237,55,28,default,depth
ex3_229,60,2,458,236,55,29,default,depth
ex3_229,60,2,458,236,55,30,default,depth
ex3_229,60,2,415,233,12,2,ils,depth
ex3_229,60,2,428,232,25,3,ils,depth
ex3_229,60,2,414,234,11,1,ils,depth
ex3_229,60,2,414,234,11,4,ils,depth
ex3_229,60,2,430,232,27,5,ils,depth
ex3_229,60,2,418,233,15,6,ils,depth
ex3_229,60,2,414,229,11,7,ils,depth
ex3_229,60,2,414,234,11,8,ils,depth
ex3_229,60,2,419,234,16,10,ils,depth
ex3_229,60,2,414,234,11,9,ils,depth
ex3_229,60,2,415,233,12,12,ils,depth
ex3_229,60,2,415,233,12,14,ils,depth
ex3_229,60,2,414,229,11,13,ils,depth
ex3_229,60,2,414,229,11,15,ils,depth
ex3_229,60,2,414,234,11,16,ils,depth
ex3_229,60,2,414,234,11,19,ils,depth
ex3_229,60,2,414,229,11,17,ils,depth
ex3_229,60,2,415,233,12,20,ils,depth
ex3_229,60,2,432,232,29,23,ils,depth
ex3_229,60,2,414,234,11,26,ils,depth
ex3_229,60,2,415,233,12,11,ils,depth
ex3_229,60,2,414,234,11,28,ils,depth
ex3_229,60,2,415,233,12,18,ils,depth
ex3_229,60,2,414,234,11,21,ils,depth
ex3_229,60,2,431,233,28,29,ils,depth
ex3_229,60,2,434,232,31,22,ils,depth
ex3_229,60,2,415,233,12,24,ils,depth
ex3_229,60,2,414,234,11,27,ils,depth
ex3_229,60,2,414,234,11,25,ils,depth
ex3_229,60,2,414,229,11,30,ils,depth
rd53_131,60,3,542,272,73,2,default,depth
rd53_131,60,3,538,271,69,1,default,depth
rd53_131,60,3,540,272,71,3,default,depth
rd53_131,60,3,542,272,73,5,default,depth
rd53_131,60,3,540,271,71,6,default,depth
rd53_131,60,3,542,271,73,7,default,depth
rd53_131,60,3,538,271,69,8,default,depth
rd53_131,60,3,542,272,73,9,default,depth
rd53_131,60,3,540,271,71,10,default,depth
rd53_131,60,3,542,272,73,4,default,depth
rd53_131,60,3,542,271,73,13,default,depth
rd53_131,60,3,542,271,73,18,default,depth
rd53_131,60,3,542,271,73,11,default,depth
rd53_131,60,3,541,271,72,12,default,depth
rd53_131,60,3,540,272,71,16,default,depth
rd53_131,60,3,540,272,71,14,default,depth
rd53_131,60,3,542,272,73,15,default,depth
rd53_131,60,3,540,272,71,22,default,depth
rd53_131,60,3,542,272,73,24,default,depth
rd53_131,60,3,539,271,70,17,default,depth
rd53_131,60,3,540,272,71,19,default,depth
rd53_131,60,3,542,272,73,20,default,depth
rd53_131,60,3,542,272,73,29,default,depth
rd53_131,60,3,543,271,74,21,default,depth
rd53_131,60,3,543,271,74,27,default,depth
rd53_131,60,3,542,271,73,30,default,depth
rd53_131,60,3,540,271,71,23,default,depth
rd53_131,60,3,538,272,69,25,default,depth
rd53_131,60,3,540,272,71,26,default,depth
rd53_131,60,3,540,272,71,28,default,depth
rd53_131,60,3,535,268,66,1,ils,depth
rd53_131,60,3,527,268,58,3,ils,depth
rd53_131,60,3,525,268,56,4,ils,depth
rd53_131,60,3,534,268,65,5,ils,depth
rd53_131,60,3,534,266,65,7,ils,depth
rd53_131,60,3,534,268,65,9,ils,depth
rd53_131,60,3,485,268,16,11,ils,depth
rd53_131,60,3,525,268,56,2,ils,depth
rd53_131,60,3,527,268,58,15,ils,depth
rd53_131,60,3,534,268,65,14,ils,depth
rd53_131,60,3,485,268,16,16,ils,depth
rd53_131,60,3,535,268,66,6,ils,depth
rd53_131,60,3,536,266,67,8,ils,depth
rd53_131,60,3,529,268,60,18,ils,depth
rd53_131,60,3,534,268,65,19,ils,depth
rd53_131,60,3,536,266,67,20,ils,depth
rd53_131,60,3,487,267,18,21,ils,depth
rd53_131,60,3,529,269,60,22,ils,depth
rd53_131,60,3,535,268,66,10,ils,depth
rd53_131,60,3,536,266,67,12,ils,depth
rd53_131,60,3,527,268,58,13,ils,depth
rd53_131,60,3,485,268,16,24,ils,depth
rd53_131,60,3,487,266,18,25,ils,depth
rd53_131,60,3,542,266,73,17,ils,depth
rd53_131,60,3,544,266,75,28,ils,depth
rd53_131,60,3,541,270,72,30,ils,depth
rd53_131,60,3,538,268,69,29,ils,depth
rd53_131,60,3,531,268,62,23,ils,depth
rd53_131,60,3,531,267,62,26,ils,depth
rd53_131,60,3,531,268,62,27,ils,depth
sf_276,60,8,880,456,102,1,default,depth
sf_276,60,8,893,461,115,5,default,depth
sf_276,60,8,887,459,109,2,default,depth
sf_276,60,8,889,464,111,3,default,depth
sf_276,60,8,891,462,113,6,default,depth
sf_276,60,8,873,459,95,4,default,depth
sf_276,60,8,884,460,106,8,default,depth
sf_276,60,8,889,463,111,9,default,depth
sf_276,60,8,894,461,116,11,default,depth
sf_276,60,8,890,461,112,14,default,depth
sf_276,60,8,885,461,107,13,default,depth
sf_276,60,8,890,461,112,16,default,depth
sf_276,60,8,886,461,108,19,default,depth
sf_276,60,8,888,463,110,20,default,depth
sf_276,60,8,886,461,108,22,default,depth
sf_276,60,8,891,461,113,21,default,depth
sf_276,60,8,891,461,113,7,default,depth
sf_276,60,8,880,456,102,24,default,depth
sf_276,60,8,888,461,110,10,default,depth
sf_276,60,8,877,460,99,12,default,depth
sf_276,60,8,890,461,112,25,default,depth
sf_276,60,8,890,462,112,15,default,depth
sf_276,60,8,890,470,112,29,default,depth
sf_276,60,8,886,461,108,17,default,depth
sf_276,60,8,883,458,105,18,default,depth
sf_276,60,8,896,461,118,23,default,depth
sf_276,60,8,870,447,92,26,default,depth
sf_276,60,8,879,456,101,27,default,depth
sf_276,60,8,889,461,111,28,default,depth
sf_276,60,8,892,462,114,30,default,depth
sf_276,60,8,847,442,69,1,ils,depth
sf_276,60,8,855,460,77,2,ils,depth
sf_276,60,8,817,446,39,3,ils,depth
sf_276,60,8,790,443,12,4,ils,depth
sf_276,60,8,808,443,30,5,ils,depth
sf_276,60,8,824,458,46,6,ils,depth
sf_276,60,8,825,448,47,8,ils,depth
sf_276,60,8,795,443,17,9,ils,depth
sf_276,60,8,863,455,85,7,ils,depth
sf_276,60,8,816,448,38,10,ils,depth
sf_276,60,8,847,442,69,13,ils,depth
sf_276,60,8,853,455,75,12,ils,depth
sf_276,60,8,797,441,19,15,ils,depth
sf_276,60,8,854,451,76,14,ils,depth
sf_276,60,8,819,446,41,16,ils,depth
sf_276,60,8,852,451,74,17,ils,depth
sf_276,60,8,845,442,67,18,ils,depth
sf_276,60,8,797,443,19,19,ils,depth
sf_276,60,8,847,442,69,20,ils,depth
sf_276,60,8,796,445,18,11,ils,depth
sf_276,60,8,790,443,12,24,ils,depth
sf_276,60,8,797,443,19,25,ils,depth
sf_276,60,8,816,448,38,23,ils,depth
sf_276,60,8,863,455,85,27,ils,depth
sf_276,60,8,818,446,40,30,ils,depth
sf_276,60,8,847,442,69,21,ils,depth
sf_276,60,8,866,456,88,22,ils,depth
sf_276,60,8,788,443,10,26,ils,depth
sf_276,60,8,871,455,93,28,ils,depth
sf_276,60,8,819,448,41,29,ils,depth
rd53_251,60,6,1413,744,122,3,default,depth
rd53_251,60,6,1418,745,127,2,default,depth
rd53_251,60,6,1413,745,122,1,default,depth
rd53_251,60,6,1416,744,125,5,default,depth
rd53_251,60,6,1418,744,127,4,default,depth
rd53_251,60,6,1413,744,122,6,default,depth
rd53_251,60,6,1418,745,127,7,default,depth
rd53_251,60,6,1426,745,135,9,default,depth
rd53_251,60,6,1422,744,131,10,default,depth
rd53_251,60,6,1413,745,122,8,default,depth
rd53_251,60,6,1428,745,137,13,default,depth
rd53_251,60,6,1413,744,122,12,default,depth
rd53_251,60,6,1424,744,133,11,default,depth
rd53_251,60,6,1416,746,125,24,default,depth
rd53_251,60,6,1428,744,137,14,default,depth
rd53_251,60,6,1413,744,122,15,default,depth
rd53_251,60,6,1424,748,133,26,default,depth
rd53_251,60,6,1426,745,135,16,default,depth
rd53_251,60,6,1419,745,128,17,default,depth
rd53_251,60,6,1424,744,133,18,default,depth
rd53_251,60,6,1424,745,133,19,default,depth
rd53_251,60,6,1418,744,127,20,default,depth
rd53_251,60,6,1430,744,139,21,default,depth
rd53_251,60,6,1417,745,126,22,default,depth
rd53_251,60,6,1428,747,137,23,default,depth
rd53_251,60,6,1428,744,137,25,default,depth
rd53_251,60,6,1428,746,137,27,default,depth
rd53_251,60,6,1424,745,133,28,default,depth
rd53_251,60,6,1432,746,141,29,default,depth
rd53_251,60,6,1424,746,133,30,default,depth
rd53_251,60,6,1451,752,160,2,ils,depth
rd53_251,60,6,1410,746,119,3,ils,depth
rd53_251,60,6,1453,746,162,4,ils,depth
rd53_251,60,6,1405,747,114,1,ils,depth
rd53_251,60,6,1435,746,144,6,ils,depth
rd53_251,60,6,1446,750,155,9,ils,depth
rd53_251,60,6,1438,740,147,11,ils,depth
rd53_251,60,6,1408,739,117,13,ils,depth
rd53_251,60,6,1409,748,118,10,ils,depth
rd53_251,60,6,1405,747,114,5,ils,depth
rd53_251,60,6,1407,739,116,8,ils,depth
rd53_251,60,6,1420,742,129,7,ils,depth
rd53_251,60,6,1419,744,128,22,ils,depth
rd53_251,60,6,1393,742,102,24,ils,depth
rd53_251,60,6,1408,748,117,12,ils,depth
rd53_251,60,6,1453,749,162,15,ils,depth
rd53_251,60,6,1389,749,98,26,ils,depth
rd53_251,60,6,1412,742,121,14,ils,depth
rd53_251,60,6,1386,746,95,16,ils,depth
rd53_251,60,6,1395,744,104,17,ils,depth
rd53_251,60,6,1421,743,130,19,ils,depth
rd53_251,60,6,1427,739,136,18,ils,depth
rd53_251,60,6,1412,749,121,20,ils,depth
rd53_251,60,6,1421,740,130,23,ils,depth
rd53_251,60,6,1404,741,113,21,ils,depth
rd53_251,60,6,1407,746,116,25,ils,depth
rd53_251,60,6,1407,743,116,27,ils,depth
rd53_251,60,6,1398,742,107,28,ils,depth
rd53_251,60,6,1407,747,116,29,ils,depth
rd53_251,60,6,1420,742,129,30,ils,depth
sqrt8_260,60,21,3531,1757,522,1,default,depth
sqrt8_260,60,21,3429,1748,420,3,default,depth
sqrt8_260,60,21,3493,1747,484,5,default,depth
sqrt8_260,60,21,3551,1759,542,2,default,depth
sqrt8_260,60,21,3458,1739,449,4,default,depth
sqrt8_260,60,21,3456,1741,447,9,default,depth
sqrt8_260,60,21,3486,1750,477,12,default,depth
sqrt8_260,60,21,3440,1754,431,7,default,depth
sqrt8_260,60,21,3466,1743,457,14,default,depth
sqrt8_260,60,21,3434,1746,425,15,default,depth
sqrt8_260,60,21,3465,1759,456,11,default,depth
sqrt8_260,60,21,3504,1750,495,10,default,depth
sqrt8_260,60,21,3521,1757,512,17,default,depth
sqrt8_260,60,21,3439,1756,430,20,default,depth
sqrt8_260,60,21,3514,1745,505,27,default,depth
sqrt8_260,60,21,3526,1750,517,24,default,depth
sqrt8_260,60,21,3513,1751,504,25,default,depth
sqrt8_260,60,21,3489,1753,480,6,default,depth
sqrt8_260,60,21,3516,1763,507,30,default,depth
sqrt8_260,60,21,3495,1748,486,8,default,depth
sqrt8_260,60,21,3493,1751,484,26,default,depth
sqrt8_260,60,21,3480,1735,471,29,default,depth
sqrt8_260,60,21,3471,1745,462,13,default,depth
sqrt8_260,60,21,3491,1747,482,21,default,depth
sqrt8_260,60,21,3430,1742,421,16,default,depth
sqrt8_260,60,21,3486,1739,477,18,default,depth
sqrt8_260,60,21,3445,1739,436,19,default,depth
sqrt8_260,60,21,3534,1748,525,22,default,depth
sqrt8_260,60,21,3449,1741,440,23,default,depth
sqrt8_260,60,21,3474,1746,465,28,default,depth
sqrt8_260,60,21,3510,1747,501,3,ils,depth
sqrt8_260,60,21,3407,1729,398,6,ils,depth
sqrt8_260,60,21,3512,1738,503,1,ils,depth
sqrt8_260,60,21,3488,1753,479,4,ils,depth
sqrt8_260,60,21,3511,1750,502,2,ils,depth
sqrt8_260,60,21,3447,1744,438,5,ils,depth
sqrt8_260,60,21,3453,1745,444,9,ils,depth
sqrt8_260,60,21,3382,1731,373,8,ils,depth
sqrt8_260,60,21,3418,1747,409,11,ils,depth
sqrt8_260,60,21,3470,1748,461,7,ils,depth
sqrt8_260,60,21,3485,1760,476,14,ils,depth
sqrt8_260,60,21,3448,1746,439,13,ils,depth
sqrt8_260,60,21,3479,1752,470,18,ils,depth
sqrt8_260,60,21,3412,1751,403,19,ils,depth
sqrt8_260,60,21,3404,1744,395,20,ils,depth
sqrt8_260,60,21,3423,1745,414,17,ils,depth
sqrt8_260,60,21,3430,1753,421,24,ils,depth
sqrt8_260,60,21,3402,1742,393,10,ils,depth
sqrt8_260,60,21,3419,1739,410,21,ils,depth
sqrt8_260,60,21,3504,1750,495,12,ils,depth
sqrt8_260,60,21,3459,1735,450,30,ils,depth
sqrt8_260,60,21,3453,1747,444,15,ils,depth
sqrt8_260,60,21,3443,1746,434,16,ils,depth
sqrt8_260,60,21,3363,1740,354,25,ils,depth
sqrt8_260,60,21,3424,1750,415,23,ils,depth
sqrt8_260,60,21,3458,1737,449,22,ils,depth
sqrt8_260,60,21,3442,1750,433,26,ils,depth
sqrt8_260,60,21,3464,1749,455,27,ils,depth
sqrt8_260,60,21,3433,1745,424,29,ils,depth
sqrt8_260,60,21,3418,1742,409,28,ils,depth
misex1_241,60,22,5126,2756,313,2,default,depth
misex1_241,60,22,5225,2776,412,1,default,depth
misex1_241,60,22,5167,2765,354,5,default,depth
misex1_241,60,22,5089,2743,276,7,default,depth
misex1_241,60,22,5234,2776,421,4,default,depth
misex1_241,60,22,5327,2777,514,8,default,depth
misex1_241,60,22,5182,2773,369,9,default,depth
misex1_241,60,22,5168,2775,355,3,default,depth
misex1_241,60,22,5344,2758,531,10,default,depth
misex1_241,60,22,5141,2748,328,12,default,depth
misex1_241,60,22,5179,2769,366,11,default,depth
misex1_241,60,22,5147,2757,334,14,default,depth
misex1_241,60,22,5228,2765,415,6,default,depth
misex1_241,60,22,5262,2750,449,24,default,depth
misex1_241,60,22,5141,2762,328,13,default,depth
misex1_241,60,22,5211,2754,398,21,default,depth
misex1_241,60,22,5276,2746,463,15,default,depth
misex1_241,60,22,5139,2751,326,16,default,depth
misex1_241,60,22,5316,2787,503,17,default,depth
misex1_241,60,22,5100,2758,287,28,default,depth
misex1_241,60,22,5253,2774,440,18,default,depth
misex1_241,60,22,5339,2770,526,27,default,depth
misex1_241,60,22,5297,2768,484,19,default,depth
misex1_241,60,22,5203,2758,390,22,default,depth
misex1_241,60,22,5182,2762,369,20,default,depth
misex1_241,60,22,5204,2779,391,23,default,depth
misex1_241,60,22,5232,2773,419,30,default,depth
misex1_241,60,22,5329,2770,516,25,default,depth
misex1_241,60,22,5256,2778,443,26,default,depth
misex1_241,60,22,5260,2786,447,29,default,depth
misex1_241,60,22,5278,2780,465,2,ils,depth
misex1_241,60,22,5358,2792,545,1,ils,depth
misex1_241,60,22,5191,2774,378,4,ils,depth
misex1_241,60,22,5133,2771,320,7,ils,depth
misex1_241,60,22,5158,2761,345,5,ils,depth
misex1_241,60,22,5203,2773,390,3,ils,depth
misex1_241,60,22,5314,2793,501,6,ils,depth
misex1_241,60,22,5235,2759,422,15,ils,depth
misex1_241,60,22,5222,2777,409,9,ils,depth
misex1_241,60,22,5243,2778,430,11,ils,depth
misex1_241,60,22,5212,2754,399,8,ils,depth
misex1_241,60,22,5292,2786,479,22,ils,depth
misex1_241,60,22,5222,2771,409,14,ils,depth
misex1_241,60,22,5211,2793,398,10,ils,depth
misex1_241,60,22,5300,2785,487,13,ils,depth
misex1_241,60,22,5178,2770,365,12,ils,depth
misex1_241,60,22,5263,2785,450,16,ils,depth
misex1_241,60,22,5166,2795,353,26,ils,depth
misex1_241,60,22,5307,2787,494,17,ils,depth
misex1_241,60,22,5329,2794,516,18,ils,depth
misex1_241,60,22,5223,2769,410,19,ils,depth
misex1_241,60,22,5155,2762,342,20,ils,depth
misex1_241,60,22,5283,2797,470,21,ils,depth
misex1_241,60,22,5148,2775,335,30,ils,depth
misex1_241,60,22,5245,2767,432,23,ils,depth
misex1_241,60,22,5241,2795,428,24,ils,depth
misex1_241,60,22,5231,2789,418,25,ils,depth
misex1_241,60,22,5143,2791,330,27,ils,depth
misex1_241,60,22,5263,2800,450,28,ils,depth
misex1_241,60,22,5218,2810,405,29,ils,depth
cycle10_2_110,60,57,7108,3627,1058,4,default,depth
cycle10_2_110,60,57,7121,3602,1071,1,default,depth
cycle10_2_110,60,57,7050,3594,1000,7,default,depth
cycle10_2_110,60,57,7073,3618,1023,2,default,depth
cycle10_2_110,60,57,7040,3575,990,3,default,depth
cycle10_2_110,60,57,7126,3596,1076,11,default,depth
cycle10_2_110,60,57,7034,3600,984,6,default,depth
cycle10_2_110,60,57,7013,3578,963,15,default,depth
cycle10_2_110,60,57,7049,3601,999,17,default,depth
cycle10_2_110,60,57,7130,3594,1080,5,default,depth
cycle10_2_110,60,57,7104,3614,1054,19,default,depth
cycle10_2_110,60,57,7058,3600,1008,8,default,depth
cycle10_2_110,60,57,6947,3567,897,18,default,depth
cycle10_2_110,60,57,7009,3573,959,20,default,depth
cycle10_2_110,60,57,6952,3582,902,21,default,depth
cycle10_2_110,60,57,7118,3618,1068,10,default,depth
cycle10_2_110,60,57,7035,3596,985,13,default,depth
cycle10_2_110,60,57,7057,3574,1007,23,default,depth
cycle10_2_110,60,57,7111,3597,1061,28,default,depth
cycle10_2_110,60,57,7114,3576,1064,22,default,depth
cycle10_2_110,60,57,7102,3606,1052,25,default,depth
cycle10_2_110,60,57,7059,3588,1009,27,default,depth
cycle10_2_110,60,57,7034,3587,984,9,default,depth
cycle10_2_110,60,57,7063,3585,1013,12,default,depth
cycle10_2_110,60,57,7026,3571,976,14,default,depth
cycle10_2_110,60,57,7116,3577,1066,16,default,depth
cycle10_2_110,60,57,7103,3595,1053,24,default,depth
cycle10_2_110,60,57,6980,3570,930,30,default,depth
cycle10_2_110,60,57,7074,3591,1024,26,default,depth
cycle10_2_110,60,57,7022,3578,972,29,default,depth
cycle10_2_110,60,57,6944,3579,894,6,ils,depth
cycle10_2_110,60,57,7020,3597,970,7,ils,depth
cycle10_2_110,60,57,6994,3572,944,9,ils,depth
cycle10_2_110,60,57,7059,3559,1009,1,ils,depth
cycle10_2_110,60,57,6917,3570,867,3,ils,depth
cycle10_2_110,60,57,6957,3564,907,4,ils,depth
cycle10_2_110,60,57,6813,3553,763,5,ils,depth
cycle10_2_110,60,57,6991,3583,941,2,ils,depth
cycle10_2_110,60,57,6952,3585,902,8,ils,depth
cycle10_2_110,60,57,6981,3563,931,10,ils,depth
cycle10_2_110,60,57,6975,3590,925,18,ils,depth
cycle10_2_110,60,57,7002,3586,952,17,ils,depth
cycle10_2_110,60,57,6976,3584,926,15,ils,depth
cycle10_2_110,60,57,6985,3580,935,30,ils,depth
cycle10_2_110,60,57,6942,3569,892,28,ils,depth
cycle10_2_110,60,57,7043,3595,993,11,ils,depth
cycle10_2_110,60,57,6998,3601,948,22,ils,depth
cycle10_2_110,60,57,7091,3580,1041,13,ils,depth
cycle10_2_110,60,57,7059,3606,1009,12,ils,depth
cycle10_2_110,60,57,6975,3592,925,26,ils,depth
cycle10_2_110,60,57,6988,3574,938,14,ils,depth
cycle10_2_110,60,57,7082,3604,1032,16,ils,depth
cycle10_2_110,60,57,7029,3579,979,19,ils,depth
cycle10_2_110,60,57,6974,3576,924,21,ils,depth
cycle10_2_110,60,57,6967,3567,917,24,ils,depth
cycle10_2_110,60,57,7012,3574,962,20,ils,depth
cycle10_2_110,60,57,7020,3586,970,23,ils,depth
cycle10_2_110,60,57,6921,3556,871,25,ils,depth
cycle10_2_110,60,57,7005,3574,955,27,ils,depth
cycle10_2_110,60,57,7034,3616,984,29,ils,depth
square_root_7,60,52,8538,4015,908,7,default,depth
square_root_7,60,52,8560,4000,930,8,default,depth
square_root_7,60,52,8580,4021,950,9,default,depth
square_root_7,60,52,8562,4009,932,1,default,depth
square_root_7,60,52,8594,4003,964,12,default,depth
square_root_7,60,52,8593,4012,963,2,default,depth
square_root_7,60,52,8550,4014,920,3,default,depth
square_root_7,60,52,8457,3993,827,4,default,depth
square_root_7,60,52,8502,4013,872,5,default,depth
square_root_7,60,52,8524,3997,894,15,default,depth
square_root_7,60,52,8612,4023,982,6,default,depth
square_root_7,60,52,8474,3987,844,11,default,depth
square_root_7,60,52,8587,4016,957,18,default,depth
square_root_7,60,52,8594,4013,964,20,default,depth
square_root_7,60,52,8654,4033,1024,23,default,depth
square_root_7,60,52,8615,4044,985,29,default,depth
square_root_7,60,52,8525,4033,895,22,default,depth
square_root_7,60,52,8566,4010,936,10,default,depth
square_root_7,60,52,8641,4040,1011,21,default,depth
square_root_7,60,52,8596,4027,966,14,default,depth
square_root_7,60,52,8529,3991,899,16,default,depth
square_root_7,60,52,8557,4046,927,13,default,depth
square_root_7,60,52,8508,4022,878,19,default,depth
square_root_7,60,52,8491,4002,861,17,default,depth
square_root_7,60,52,8516,4026,886,24,default,depth
square_root_7,60,52,8569,4031,939,28,default,depth
square_root_7,60,52,8607,4040,977,25,default,depth
square_root_7,60,52,8543,4014,913,27,default,depth
square_root_7,60,52,8479,3999,849,26,default,depth
square_root_7,60,52,8588,4030,958,30,default,depth
square_root_7,60,52,8528,4013,898,7,ils,depth
square_root_7,60,52,8573,4048,943,1,ils,depth
square_root_7,60,52,8507,3981,877,2,ils,depth
square_root_7,60,52,8564,3987,934,3,ils,depth
square_root_7,60,52,8500,4017,870,4,ils,depth
square_root_7,60,52,8490,4027,860,10,ils,depth
square_root_7,60,52,8586,4023,956,5,ils,depth
square_root_7,60,52,8598,4031,968,18,ils,depth
square_root_7,60,52,8546,4015,916,6,ils,depth
square_root_7,60,52,8558,4023,928,21,ils,depth
square_root_7,60,52,8495,4025,865,17,ils,depth
square_root_7,60,52,8560,4014,930,15,ils,depth
square_root_7,60,52,8565,4045,935,9,ils,depth
square_root_7,60,52,8509,4027,879,22,ils,depth
square_root_7,60,52,8495,4005,865,20,ils,depth
square_root_7,60,52,8479,4030,849,11,ils,depth
square_root_7,60,52,8659,4032,1029,8,ils,depth
square_root_7,60,52,8593,4027,963,23,ils,depth
square_root_7,60,52,8455,3997,825,25,ils,depth
square_root_7,60,52,8448,4001,818,12,ils,depth
square_root_7,60,52,8528,4027,898,28,ils,depth
square_root_7,60,52,8579,4036,949,14,ils,depth
square_root_7,60,52,8470,4001,840,13,ils,depth
square_root_7,60,52,8565,4036,935,30,ils,depth
square_root_7,60,52,8510,4056,880,16,ils,depth
square_root_7,60,52,8585,4002,955,19,ils,depth
square_root_7,60,52,8545,4048,915,24,ils,depth
square_root_7,60,52,8457,4004,827,27,ils,depth
square_root_7,60,52,8565,4023,935,26,ils,depth
square_root_7,60,52,8497,3983,867,29,ils,depth
sqn_258,60,85,11792,5796,1569,1,default,depth
sqn_258,60,85,11742,5781,1519,4,default,depth
sqn_258,60,85,11839,5791,1616,10,default,depth
sqn_258,60,85,11687,5798,1464,5,default,depth
sqn_258,60,85,11821,5766,1598,14,default,depth
sqn_258,60,85,11735,5761,1512,7,default,depth
sqn_258,60,85,11884,5760,1661,15,default,depth
sqn_258,60,85,11670,5798,1447,2,default,depth
sqn_258,60,85,11666,5729,1443,3,default,depth
sqn_258,60,85,11660,5771,1437,12,default,depth
sqn_258,60,85,11671,5779,1448,8,default,depth
sqn_258,60,85,11706,5781,1483,6,default,depth
sqn_258,60,85,11669,5768,1446,17,default,depth
sqn_258,60,85,11725,5799,1502,16,default,depth
sqn_258,60,85,11691,5774,1468,18,default,depth
sqn_258,60,85,11736,5762,1513,20,default,depth
sqn_258,60,85,11788,5753,1565,23,default,depth
sqn_258,60,85,11618,5767,1395,25,default,depth
sqn_258,60,85,11729,5765,1506,29,default,depth
sqn_258,60,85,11612,5789,1389,19,default,depth
sqn_258,60,85,11638,5775,1415,27,default,depth
sqn_258,60,85,11664,5788,1441,24,default,depth
sqn_258,60,85,11693,5775,1470,9,default,depth
sqn_258,60,85,11686,5814,1463,13,default,depth
sqn_258,60,85,11631,5774,1408,30,default,depth
sqn_258,60,85,11680,5777,1457,22,default,depth
sqn_258,60,85,11815,5756,1592,11,default,depth
sqn_258,60,85,11723,5768,1500,21,default,depth
sqn_258,60,85,11623,5762,1400,26,default,depth
sqn_258,60,85,11714,5782,1491,28,default,depth
sqn_258,60,85,11748,5740,1525,4,ils,depth
sqn_258,60,85,11565,5749,1342,3,ils,depth
sqn_258,60,85,11578,5760,1355,10,ils,depth
sqn_258,60,85,11717,5782,1494,2,ils,depth
sqn_258,60,85,11679,5755,1456,8,ils,depth
sqn_258,60,85,11708,5753,1485,6,ils,depth
sqn_258,60,85,11673,5749,1450,7,ils,depth
sqn_258,60,85,11513,5729,1290,18,ils,depth
sqn_258,60,85,11561,5745,1338,11,ils,depth
sqn_258,60,85,11574,5742,1351,14,ils,depth
sqn_258,60,85,11667,5759,1444,17,ils,depth
sqn_258,60,85,11703,5759,1480,1,ils,depth
sqn_258,60,85,11782,5788,1559,5,ils,depth
sqn_258,60,85,11737,5778,1514,22,ils,depth
sqn_258,60,85,11639,5745,1416,9,ils,depth
sqn_258,60,85,11536,5770,1313,25,ils,depth
sqn_258,60,85,11620,5748,1397,27,ils,depth
sqn_258,60,85,11813,5771,1590,29,ils,depth
sqn_258,60,85,11457,5759,1234,23,ils,depth
sqn_258,60,85,11609,5763,1386,30,ils,depth
sqn_258,60,85,11554,5760,1331,24,ils,depth
sqn_258,60,85,11809,5758,1586,26,ils,depth
sqn_258,60,85,11475,5748,1252,12,ils,depth
sqn_258,60,85,11627,5759,1404,13,ils,depth
sqn_258,60,85,11587,5764,1364,15,ils,depth
sqn_258,60,85,11761,5746,1538,16,ils,depth
sqn_258,60,85,11737,5779,1514,21,ils,depth
sqn_258,60,85,11723,5786,1500,19,ils,depth
sqn_258,60,85,11712,5789,1489,20,ils,depth
sqn_258,60,85,11651,5747,1428,28,ils,depth
root_255,60,110,19722,9400,2563,10,default,depth
root_255,60,110,19718,9401,2559,9,default,depth
root_255,60,110,19919,9447,2760,2,default,depth
root_255,60,110,19721,9448,2562,7,default,depth
root_255,60,110,19810,9431,2651,5,default,depth
root_255,60,110,19658,9403,2499,4,default,depth
root_255,60,110,19967,9431,2808,6,default,depth
root_255,60,110,19736,9395,2577,8,default,depth
root_255,60,110,19991,9442,2832,1,default,depth
root_255,60,110,19771,9425,2612,3,default,depth
root_255,60,110,19818,9425,2659,18,default,depth
root_255,60,110,19715,9440,2556,14,default,depth
root_255,60,110,19715,9432,2556,15,default,depth
root_255,60,110,19968,9453,2809,17,default,depth
root_255,60,110,19796,9428,2637,24,default,depth
root_255,60,110,19840,9416,2681,16,default,depth
root_255,60,110,20003,9444,2844,12,default,depth
root_255,60,110,20013,9497,2854,22,default,depth
root_255,60,110,19866,9431,2707,11,default,depth
root_255,60,110,19984,9426,2825,13,default,depth
root_255,60,110,19501,9369,2342,21,default,depth
root_255,60,110,19632,9395,2473,28,default,depth
root_255,60,110,20015,9437,2856,19,default,depth
root_255,60,110,19897,9416,2738,26,default,depth
root_255,60,110,19691,9419,2532,25,default,depth
root_255,60,110,20008,9460,2849,23,default,depth
root_255,60,110,19709,9412,2550,20,default,depth
root_255,60,110,19622,9351,2463,29,default,depth
root_255,60,110,19757,9460,2598,27,default,depth
root_255,60,110,20048,9488,2889,30,default,depth
root_255,60,110,19499,9343,2340,4,ils,depth
root_255,60,110,19326,9349,2167,6,ils,depth
root_255,60,110,19449,9372,2290,1,ils,depth
root_255,60,110,19753,9396,2594,2,ils,depth
root_255,60,110,19663,9381,2504,14,ils,depth
root_255,60,110,19728,9364,2569,13,ils,depth
root_255,60,110,19457,9331,2298,12,ils,depth
root_255,60,110,19617,9359,2458,5,ils,depth
root_255,60,110,19678,9394,2519,8,ils,depth
root_255,60,110,19855,9381,2696,17,ils,depth
root_255,60,110,19630,9361,2471,20,ils,depth
root_255,60,110,19499,9335,2340,10,ils,depth
root_255,60,110,19815,9364,2656,7,ils,depth
root_255,60,110,19348,9283,2189,24,ils,depth
root_255,60,110,19748,9309,2589,21,ils,depth
root_255,60,110,19307,9299,2148,23,ils,depth
root_255,60,110,19559,9374,2400,25,ils,depth
root_255,60,110,19711,9362,2552,3,ils,depth
root_255,60,110,19741,9360,2582,11,ils,depth
root_255,60,110,20081,9425,2922,15,ils,depth
root_255,60,110,19805,9396,2646,16,ils,depth
root_255,60,110,19575,9388,2416,9,ils,depth
root_255,60,110,19755,9402,2596,18,ils,depth
root_255,60,110,19500,9313,2341,19,ils,depth
root_255,60,110,19602,9364,2443,29,ils,depth
root_255,60,110,19394,9300,2235,27,ils,depth
root_255,60,110,19633,9369,2474,22,ils,depth
root_255,60,110,19264,9259,2105,30,ils,depth
root_255,60,110,19587,9336,2428,28,ils,depth
root_255,60,110,19917,9436,2758,26,ils,depth
urf2_277,60,114,23957,12257,3845,2,default,depth
urf2_277,60,114,23876,12250,3764,3,default,depth
urf2_277,60,114,24465,12419,4353,5,default,depth
urf2_277,60,114,24004,12259,3892,8,default,depth
urf2_277,60,114,23839,12290,3727,11,default,depth
urf2_277,60,114,23856,12259,3744,7,default,depth
urf2_277,60,114,23962,12291,3850,1,default,depth
urf2_277,60,114,23945,12267,3833,10,default,depth
urf2_277,60,114,23986,12285,3874,16,default,depth
urf2_277,60,114,24021,12291,3909,22,default,depth
urf2_277,60,114,23842,12235,3730,9,default,depth
urf2_277,60,114,24026,12277,3914,4,default,depth
urf2_277,60,114,23863,12258,3751,20,default,depth
urf2_277,60,114,24053,12278,3941,21,default,depth
urf2_277,60,114,23893,12254,3781,26,default,depth
urf2_277,60,114,24019,12285,3907,12,default,depth
urf2_277,60,114,23974,12284,3862,17,default,depth
urf2_277,60,114,23928,12272,3816,27,default,depth
urf2_277,60,114,23898,12302,3786,19,default,depth
urf2_277,60,114,23804,12252,3692,6,default,depth
urf2_277,60,114,23859,12245,3747,30,default,depth
urf2_277,60,114,23933,12279,3821,14,default,depth
urf2_277,60,114,24007,12272,3895,15,default,depth
urf2_277,60,114,23910,12273,3798,13,default,depth
urf2_277,60,114,23915,12262,3803,18,default,depth
urf2_277,60,114,23991,12300,3879,24,default,depth
urf2_277,60,114,23837,12271,3725,25,default,depth
urf2_277,60,114,23902,12259,3790,23,default,depth
urf2_277,60,114,24651,12455,4539,28,default,depth
urf2_277,60,114,23966,12286,3854,29,default,depth
urf2_277,60,114,23982,12258,3870,11,ils,depth
urf2_277,60,114,23809,12273,3697,5,ils,depth
urf2_277,60,114,23885,12280,3773,12,ils,depth
urf2_277,60,114,24009,12305,3897,6,ils,depth
urf2_277,60,114,23807,12243,3695,15,ils,depth
urf2_277,60,114,23970,12297,3858,14,ils,depth
urf2_277,60,114,23973,12301,3861,3,ils,depth
urf2_277,60,114,23886,12313,3774,4,ils,depth
urf2_277,60,114,23876,12311,3764,7,ils,depth
urf2_277,60,114,23804,12293,3692,1,ils,depth
urf2_277,60,114,23707,12282,3595,8,ils,depth
urf2_277,60,114,23875,12292,3763,16,ils,depth
urf2_277,60,114,23837,12307,3725,9,ils,depth
urf2_277,60,114,23910,12263,3798,2,ils,depth
urf2_277,60,114,23960,12288,3848,18,ils,depth
urf2_277,60,114,23889,12311,3777,20,ils,depth
urf2_277,60,114,23880,12296,3768,19,ils,depth
urf2_277,60,114,23946,12274,3834,21,ils,depth
urf2_277,60,114,23756,12292,3644,26,ils,depth
urf2_277,60,114,23968,12286,3856,28,ils,depth
urf2_277,60,114,23925,12243,3813,29,ils,depth
urf2_277,60,114,23879,12304,3767,13,ils,depth
urf2_277,60,114,23921,12301,3809,10,ils,depth
urf2_277,60,114,23931,12290,3819,23,ils,depth
urf2_277,60,114,23890,12282,3778,17,ils,depth
urf2_277,60,114,23910,12287,3798,22,ils,depth
urf2_277,60,114,24001,12312,3889,24,ils,depth
urf2_277,60,114,24029,12297,3917,25,ils,depth
urf2_277,60,114,23978,12302,3866,27,ils,depth
urf2_277,60,114,23894,12273,3782,30,ils,depth
clip_206,60,400,39144,19036,5317,2,default,depth
clip_206,60,400,39508,19177,5681,9,default,depth
clip_206,60,400,39607,19193,5780,6,default,depth
clip_206,60,400,39549,19115,5722,7,default,depth
clip_206,60,400,39702,19195,5875,3,default,depth
clip_206,60,400,39579,19110,5752,4,default,depth
clip_206,60,400,39714,19156,5887,1,default,depth
clip_206,60,400,39572,19233,5745,12,default,depth
clip_206,60,400,39434,19187,5607,8,default,depth
clip_206,60,400,39344,19211,5517,14,default,depth
clip_206,60,400,39384,19172,5557,15,default,depth
clip_206,60,400,39493,19150,5666,10,default,depth
clip_206,60,400,39626,19153,5799,5,default,depth
clip_206,60,400,39403,19130,5576,21,default,depth
clip_206,60,400,39133,19138,5306,16,default,depth
clip_206,60,400,39319,19165,5492,13,default,depth
clip_206,60,400,39549,19131,5722,20,default,depth
clip_206,60,400,39554,19215,5727,26,default,depth
clip_206,60,400,39472,19208,5645,18,default,depth
clip_206,60,400,39681,19143,5854,17,default,depth
clip_206,60,400,39085,19104,5258,27,default,depth
clip_206,60,400,39542,19225,5715,23,default,depth
clip_206,60,400,39431,19066,5604,19,default,depth
clip_206,60,400,39074,19159,5247,24,default,depth
clip_206,60,400,39279,19170,5452,28,default,depth
clip_206,60,400,39242,19076,5415,29,default,depth
clip_206,60,400,39790,19150,5963,11,default,depth
clip_206,60,400,39408,19132,5581,30,default,depth
clip_206,60,400,39552,19126,5725,22,default,depth
clip_206,60,400,39694,19180,5867,25,default,depth
clip_206,60,400,39360,19151,5533,1,ils,depth
clip_206,60,400,38993,19159,5166,15,ils,depth
clip_206,60,400,38922,19070,5095,5,ils,depth
clip_206,60,400,39400,19127,5573,16,ils,depth
clip_206,60,400,39234,19129,5407,18,ils,depth
clip_206,60,400,39220,19192,5393,2,ils,depth
clip_206,60,400,39324,19161,5497,6,ils,depth
clip_206,60,400,39228,19096,5401,21,ils,depth
clip_206,60,400,39674,19169,5847,17,ils,depth
clip_206,60,400,39497,19205,5670,26,ils,depth
clip_206,60,400,39561,19183,5734,9,ils,depth
clip_206,60,400,39469,19186,5642,4,ils,depth
clip_206,60,400,39488,19225,5661,25,ils,depth
clip_206,60,400,39543,19238,5716,7,ils,depth
clip_206,60,400,39433,19161,5606,24,ils,depth
clip_206,60,400,39389,19132,5562,3,ils,depth
clip_206,60,400,39649,19135,5822,29,ils,depth
clip_206,60,400,39666,19209,5839,13,ils,depth
clip_206,60,400,39311,19181,5484,12,ils,depth
clip_206,60,400,39640,19131,5813,10,ils,depth
clip_206,60,400,39354,19158,5527,11,ils,depth
clip_206,60,400,39458,19118,5631,23,ils,depth
clip_206,60,400,39226,19114,5399,8,ils,depth
clip_206,60,400,39456,19169,5629,27,ils,depth
clip_206,60,400,39337,19095,5510,30,ils,depth
clip_206,60,400,39292,19121,5465,14,ils,depth
clip_206,60,400,39388,19112,5561,28,ils,depth
clip_206,60,400,39585,19208,5758,19,ils,depth
clip_206,60,400,39262,19103,5435,20,ils,depth
clip_206,60,400,39209,19064,5382,22,ils,depth
miller_11,60,1,59,39,9,2,default,swaps
miller_11,60,1,59,37,9,3,default,swaps
miller_11,60,1,59,39,9,1,default,swaps
miller_11,60,1,59,38,9,4,default,swaps
miller_11,60,1,59,38,9,5,default,swaps
miller_11,60,1,59,37,9,6,default,swaps
miller_11,60,1,59,38,9,8,default,swaps
miller_11,60,1,59,38,9,7,default,swaps
miller_11,60,1,59,38,9,9,default,swaps
miller_11,60,1,59,38,9,10,default,swaps
miller_11,60,1,59,39,9,15,default,swaps
miller_11,60,1,59,38,9,16,default,swaps
miller_11,60,1,59,38,9,18,default,swaps
miller_11,60,1,59,40,9,11,default,swaps
miller_11,60,1,59,40,9,12,default,swaps
miller_11,60,1,59,39,9,20,default,swaps
miller_11,60,1,59,40,9,13,default,swaps
miller_11,60,1,59,39,9,14,default,swaps
miller_11,60,1,59,37,9,21,default,swaps
miller_11,60,1,59,38,9,17,default,swaps
miller_11,60,1,59,37,9,23,default,swaps
miller_11,60,1,59,38,9,25,default,swaps
miller_11,60,1,59,39,9,19,default,swaps
miller_11,60,1,59,38,9,24,default,swaps
miller_11,60,1,59,39,9,22,default,swaps
miller_11,60,1,59,40,9,27,default,swaps
miller_11,60,1,59,39,9,29,default,swaps
miller_11,60,1,59,38,9,28,default,swaps
miller_11,60,1,59,40,9,30,default,swaps
miller_11,60,1,59,40,9,26,default,swaps
miller_11,60,1,50,29,0,2,ils,swaps
miller_11,60,1,50,29,0,3,ils,swaps
miller_11,60,1,50,29,0,1,ils,swaps
miller_11,60,1,50,29,0,4,ils,swaps
miller_11,60,1,50,29,0,5,ils,swaps
miller_11,60,1,50,29,0,7,ils,swaps
miller_11,60,1,50,29,0,8,ils,swaps
miller_11,60,1,50,29,0,9,ils,swaps
miller_11,60,1,50,29,0,10,ils,swaps
miller_11,60,1,50,29,0,11,ils,swaps
miller_11,60,1,50,29,0,6,ils,swaps
miller_11,60,1,50,29,0,13,ils,swaps
miller_11,60,1,50,29,0,16,ils,swaps
miller_11,60,1,50,29,0,18,ils,swaps
miller_11,60,1,50,29,0,19,ils,swaps
miller_11,60,1,50,29,0,12,ils,swaps
miller_11,60,1,50,29,0,21,ils,swaps
miller_11,60,1,50,29,0,20,ils,swaps
miller_11,60,1,50,29,0,14,ils,swaps
miller_11,60,1,50,29,0,15,ils,swaps
miller_11,60,1,50,29,0,23,ils,swaps
miller_11,60,1,50,29,0,24,ils,swaps
miller_11,60,1,50,29,0,17,ils,swaps
miller_11,60,1,50,29,0,27,ils,swaps
miller_11,60,1,50,29,0,28,ils,swaps
miller_11,60,1,50,29,0,22,ils,swaps
miller_11,60,1,50,29,0,30,ils,swaps
miller_11,60,1,50,29,0,25,ils,swaps
miller_11,60,1,50,29,0,26,ils,swaps
miller_11,60,1,50,29,0,29,ils,swaps
4gt13_91,60,1,116,72,13,2,default,swaps
4gt13_91,60,1,116,71,13,1,default,swaps
4gt13_91,60,1,116,71,13,3,default,swaps
4gt13_91,60,1,116,71,13,5,default,swaps
4gt13_91,60,1,116,71,13,6,default,swaps
4gt13_91,60,1,116,70,13,7,default,swaps
4gt13_91,60,1,116,72,13,4,default,swaps
4gt13_91,60,1,116,72,13,8,default,swaps
4gt13_91,60,1,116,71,13,11,default,swaps
4gt13_91,60,1,116,71,13,9,default,swaps
4gt13_91,60,1,116,71,13,10,default,swaps
4gt13_91,60,1,116,71,13,14,default,swaps
4gt13_91,60,1,116,71,13,13,default,swaps
4gt13_91,60,1,116,71,13,12,default,swaps
4gt13_91,60,1,116,71,13,15,default,swaps
4gt13_91,60,1,116,72,13,16,default,swaps
4gt13_91,60,1,116,71,13,17,default,swaps
4gt13_91,60,1,116,71,13,18,default,swaps
4gt13_91,60,1,116,72,13,19,default,swaps
4gt13_91,60,1,116,72,13,20,default,swaps
4gt13_91,60,1,116,72,13,21,default,swaps
4gt13_91,60,1,116,71,13,22,default,swaps
4gt13_91,60,1,116,71,13,23,default,swaps
4gt13_91,60,1,116,72,13,24,default,swaps
4gt13_91,60,1,116,71,13,29,default,swaps
4gt13_91,60,1,116,70,13,25,default,swaps
4gt13_91,60,1,116,71,13,26,default,swaps
4gt13_91,60,1,116,71,13,27,default,swaps
4gt13_91,60,1,116,71,13,28,default,swaps
4gt13_91,60,1,116,71,13,30,default,swaps
4gt13_91,60,1,111,68,8,1,ils,swaps
4gt13_91,60,1,111,67,8,2,ils,swaps
4gt13_91,60,1,111,67,8,3,ils,swaps
4gt13_91,60,1,111,67,8,4,ils,swaps
4gt13_91,60,1,111,68,8,5,ils,swaps
4gt13_91,60,1,111,69,8,7,ils,swaps
4gt13_91,60,1,111,67,8,8,ils,swaps
4gt13_91,60,1,111,69,8,11,ils,swaps
4gt13_91,60,1,111,69,8,14,ils,swaps
4gt13_91,60,1,111,69,8,6,ils,swaps
4gt13_91,60,1,111,69,8,13,ils,swaps
4gt13_91,60,1,111,67,8,9,ils,swaps
4gt13_91,60,1,111,69,8,17,ils,swaps
4gt13_91,60,1,111,69,8,16,ils,swaps
4gt13_91,60,1,111,68,8,19,ils,swaps
4gt13_91,60,1,111,68,8,10,ils,swaps
4gt13_91,60,1,111,68,8,12,ils,swaps
4gt13_91,60,1,111,68,8,15,ils,swaps
4gt13_91,60,1,111,67,8,21,ils,swaps
4gt13_91,60,1,111,67,8,23,ils,swaps
4gt13_91,60,1,111,67,8,18,ils,swaps
4gt13_91,60,1,111,68,8,25,ils,swaps
4gt13_91,60,1,111,68,8,26,ils,swaps
4gt13_91,60,1,111,67,8,20,ils,swaps
4gt13_91,60,1,111,68,8,27,ils,swaps
4gt13_91,60,1,111,68,8,28,ils,swaps
4gt13_91,60,1,111,67,8,22,ils,swaps
4gt13_91,60,1,111,67,8,24,ils,swaps
4gt13_91,60,1,111,66,8,29,ils,swaps
4gt13_91,60,1,111,68,8,30,ils,swaps
0410184_169,60,2,240,133,29,5,default,swaps
0410184_169,60,2,238,130,27,3,default,swaps
0410184_169,60,2,241,125,30,2,default,swaps
0410184_169,60,2,237,121,26,4,default,swaps
0410184_169,60,2,240,131,29,7,default,swaps
0410184_169,60,2,242,129,31,6,default,swaps
0410184_169,60,2,240,123,29,8,default,swaps
0410184_169,60,2,239,122,28,10,default,swaps
0410184_169,60,2,241,130,30,9,default,swaps
0410184_169,60,2,239,129,28,1,default,swaps
0410184_169,60,2,240,129,29,14,default,swaps
0410184_169,60,2,241,135,30,13,default,swaps
0410184_169,60,2,241,124,30,18,default,swaps
0410184_169,60,2,238,126,27,17,default,swaps
0410184_169,60,2,240,131,29,11,default,swaps
0410184_169,60,2,242,131,31,12,default,swaps
0410184_169,60,2,241,128,30,22,default,swaps
0410184_169,60,2,236,126,25,24,default,swaps
0410184_169,60,2,241,124,30,15,default,swaps
0410184_169,60,2,239,128,28,19,default,swaps
0410184_169,60,2,240,130,29,16,default,swaps
0410184_169,60,2,241,134,30,21,default,swaps
0410184_169,60,2,238,125,27,20,default,swaps
0410184_169,60,2,240,127,29,23,default,swaps
0410184_169,60,2,239,122,28,25,default,swaps
0410184_169,60,2,238,125,27,29,default,swaps
0410184_169,60,2,237,122,26,26,default,swaps
0410184_169,60,2,241,130,30,27,default,swaps
0410184_169,60,2,238,135,27,28,default,swaps
0410184_169,60,2,241,129,30,30,default,swaps
0410184_169,60,2,218,112,7,2,ils,swaps
0410184_169,60,2,220,110,9,3,ils,swaps
0410184_169,60,2,218,111,7,5,ils,swaps
0410184_169,60,2,214,106,3,4,ils,swaps
0410184_169,60,2,219,111,8,6,ils,swaps
0410184_169,60,2,218,112,7,8,ils,swaps
0410184_169,60,2,214,106,3,7,ils,swaps
0410184_169,60,2,219,111,8,10,ils,swaps
0410184_169,60,2,214,106,3,9,ils,swaps
0410184_169,60,2,218,113,7,11,ils,swaps
0410184_169,60,2,214,106,3,1,ils,swaps
0410184_169,60,2,214,106,3,14,ils,swaps
0410184_169,60,2,219,111,8,12,ils,swaps
0410184_169,60,2,219,112,8,16,ils,swaps
0410184_169,60,2,219,112,8,15,ils,swaps
0410184_169,60,2,218,109,7,18,ils,swaps
0410184_169,60,2,219,112,8,17,ils,swaps
0410184_169,60,2,214,106,3,23,ils,swaps
0410184_169,60,2,219,110,8,13,ils,swaps
0410184_169,60,2,218,111,7,25,ils,swaps
0410184_169,60,2,214,106,3,24,ils,swaps
0410184_169,60,2,218,113,7,22,ils,swaps
0410184_169,60,2,218,109,7,28,ils,swaps
0410184_169,60,2,218,110,7,27,ils,swaps
0410184_169,60,2,219,111,8,19,ils,swaps
0410184_169,60,2,219,110,8,29,ils,swaps
0410184_169,60,2,214,106,3,30,ils,swaps
0410184_169,60,2,219,111,8,21,ils,swaps
0410184_169,60,2,214,106,3,20,ils,swaps
0410184_169,60,2,214,106,3,26,ils,swaps
ex3_229,60,2,426,241,23,1,default,swaps
ex3_229,60,2,434,245,31,2,default,swaps
ex3_229,60,2,432,243,29,3,default,swaps
ex3_229,60,2,427,245,24,4,default,swaps
ex3_229,60,2,427,244,24,5,default,swaps
ex3_229,60,2,426,244,23,6,default,swaps
ex3_229,60,2,434,246,31,7,default,swaps
ex3_229,60,2,432,247,29,8,default,swaps
ex3_229,60,2,438,250,35,9,default,swaps
ex3_229,60,2,428,247,25,11,default,swaps
ex3_229,60,2,428,248,25,10,default,swaps
ex3_229,60,2,427,245,24,13,default,swaps
ex3_229,60,2,428,244,25,19,default,swaps
ex3_229,60,2,428,247,25,20,default,swaps
ex3_229,60,2,432,243,29,12,default,swaps
ex3_229,60,2,431,240,28,22,default,swaps
ex3_229,60,2,428,244,25,14,default,swaps
ex3_229,60,2,427,243,24,23,default,swaps
ex3_229,60,2,434,245,31,15,default,swaps
ex3_229,60,2,428,245,25,16,default,swaps
ex3_229,60,2,434,247,31,17,default,swaps
ex3_229,60,2,429,247,26,25,default,swaps
ex3_229,60,2,438,254,35,18,default,swaps
ex3_229,60,2,427,244,24,28,default,swaps
ex3_229,60,2,439,248,36,21,default,swaps
ex3_229,60,2,429,249,26,29,default,swaps
ex3_229,60,2,427,244,24,24,default,swaps
ex3_229,60,2,432,243,29,26,default,swaps
ex3_229,60,2,427,245,24,27,default,swaps
ex3_229,60,2,437,252,34,30,default,swaps
ex3_229,60,2,410,232,7,2,ils,swaps
ex3_229,60,2,410,232,7,1,ils,swaps
ex3_229,60,2,410,231,7,3,ils,swaps
ex3_229,60,2,410,232,7,4,ils,swaps
ex3_229,60,2,410,230,7,5,ils,swaps
ex3_229,60,2,410,233,7,6,ils,swaps
ex3_229,60,2,410,232,7,7,ils,swaps
ex3_229,60,2,410,232,7,9,ils,swaps
ex3_229,60,2,410,232,7,10,ils,swaps
ex3_229,60,2,410,232,7,13,ils,swaps
ex3_229,60,2,410,235,7,8,ils,swaps
ex3_229,60,2,410,233,7,18,ils,swaps
ex3_229,60,2,410,235,7,16,ils,swaps
ex3_229,60,2,410,233,7,20,ils,swaps
ex3_229,60,2,410,232,7,11,ils,swaps
ex3_229,60,2,410,232,7,12,ils,swaps
ex3_229,60,2,410,232,7,21,ils,swaps
ex3_229,60,2,410,230,7,22,ils,swaps
ex3_229,60,2,410,232,7,15,ils,swaps
ex3_229,60,2,410,232,7,14,ils,swaps
ex3_229,60,2,410,232,7,24,ils,swaps
ex3_229,60,2,410,232,7,25,ils,swaps
ex3_229,60,2,410,233,7,17,ils,swaps
ex3_229,60,2,410,232,7,26,ils,swaps
ex3_229,60,2,410,233,7,27,ils,swaps
ex3_229,60,2,410,232,7,19,ils,swaps
ex3_229,60,2,410,233,7,30,ils,swaps
ex3_229,60,2,410,230,7,23,ils,swaps
ex3_229,60,2,410,232,7,28,ils,swaps
ex3_229,60,2,410,230,7,29,ils,swaps
rd53_131,60,3,498,278,29,3,default,swaps
rd53_131,60,3,514,295,45,4,default,swaps
rd53_131,60,3,513,297,44,6,default,swaps
rd53_131,60,3,504,284,35,8,default,swaps
rd53_131,60,3,511,296,42,9,default,swaps
rd53_131,60,3,504,284,35,10,default,swaps
rd53_131,60,3,509,293,40,1,default,swaps
rd53_131,60,3,512,294,43,2,default,swaps
rd53_131,60,3,508,292,39,5,default,swaps
rd53_131,60,3,515,292,46,7,default,swaps
rd53_131,60,3,511,290,42,18,default,swaps
rd53_131,60,3,524,307,55,11,default,swaps
rd53_131,60,3,514,293,45,19,default,swaps
rd53_131,60,3,513,294,44,12,default,swaps
rd53_131,60,3,510,296,41,13,default,swaps
rd53_131,60,3,504,288,35,22,default,swaps
rd53_131,60,3,523,303,54,14,default,swaps
rd53_131,60,3,508,287,39,15,default,swaps
rd53_131,60,3,515,295,46,25,default,swaps
rd53_131,60,3,514,294,45,16,default,swaps
rd53_131,60,3,520,309,51,17,default,swaps
rd53_131,60,3,517,300,48,20,default,swaps
rd53_131,60,3,521,307,52,21,default,swaps
rd53_131,60,3,512,298,43,28,default,swaps
rd53_131,60,3,503,286,34,23,default,swaps
rd53_131,60,3,510,291,41,30,default,swaps
rd53_131,60,3,523,304,54,24,default,swaps
rd53_131,60,3,511,291,42,26,default,swaps
rd53_131,60,3,512,299,43,27,default,swaps
rd53_131,60,3,513,300,44,29,default,swaps
rd53_131,60,3,484,272,15,1,ils,swaps
rd53_131,60,3,484,273,15,5,ils,swaps
rd53_131,60,3,484,273,15,6,ils,swaps
rd53_131,60,3,489,269,20,8,ils,swaps
rd53_131,60,3,484,274,15,9,ils,swaps
rd53_131,60,3,484,272,15,10,ils,swaps
rd53_131,60,3,484,271,15,2,ils,swaps
rd53_131,60,3,484,271,15,3,ils,swaps
rd53_131,60,3,484,271,15,4,ils,swaps
rd53_131,60,3,484,270,15,14,ils,swaps
rd53_131,60,3,484,270,15,12,ils,swaps
rd53_131,60,3,484,275,15,16,ils,swaps
rd53_131,60,3,485,271,16,17,ils,swaps
rd53_131,60,3,484,273,15,7,ils,swaps
rd53_131,60,3,484,272,15,19,ils,swaps
rd53_131,60,3,484,273,15,20,ils,swaps
rd53_131,60,3,485,270,16,11,ils,swaps
rd53_131,60,3,484,272,15,22,ils,swaps
rd53_131,60,3,484,273,15,13,ils,swaps
rd53_131,60,3,484,272,15,21,ils,swaps
rd53_131,60,3,484,274,15,24,ils,swaps
rd53_131,60,3,484,271,15,25,ils,swaps
rd53_131,60,3,484,273,15,15,ils,swaps
rd53_131,60,3,484,272,15,23,ils,swaps
rd53_131,60,3,485,272,16,18,ils,swaps
rd53_131,60,3,484,273,15,26,ils,swaps
rd53_131,60,3,484,272,15,30,ils,swaps
rd53_131,60,3,484,275,15,29,ils,swaps
rd53_131,60,3,484,276,15,27,ils,swaps
rd53_131,60,3,484,274,15,28,ils,swaps
sf_276,60,5,800,454,22,1,default,swaps
sf_276,60,5,801,453,23,4,default,swaps
sf_276,60,5,800,454,22,5,default,swaps
sf_276,60,5,800,452,22,3,default,swaps
sf_276,60,5,800,453,22,7,default,swaps
sf_276,60,5,800,454,22,6,default,swaps
sf_276,60,5,800,453,22,8,default,swaps
sf_276,60,5,800,453,22,9,default,swaps
sf_276,60,5,800,452,22,11,default,swaps
sf_276,60,5,800,450,22,2,default,swaps
sf_276,60,5,800,453,22,16,default,swaps
sf_276,60,5,800,452,22,17,default,swaps
sf_276,60,5,800,455,22,18,default,swaps
sf_276,60,5,800,453,22,19,default,swaps
sf_276,60,5,800,452,22,10,default,swaps
sf_276,60,5,800,451,22,21,default,swaps
sf_276,60,5,819,457,41,22,default,swaps
sf_276,60,5,800,452,22,12,default,swaps
sf_276,60,5,829,473,51,15,default,swaps
sf_276,60,5,800,453,22,14,default,swaps
sf_276,60,5,800,452,22,28,default,swaps
sf_276,60,5,800,451,22,27,default,swaps
sf_276,60,5,800,452,22,13,default,swaps
sf_276,60,5,800,455,22,29,default,swaps
sf_276,60,5,800,454,22,30,default,swaps
sf_276,60,5,800,453,22,20,default,swaps
sf_276,60,5,800,455,22,23,default,swaps
sf_276,60,5,800,454,22,25,default,swaps
sf_276,60,5,800,452,22,24,default,swaps
sf_276,60,5,800,454,22,26,default,swaps
sf_276,60,5,786,443,8,2,ils,swaps
sf_276,60,5,786,444,8,3,ils,swaps
sf_276,60,5,786,444,8,4,ils,swaps
sf_276,60,5,786,445,8,5,ils,swaps
sf_276,60,5,786,444,8,6,ils,swaps
sf_276,60,5,786,444,8,7,ils,swaps
sf_276,60,5,786,443,8,9,ils,swaps
sf_276,60,5,786,444,8,8,ils,swaps
sf_276,60,5,786,443,8,10,ils,swaps
sf_276,60,5,786,442,8,12,ils,swaps
sf_276,60,5,786,444,8,11,ils,swaps
sf_276,60,5,786,444,8,15,ils,swaps
sf_276,60,5,786,444,8,14,ils,swaps
sf_276,60,5,786,445,8,1,ils,swaps
sf_276,60,5,786,444,8,13,ils,swaps
sf_276,60,5,786,442,8,18,ils,swaps
sf_276,60,5,786,442,8,19,ils,swaps
sf_276,60,5,786,444,8,22,ils,swaps
sf_276,60,5,786,444,8,23,ils,swaps
sf_276,60,5,786,440,8,24,ils,swaps
sf_276,60,5,786,444,8,27,ils,swaps
sf_276,60,5,786,445,8,16,ils,swaps
sf_276,60,5,786,445,8,17,ils,swaps
sf_276,60,5,786,445,8,29,ils,swaps
sf_276,60,5,786,445,8,20,ils,swaps
sf_276,60,5,786,445,8,21,ils,swaps
sf_276,60,5,786,445,8,30,ils,swaps
sf_276,60,5,786,444,8,25,ils,swaps
sf_276,60,5,786,444,8,26,ils,swaps
sf_276,60,5,786,444,8,28,ils,swaps
rd53_251,60,4,1374,777,83,1,default,swaps
rd53_251,60,4,1385,791,94,3,default,swaps
rd53_251,60,4,1369,769,78,4,default,swaps
rd53_251,60,4,1362,767,71,5,default,swaps
rd53_251,60,4,1378,785,87,7,default,swaps
rd53_251,60,4,1377,782,86,8,default,swaps
rd53_251,60,4,1355,764,64,10,default,swaps
rd53_251,60,4,1362,764,71,14,default,swaps
rd53_251,60,4,1356,757,65,16,default,swaps
rd53_251,60,4,1372,785,81,2,default,swaps
rd53_251,60,4,1372,772,81,13,default,swaps
rd53_251,60,4,1385,800,94,17,default,swaps
rd53_251,60,4,1377,777,86,19,default,swaps
rd53_251,60,4,1390,801,99,6,default,swaps
rd53_251,60,4,1365,775,74,21,default,swaps
rd53_251,60,4,1373,782,82,22,default,swaps
rd53_251,60,4,1369,773,78,20,default,swaps
rd53_251,60,4,1357,766,66,23,default,swaps
rd53_251,60,4,1374,775,83,9,default,swaps
rd53_251,60,4,1372,780,81,25,default,swaps
rd53_251,60,4,1379,794,88,24,default,swaps
rd53_251,60,4,1357,767,66,11,default,swaps
rd53_251,60,4,1364,767,73,12,default,swaps
rd53_251,60,4,1365,760,74,15,default,swaps
rd53_251,60,4,1364,768,73,29,default,swaps
rd53_251,60,4,1378,783,87,18,default,swaps
rd53_251,60,4,1367,767,76,26,default,swaps
rd53_251,60,4,1370,773,79,27,default,swaps
rd53_251,60,4,1372,776,81,28,default,swaps
rd53_251,60,4,1372,776,81,30,default,swaps
rd53_251,60,4,1367,782,76,3,ils,swaps
rd53_251,60,4,1370,774,79,4,ils,swaps
rd53_251,60,4,1371,775,80,5,ils,swaps
rd53_251,60,4,1370,777,79,1,ils,swaps
rd53_251,60,4,1375,785,84,2,ils,swaps
rd53_251,60,4,1373,778,82,7,ils,swaps
rd53_251,60,4,1379,785,88,8,ils,swaps
rd53_251,60,4,1375,777,84,6,ils,swaps
rd53_251,60,4,1374,788,83,9,ils,swaps
rd53_251,60,4,1381,798,90,12,ils,swaps
rd53_251,60,4,1362,777,71,11,ils,swaps
rd53_251,60,4,1368,774,77,15,ils,swaps
rd53_251,60,4,1364,772,73,17,ils,swaps
rd53_251,60,4,1374,778,83,19,ils,swaps
rd53_251,60,4,1369,768,78,21,ils,swaps
rd53_251,60,4,1363,774,72,10,ils,swaps
rd53_251,60,4,1367,769,76,25,ils,swaps
rd53_251,60,4,1375,782,84,13,ils,swaps
rd53_251,60,4,1370,782,79,29,ils,swaps
rd53_251,60,4,1364,775,73,18,ils,swaps
rd53_251,60,4,1368,784,77,14,ils,swaps
rd53_251,60,4,1382,789,91,28,ils,swaps
rd53_251,60,4,1388,804,97,16,ils,swaps
rd53_251,60,4,1370,775,79,20,ils,swaps
rd53_251,60,4,1367,777,76,27,ils,swaps
rd53_251,60,4,1371,774,80,23,ils,swaps
rd53_251,60,4,1371,782,80,22,ils,swaps
rd53_251,60,4,1384,799,93,24,ils,swaps
rd53_251,60,4,1377,785,86,26,ils,swaps
rd53_251,60,4,1366,776,75,30,ils,swaps
sqrt8_260,60,22,3241,1818,232,1,default,swaps
sqrt8_260,60,22,3249,1838,240,2,default,swaps
sqrt8_260,60,22,3250,1840,241,3,default,swaps
sqrt8_260,60,22,3253,1824,244,4,default,swaps
sqrt8_260,60,22,3280,1838,271,5,default,swaps
sqrt8_260,60,22,3209,1793,200,9,default,swaps
sqrt8_260,60,22,3254,1826,245,10,default,swaps
sqrt8_260,60,22,3260,1839,251,6,default,swaps
sqrt8_260,60,22,3253,1855,244,7,default,swaps
sqrt8_260,60,22,3242,1846,233,8,default,swaps
sqrt8_260,60,22,3244,1841,235,12,default,swaps
sqrt8_260,60,22,3251,1837,242,14,default,swaps
sqrt8_260,60,22,3265,1865,256,16,default,swaps
sqrt8_260,60,22,3242,1838,233,17,default,swaps
sqrt8_260,60,22,3263,1848,254,13,default,swaps
sqrt8_260,60,22,3254,1853,245,22,default,swaps
sqrt8_260,60,22,3246,1846,237,20,default,swaps
sqrt8_260,60,22,3236,1828,227,23,default,swaps
sqrt8_260,60,22,3247,1863,238,26,default,swaps
sqrt8_260,60,22,3234,1811,225,25,default,swaps
sqrt8_260,60,22,3268,1873,259,29,default,swaps
sqrt8_260,60,22,3246,1836,237,11,default,swaps
sqrt8_260,60,22,3235,1810,226,15,default,swaps
sqrt8_260,60,22,3250,1829,241,18,default,swaps
sqrt8_260,60,22,3267,1862,258,19,default,swaps
sqrt8_260,60,22,3271,1861,262,21,default,swaps
sqrt8_260,60,22,3247,1839,238,24,default,swaps
sqrt8_260,60,22,3281,1869,272,27,default,swaps
sqrt8_260,60,22,3223,1826,214,28,default,swaps
sqrt8_260,60,22,3237,1825,228,30,default,swaps
sqrt8_260,60,22,3245,1838,236,3,ils,swaps
sqrt8_260,60,22,3234,1824,225,2,ils,swaps
sqrt8_260,60,22,3241,1845,232,6,ils,swaps
sqrt8_260,60,22,3222,1830,213,1,ils,swaps
sqrt8_260,60,22,3232,1804,223,10,ils,swaps
sqrt8_260,60,22,3214,1812,205,7,ils,swaps
sqrt8_260,60,22,3193,1786,184,5,ils,swaps
sqrt8_260,60,22,3220,1826,211,11,ils,swaps
sqrt8_260,60,22,3186,1805,177,4,ils,swaps
sqrt8_260,60,22,3245,1818,236,9,ils,swaps
sqrt8_260,60,22,3203,1796,194,8,ils,swaps
sqrt8_260,60,22,3233,1824,224,15,ils,swaps
sqrt8_260,60,22,3201,1796,192,12,ils,swaps
sqrt8_260,60,22,3229,1835,220,26,ils,swaps
sqrt8_260,60,22,3214,1816,205,14,ils,swaps
sqrt8_260,60,22,3217,1822,208,13,ils,swaps
sqrt8_260,60,22,3200,1816,191,17,ils,swaps
sqrt8_260,60,22,3224,1814,215,18,ils,swaps
sqrt8_260,60,22,3201,1801,192,16,ils,swaps
sqrt8_260,60,22,3213,1791,204,24,ils,swaps
sqrt8_260,60,22,3189,1796,180,19,ils,swaps
sqrt8_260,60,22,3221,1840,212,30,ils,swaps
sqrt8_260,60,22,3233,1850,224,20,ils,swaps
sqrt8_260,60,22,3236,1825,227,22,ils,swaps
sqrt8_260,60,22,3211,1812,202,21,ils,swaps
sqrt8_260,60,22,3199,1829,190,29,ils,swaps
sqrt8_260,60,22,3216,1827,207,25,ils,swaps
sqrt8_260,60,22,3182,1786,173,23,ils,swaps
sqrt8_260,60,22,3225,1800,216,27,ils,swaps
sqrt8_260,60,22,3224,1819,215,28,ils,swaps
misex1_241,60,18,5043,2828,230,7,default,swaps
misex1_241,60,18,5052,2861,239,15,default,swaps
misex1_241,60,18,5014,2813,201,14,default,swaps
misex1_241,60,18,5019,2826,206,1,default,swaps
misex1_241,60,18,5068,2867,255,2,default,swaps
misex1_241,60,18,5101,2890,288,3,default,swaps
misex1_241,60,18,5094,2878,281,4,default,swaps
misex1_241,60,18,4986,2788,173,5,default,swaps
misex1_241,60,18,5062,2879,249,6,default,swaps
misex1_241,60,18,5056,2829,243,8,default,swaps
misex1_241,60,18,4996,2801,183,9,default,swaps
misex1_241,60,18,5085,2883,272,11,default,swaps
misex1_241,60,18,5032,2850,219,10,default,swaps
misex1_241,60,18,4980,2787,167,12,default,swaps
misex1_241,60,18,5056,2854,243,13,default,swaps
misex1_241,60,18,5004,2822,191,28,default,swaps
misex1_241,60,18,5098,2887,285,23,default,swaps
misex1_241,60,18,5054,2844,241,16,default,swaps
misex1_241,60,18,5088,2901,275,17,default,swaps
misex1_241,60,18,5051,2844,238,21,default,swaps
misex1_241,60,18,5019,2835,206,18,default,swaps
misex1_241,60,18,5003,2810,190,25,default,swaps
misex1_241,60,18,4997,2797,184,19,default,swaps
misex1_241,60,18,5065,2884,252,20,default,swaps
misex1_241,60,18,5073,2883,260,26,default,swaps
misex1_241,60,18,5004,2793,191,22,default,swaps
misex1_241,60,18,5068,2873,255,24,default,swaps
misex1_241,60,18,5006,2801,193,27,default,swaps
misex1_241,60,18,5045,2838,232,29,default,swaps
misex1_241,60,18,4991,2796,178,30,default,swaps
misex1_241,60,18,5014,2835,201,1,ils,swaps
misex1_241,60,18,5053,2853,240,4,ils,swaps
misex1_241,60,18,5034,2824,221,6,ils,swaps
misex1_241,60,18,5005,2818,192,3,ils,swaps
misex1_241,60,18,5033,2850,220,9,ils,swaps
misex1_241,60,18,5019,2818,206,8,ils,swaps
misex1_241,60,18,5000,2802,187,7,ils,swaps
misex1_241,60,18,4989,2799,176,12,ils,swaps
misex1_241,60,18,5003,2797,190,11,ils,swaps
misex1_241,60,18,5004,2811,191,5,ils,swaps
misex1_241,60,18,5031,2825,218,13,ils,swaps
misex1_241,60,18,5087,2891,274,18,ils,swaps
misex1_241,60,18,5010,2817,197,22,ils,swaps
misex1_241,60,18,4991,2803,178,2,ils,swaps
misex1_241,60,18,5083,2875,270,27,ils,swaps
misex1_241,60,18,5113,2896,300,10,ils,swaps
misex1_241,60,18,5055,2843,242,28,ils,swaps
misex1_241,60,18,5013,2815,200,29,ils,swaps
misex1_241,60,18,5029,2814,216,16,ils,swaps
misex1_241,60,18,5006,2815,193,15,ils,swaps
misex1_241,60,18,5097,2911,284,14,ils,swaps
misex1_241,60,18,5035,2827,222,17,ils,swaps
misex1_241,60,18,5020,2822,207,19,ils,swaps
misex1_241,60,18,5038,2850,225,20,ils,swaps
misex1_241,60,18,5039,2838,226,21,ils,swaps
misex1_241,60,18,5013,2818,200,23,ils,swaps
misex1_241,60,18,5024,2836,211,24,ils,swaps
misex1_241,60,18,5008,2813,195,25,ils,swaps
misex1_241,60,18,5055,2855,242,26,ils,swaps
misex1_241,60,18,5008,2807,195,30,ils,swaps
cycle10_2_110,60,60,6537,3748,487,1,default,swaps
cycle10_2_110,60,60,6517,3710,467,2,default,swaps
cycle10_2_110,60,60,6537,3770,487,3,default,swaps
cycle10_2_110,60,60,6548,3784,498,10,default,swaps
cycle10_2_110,60,60,6542,3763,492,5,default,swaps
cycle10_2_110,60,60,6587,3812,537,6,default,swaps
cycle10_2_110,60,60,6567,3799,517,15,default,swaps
cycle10_2_110,60,60,6576,3778,526,16,default,swaps
cycle10_2_110,60,60,6556,3773,506,11,default,swaps
cycle10_2_110,60,60,6566,3772,516,7,default,swaps
cycle10_2_110,60,60,6544,3788,494,18,default,swaps
cycle10_2_110,60,60,6560,3761,510,8,default,swaps
cycle10_2_110,60,60,6594,3817,544,9,default,swaps
cycle10_2_110,60,60,6579,3782,529,17,default,swaps
cycle10_2_110,60,60,6538,3735,488,26,default,swaps
cycle10_2_110,60,60,6592,3777,542,22,default,swaps
cycle10_2_110,60,60,6663,3855,613,25,default,swaps
cycle10_2_110,60,60,6556,3785,506,24,default,swaps
cycle10_2_110,60,60,6598,3835,548,27,default,swaps
cycle10_2_110,60,60,6618,3873,568,4,default,swaps
cycle10_2_110,60,60,6527,3744,477,30,default,swaps
cycle10_2_110,60,60,6586,3816,536,21,default,swaps
cycle10_2_110,60,60,6627,3827,577,12,default,swaps
cycle10_2_110,60,60,6558,3796,508,13,default,swaps
cycle10_2_110,60,60,6549,3775,499,14,default,swaps
cycle10_2_110,60,60,6552,3754,502,19,default,swaps
cycle10_2_110,60,60,6592,3791,542,20,default,swaps
cycle10_2_110,60,60,6575,3799,525,23,default,swaps
cycle10_2_110,60,60,6566,3786,516,29,default,swaps
cycle10_2_110,60,60,6524,3740,474,28,default,swaps
cycle10_2_110,60,60,6433,3677,383,4,ils,swaps
cycle10_2_110,60,60,6458,3707,408,2,ils,swaps
cycle10_2_110,60,60,6475,3722,425,9,ils,swaps
cycle10_2_110,60,60,6490,3708,440,10,ils,swaps
cycle10_2_110,60,60,6463,3701,413,1,ils,swaps
cycle10_2_110,60,60,6460,3704,410,5,ils,swaps
cycle10_2_110,60,60,6477,3729,427,6,ils,swaps
cycle10_2_110,60,60,6474,3697,424,7,ils,swaps
cycle10_2_110,60,60,6522,3721,472,8,ils,swaps
cycle10_2_110,60,60,6545,3747,495,15,ils,swaps
cycle10_2_110,60,60,6498,3722,448,16,ils,swaps
cycle10_2_110,60,60,6417,3659,367,11,ils,swaps
cycle10_2_110,60,60,6520,3740,470,13,ils,swaps
cycle10_2_110,60,60,6432,3694,382,20,ils,swaps
cycle10_2_110,60,60,6509,3758,459,23,ils,swaps
cycle10_2_110,60,60,6413,3699,363,25,ils,swaps
cycle10_2_110,60,60,6484,3739,434,3,ils,swaps
cycle10_2_110,60,60,6447,3710,397,29,ils,swaps
cycle10_2_110,60,60,6423,3664,373,22,ils,swaps
cycle10_2_110,60,60,6506,3754,456,12,ils,swaps
cycle10_2_110,60,60,6441,3694,391,26,ils,swaps
cycle10_2_110,60,60,6542,3786,492,14,ils,swaps
cycle10_2_110,60,60,6477,3696,427,30,ils,swaps
cycle10_2_110,60,60,6440,3690,390,17,ils,swaps
cycle10_2_110,60,60,6553,3749,503,18,ils,swaps
cycle10_2_110,60,60,6532,3713,482,19,ils,swaps
cycle10_2_110,60,60,6496,3741,446,24,ils,swaps
cycle10_2_110,60,60,6447,3696,397,21,ils,swaps
cycle10_2_110,60,60,6462,3700,412,27,ils,swaps
cycle10_2_110,60,60,6526,3778,476,28,ils,swaps
square_root_7,60,47,8042,4151,412,3,default,swaps
square_root_7,60,47,8052,4109,422,4,default,swaps
square_root_7,60,47,8078,4212,448,2,default,swaps
square_root_7,60,47,8078,4160,448,9,default,swaps
square_root_7,60,47,8125,4203,495,7,default,swaps
square_root_7,60,47,8026,4126,396,6,default,swaps
square_root_7,60,47,8002,4097,372,8,default,swaps
square_root_7,60,47,8075,4163,445,10,default,swaps
square_root_7,60,47,8095,4138,465,13,default,swaps
square_root_7,60,47,8084,4149,454,1,default,swaps
square_root_7,60,47,8093,4148,463,5,default,swaps
square_root_7,60,47,8108,4173,478,22,default,swaps
square_root_7,60,47,8051,4152,421,27,default,swaps
square_root_7,60,47,8057,4147,427,11,default,swaps
square_root_7,60,47,8089,4153,459,12,default,swaps
square_root_7,60,47,8129,4224,499,14,default,swaps
square_root_7,60,47,8029,4105,399,16,default,swaps
square_root_7,60,47,8064,4150,434,17,default,swaps
square_root_7,60,47,8060,4138,430,15,default,swaps
square_root_7,60,47,8100,4141,470,18,default,swaps
square_root_7,60,47,8048,4173,418,19,default,swaps
square_root_7,60,47,8090,4148,460,20,default,swaps
square_root_7,60,47,8095,4179,465,21,default,swaps
square_root_7,60,47,8103,4219,473,25,default,swaps
square_root_7,60,47,8043,4104,413,23,default,swaps
square_root_7,60,47,8048,4157,418,24,default,swaps
square_root_7,60,47,8026,4125,396,26,default,swaps
square_root_7,60,47,8058,4131,428,29,default,swaps
square_root_7,60,47,8122,4210,492,28,default,swaps
square_root_7,60,47,8101,4214,471,30,default,swaps
square_root_7,60,47,8009,4131,379,3,ils,swaps
square_root_7,60,47,8006,4063,376,4,ils,swaps
square_root_7,60,47,8036,4103,406,14,ils,swaps
square_root_7,60,47,8042,4128,412,15,ils,swaps
square_root_7,60,47,8067,4195,437,12,ils,swaps
square_root_7,60,47,8035,4124,405,2,ils,swaps
square_root_7,60,47,7965,4078,335,9,ils,swaps
square_root_7,60,47,7986,4100,356,1,ils,swaps
square_root_7,60,47,8023,4127,393,6,ils,swaps
square_root_7,60,47,8044,4139,414,5,ils,swaps
square_root_7,60,47,8047,4138,417,7,ils,swaps
square_root_7,60,47,8081,4136,451,20,ils,swaps
square_root_7,60,47,8052,4116,422,18,ils,swaps
square_root_7,60,47,8045,4110,415,11,ils,swaps
square_root_7,60,47,8065,4147,435,24,ils,swaps
square_root_7,60,47,8071,4162,441,29,ils,swaps
square_root_7,60,47,8018,4078,388,8,ils,swaps
square_root_7,60,47,8065,4138,435,28,ils,swaps
square_root_7,60,47,8057,4103,427,10,ils,swaps
square_root_7,60,47,8058,4117,428,26,ils,swaps
square_root_7,60,47,8028,4095,398,30,ils,swaps
square_root_7,60,47,8043,4159,413,13,ils,swaps
square_root_7,60,47,8025,4091,395,17,ils,swaps
square_root_7,60,47,8046,4112,416,23,ils,swaps
square_root_7,60,47,8084,4180,454,16,ils,swaps
square_root_7,60,47,8062,4145,432,19,ils,swaps
square_root_7,60,47,8076,4153,446,21,ils,swaps
square_root_7,60,47,8080,4165,450,27,ils,swaps
square_root_7,60,47,8074,4124,444,22,ils,swaps
square_root_7,60,47,7969,4093,339,25,ils,swaps
sqn_258,60,100,10979,6120,756,2,default,swaps
sqn_258,60,100,10970,6075,747,3,default,swaps
sqn_258,60,100,10984,6164,761,6,default,swaps
sqn_258,60,100,10987,6092,764,12,default,swaps
sqn_258,60,100,10992,6160,769,7,default,swaps
sqn_258,60,100,11085,6150,862,5,default,swaps
sqn_258,60,100,11030,6161,807,8,default,swaps
sqn_258,60,100,11036,6182,813,10,default,swaps
sqn_258,60,100,10988,6116,765,9,default,swaps
sqn_258,60,100,10955,6067,732,13,default,swaps
sqn_258,60,100,10991,6041,768,16,default,swaps
sqn_258,60,100,10940,6043,717,17,default,swaps
sqn_258,60,100,10957,6083,734,20,default,swaps
sqn_258,60,100,10941,6088,718,18,default,swaps
sqn_258,60,100,11013,6116,790,11,default,swaps
sqn_258,60,100,11012,6103,789,19,default,swaps
sqn_258,60,100,10960,6071,737,1,default,swaps
sqn_258,60,100,10922,6080,699,4,default,swaps
sqn_258,60,100,11025,6163,802,25,default,swaps
sqn_258,60,100,10985,6169,762,14,default,swaps
sqn_258,60,100,10927,6033,704,15,default,swaps
sqn_258,60,100,10960,6031,737,21,default,swaps
sqn_258,60,100,10958,6042,735,22,default,swaps
sqn_258,60,100,11012,6130,789,23,default,swaps
sqn_258,60,100,10930,6001,707,26,default,swaps
sqn_258,60,100,10918,5966,695,28,default,swaps
sqn_258,60,100,10998,6087,775,27,default,swaps
sqn_258,60,100,11000,6077,777,24,default,swaps
sqn_258,60,100,11030,6148,807,29,default,swaps
sqn_258,60,100,11042,6174,819,30,default,swaps
sqn_258,60,100,10831,6016,608,3,ils,swaps
sqn_258,60,100,10804,5897,581,5,ils,swaps
sqn_258,60,100,10954,6101,731,4,ils,swaps
sqn_258,60,100,11004,6166,781,1,ils,swaps
sqn_258,60,100,10956,6079,733,8,ils,swaps
sqn_258,60,100,10846,6020,623,2,ils,swaps
sqn_258,60,100,10866,5963,643,9,ils,swaps
sqn_258,60,100,10802,5927,579,7,ils,swaps
sqn_258,60,100,10903,6067,680,17,ils,swaps
sqn_258,60,100,10908,6057,685,6,ils,swaps
sqn_258,60,100,10983,6015,760,26,ils,swaps
sqn_258,60,100,10866,6019,643,28,ils,swaps
sqn_258,60,100,10805,5947,582,11,ils,swaps
sqn_258,60,100,10908,6064,685,12,ils,swaps
sqn_258,60,100,10931,6070,708,13,ils,swaps
sqn_258,60,100,10837,5952,614,10,ils,swaps
sqn_258,60,100,10876,6017,653,14,ils,swaps
sqn_258,60,100,10900,6043,677,30,ils,swaps
sqn_258,60,100,10809,5954,586,15,ils,swaps
sqn_258,60,100,10829,5922,606,22,ils,swaps
sqn_258,60,100,10946,6000,723,23,ils,swaps
sqn_258,60,100,10772,5907,549,18,ils,swaps
sqn_258,60,100,10967,6089,744,21,ils,swaps
sqn_258,60,100,10961,6075,738,16,ils,swaps
sqn_258,60,100,10861,5996,638,19,ils,swaps
sqn_258,60,100,10921,6100,698,20,ils,swaps
sqn_258,60,100,10912,6017,689,27,ils,swaps
sqn_258,60,100,10967,6126,744,25,ils,swaps
sqn_258,60,100,10854,6017,631,24,ils,swaps
sqn_258,60,100,10903,6033,680,29,ils,swaps
root_255,60,120,18667,10167,1508,9,default,swaps
root_255,60,120,18680,10070,1521,8,default,swaps
root_255,60,120,18664,10214,1505,6,default,swaps
root_255,60,120,18714,10208,1555,2,default,swaps
root_255,60,120,18615,10284,1456,4,default,swaps
root_255,60,120,18536,10125,1377,1,default,swaps
root_255,60,120,18706,10252,1547,5,default,swaps
root_255,60,120,18544,10084,1385,15,default,swaps
root_255,60,120,18621,10208,1462,17,default,swaps
root_255,60,120,18648,10131,1489,16,default,swaps
root_255,60,120,18648,10138,1489,3,default,swaps
root_255,60,120,18534,10139,1375,7,default,swaps
root_255,60,120,18580,10146,1421,21,default,swaps
root_255,60,120,18594,10228,1435,11,default,swaps
root_255,60,120,18629,10112,1470,10,default,swaps
root_255,60,120,18645,10169,1486,27,default,swaps
root_255,60,120,18635,10137,1476,12,default,swaps
root_255,60,120,18502,9956,1343,25,default,swaps
root_255,60,120,18630,10131,1471,14,default,swaps
root_255,60,120,18699,10209,1540,20,default,swaps
root_255,60,120,18700,10201,1541,19,default,swaps
root_255,60,120,18534,10071,1375,18,default,swaps
root_255,60,120,18648,10156,1489,22,default,swaps
root_255,60,120,18758,10298,1599,23,default,swaps
root_255,60,120,18622,10151,1463,29,default,swaps
root_255,60,120,18627,10186,1468,24,default,swaps
root_255,60,120,18568,10098,1409,13,default,swaps
root_255,60,120,18688,10134,1529,30,default,swaps
root_255,60,120,18500,10039,1341,28,default,swaps
root_255,60,120,18637,10182,1478,26,default,swaps
root_255,60,120,18494,10030,1335,8,ils,swaps
root_255,60,120,18275,9889,1116,1,ils,swaps
root_255,60,120,18120,9694,961,2,ils,swaps
root_255,60,120,18356,9872,1197,5,ils,swaps
root_255,60,120,18338,9975,1179,7,ils,swaps
root_255,60,120,18188,9802,1029,6,ils,swaps
root_255,60,120,18499,10024,1340,10,ils,swaps
root_255,60,120,18432,9935,1273,9,ils,swaps
root_255,60,120,18536,10123,1377,20,ils,swaps
root_255,60,120,18268,9859,1109,19,ils,swaps
root_255,60,120,18305,9775,1146,14,ils,swaps
root_255,60,120,18478,10186,1319,4,ils,swaps
root_255,60,120,18382,9951,1223,3,ils,swaps
root_255,60,120,18312,9889,1153,18,ils,swaps
root_255,60,120,18461,9975,1302,23,ils,swaps
root_255,60,120,18419,9925,1260,21,ils,swaps
root_255,60,120,18273,9910,1114,22,ils,swaps
root_255,60,120,18527,10072,1368,26,ils,swaps
root_255,60,120,18397,10005,1238,11,ils,swaps
root_255,60,120,18410,9859,1251,29,ils,swaps
root_255,60,120,18269,9863,1110,12,ils,swaps
root_255,60,120,18398,9756,1239,30,ils,swaps
root_255,60,120,18216,9881,1057,15,ils,swaps
root_255,60,120,18507,10059,1348,16,ils,swaps
root_255,60,120,18505,10096,1346,13,ils,swaps
root_255,60,120,18306,9949,1147,24,ils,swaps
root_255,60,120,18318,9826,1159,17,ils,swaps
root_255,60,120,18156,9822,997,25,ils,swaps
root_255,60,120,18451,10109,1292,28,ils,swaps
root_255,60,120,18242,9902,1083,27,ils,swaps
urf2_277,60,400,22632,13472,2520,2,default,swaps
urf2_277,60,400,22695,13519,2583,5,default,swaps
urf2_277,60,400,22649,13463,2537,7,default,swaps
urf2_277,60,400,22627,13423,2515,1,default,swaps
urf2_277,60,400,22524,13492,2412,10,default,swaps
urf2_277,60,400,22640,13438,2528,4,default,swaps
urf2_277,60,400,22523,13483,2411,3,default,swaps
urf2_277,60,400,22663,13487,2551,8,default,swaps
urf2_277,60,400,22595,13378,2483,9,default,swaps
urf2_277,60,400,22632,13492,2520,15,default,swaps
urf2_277,60,400,22606,13448,2494,11,default,swaps
urf2_277,60,400,22476,13404,2364,22,default,swaps
urf2_277,60,400,22693,13455,2581,6,default,swaps
urf2_277,60,400,22579,13351,2467,29,default,swaps
urf2_277,60,400,22540,13466,2428,20,default,swaps
urf2_277,60,400,22645,13505,2533,14,default,swaps
urf2_277,60,400,22752,13499,2640,17,default,swaps
urf2_277,60,400,22548,13437,2436,13,default,swaps
urf2_277,60,400,22555,13432,2443,12,default,swaps
urf2_277,60,400,22516,13420,2404,18,default,swaps
urf2_277,60,400,22648,13433,2536,21,default,swaps
urf2_277,60,400,22589,13368,2477,23,default,swaps
urf2_277,60,400,22637,13470,2525,19,default,swaps
urf2_277,60,400,22615,13484,2503,16,default,swaps
urf2_277,60,400,22622,13453,2510,25,default,swaps
urf2_277,60,400,22423,13459,2311,27,default,swaps
urf2_277,60,400,22436,13454,2324,26,default,swaps
urf2_277,60,400,22487,13469,2375,24,default,swaps
urf2_277,60,400,22623,13371,2511,28,default,swaps
urf2_277,60,400,22625,13378,2513,30,default,swaps
urf2_277,60,400,22184,13345,2072,5,ils,swaps
urf2_277,60,400,22162,13262,2050,8,ils,swaps
urf2_277,60,400,22196,13313,2084,6,ils,swaps
urf2_277,60,400,22623,13415,2511,7,ils,swaps
urf2_277,60,400,22549,13376,2437,1,ils,swaps
urf2_277,60,400,22430,13373,2318,3,ils,swaps
urf2_277,60,400,22191,13273,2079,9,ils,swaps
urf2_277,60,400,22118,13257,2006,2,ils,swaps
urf2_277,60,400,22324,13337,2212,22,ils,swaps
urf2_277,60,400,22216,13369,2104,13,ils,swaps
urf2_277,60,400,22148,13255,2036,11,ils,swaps
urf2_277,60,400,22208,13346,2096,20,ils,swaps
urf2_277,60,400,22224,13345,2112,26,ils,swaps
urf2_277,60,400,22190,13277,2078,18,ils,swaps
urf2_277,60,400,22537,13410,2425,23,ils,swaps
urf2_277,60,400,22133,13275,2021,21,ils,swaps
urf2_277,60,400,22123,13260,2011,27,ils,swaps
urf2_277,60,400,22181,13336,2069,19,ils,swaps
urf2_277,60,400,22425,13448,2313,17,ils,swaps
urf2_277,60,400,22434,13409,2322,28,ils,swaps
urf2_277,60,400,22336,13377,2224,4,ils,swaps
urf2_277,60,400,22431,13414,2319,16,ils,swaps
urf2_277,60,400,22502,13392,2390,29,ils,swaps
urf2_277,60,400,22230,13307,2118,12,ils,swaps
urf2_277,60,400,22581,13462,2469,14,ils,swaps
urf2_277,60,400,22174,13305,2062,15,ils,swaps
urf2_277,60,400,22586,13381,2474,10,ils,swaps
urf2_277,60,400,22193,13347,2081,24,ils,swaps
urf2_277,60,400,22139,13218,2027,25,ils,swaps
urf2_277,60,400,22175,13336,2063,30,ils,swaps
clip_206,60,550,36526,20095,2699,4,default,swaps
clip_206,60,550,36965,20591,3138,3,default,swaps
clip_206,60,550,37114,20747,3287,6,default,swaps
clip_206,60,550,37127,20731,3300,1,default,swaps
clip_206,60,550,36928,20516,3101,10,default,swaps
clip_206,60,550,36905,20530,3078,9,default,swaps
clip_206,60,550,36976,20628,3149,8,default,swaps
clip_206,60,550,36958,20599,3131,7,default,swaps
clip_206,60,550,36851,20427,3024,24,default,swaps
clip_206,60,550,36800,20375,2973,5,default,swaps
clip_206,60,550,36708,20403,2881,2,default,swaps
clip_206,60,550,37013,20466,3186,13,default,swaps
clip_206,60,550,36973,20628,3146,14,default,swaps
clip_206,60,550,36876,20366,3049,22,default,swaps
clip_206,60,550,37001,20637,3174,11,default,swaps
clip_206,60,550,37081,20661,3254,12,default,swaps
clip_206,60,550,36809,20348,2982,17,default,swaps
clip_206,60,550,36885,20443,3058,19,default,swaps
clip_206,60,550,37166,20745,3339,27,default,swaps
clip_206,60,550,37048,20593,3221,28,default,swaps
clip_206,60,550,36766,20438,2939,25,default,swaps
clip_206,60,550,36859,20507,3032,21,default,swaps
clip_206,60,550,36684,20326,2857,18,default,swaps
clip_206,60,550,36827,20381,3000,16,default,swaps
clip_206,60,550,36887,20573,3060,23,default,swaps
clip_206,60,550,37008,20621,3181,26,default,swaps
clip_206,60,550,36971,20574,3144,20,default,swaps
clip_206,60,550,37178,20619,3351,29,default,swaps
clip_206,60,550,37097,20727,3270,30,default,swaps
clip_206,60,550,36905,20573,3078,15,default,swaps
clip_206,60,550,36872,20520,3045,8,ils,swaps
clip_206,60,550,36680,20297,2853,4,ils,swaps
clip_206,60,550,36662,20387,2835,6,ils,swaps
clip_206,60,550,36730,20393,2903,2,ils,swaps
clip_206,60,550,36590,20352,2763,7,ils,swaps
clip_206,60,550,36778,20396,2951,10,ils,swaps
clip_206,60,550,36950,20511,3123,9,ils,swaps
clip_206,60,550,36843,20513,3016,3,ils,swaps
clip_206,60,550,36517,20095,2690,5,ils,swaps
clip_206,60,550,36782,20408,2955,23,ils,swaps
clip_206,60,550,36831,20373,3004,1,ils,swaps
clip_206,60,550,36725,20463,2898,22,ils,swaps
clip_206,60,550,36440,20013,2613,26,ils,swaps
clip_206,60,550,36778,20466,2951,16,ils,swaps
clip_206,60,550,36500,20139,2673,18,ils,swaps
clip_206,60,550,36871,20549,3044,21,ils,swaps
clip_206,60,550,37028,20650,3201,19,ils,swaps
clip_206,60,550,36560,20282,2733,14,ils,swaps
clip_206,60,550,36884,20428,3057,25,ils,swaps
clip_206,60,550,36888,20600,3061,17,ils,swaps
clip_206,60,550,36918,20553,3091,20,ils,swaps
clip_206,60,550,36908,20652,3081,12,ils,swaps
clip_206,60,550,36871,20474,3044,15,ils,swaps
clip_206,60,550,36754,20325,2927,13,ils,swaps
clip_206,60,550,36721,20237,2894,24,ils,swaps
clip_206,60,550,36668,20334,2841,27,ils,swaps
clip_206,60,550,36314,20150,2487,11,ils,swaps
clip_206,60,550,36737,20359,2910,29,ils,swaps
clip_206,60,550,36567,20327,2740,30,ils,swaps
clip_206,60,550,37034,20782,3207,28,ils,swaps
