instance_name,timeout,num_chunks,gate_out,depth_out,num_swaps,seed,seed_is
miller_11,10,1,51,29,1,1,1
miller_11,10,1,51,29,1,2,1
miller_11,10,1,51,29,1,3,1
miller_11,10,1,51,29,1,4,1
miller_11,10,1,51,29,1,5,1
miller_11,10,1,51,29,1,6,1
miller_11,10,1,51,29,1,7,1
miller_11,10,1,51,29,1,8,1
miller_11,10,1,51,29,1,9,1
miller_11,10,1,51,29,1,10,1
miller_11,10,1,51,29,1,11,1
miller_11,10,1,51,29,1,12,1
miller_11,10,1,51,29,1,13,1
miller_11,10,1,51,29,1,14,1
miller_11,10,1,51,29,1,15,1
miller_11,10,1,52,30,2,1,2
miller_11,10,1,52,30,2,2,2
miller_11,10,1,52,30,2,5,2
miller_11,10,1,52,30,2,6,2
miller_11,10,1,52,30,2,7,2
miller_11,10,1,52,30,2,8,2
miller_11,10,1,52,30,2,3,2
miller_11,10,1,52,30,2,11,2
miller_11,10,1,52,30,2,12,2
miller_11,10,1,52,30,2,4,2
miller_11,10,1,52,30,2,13,2
miller_11,10,1,52,30,2,14,2
miller_11,10,1,52,30,2,15,2
miller_11,10,1,52,30,2,9,2
miller_11,10,1,52,30,2,10,2
miller_11,10,1,54,31,4,3,3
miller_11,10,1,54,31,4,5,3
miller_11,10,1,54,31,4,6,3
miller_11,10,1,54,31,4,1,3
miller_11,10,1,54,31,4,9,3
miller_11,10,1,54,31,4,2,3
miller_11,10,1,54,31,4,4,3
miller_11,10,1,54,31,4,7,3
miller_11,10,1,54,31,4,14,3
miller_11,10,1,54,31,4,8,3
miller_11,10,1,54,31,4,13,3
miller_11,10,1,54,31,4,10,3
miller_11,10,1,54,31,4,15,3
miller_11,10,1,54,31,4,11,3
miller_11,10,1,54,31,4,12,3
miller_11,10,1,53,30,3,1,4
miller_11,10,1,53,30,3,2,4
miller_11,10,1,53,30,3,3,4
miller_11,10,1,53,30,3,4,4
miller_11,10,1,53,30,3,5,4
miller_11,10,1,53,30,3,9,4
miller_11,10,1,53,30,3,10,4
miller_11,10,1,53,30,3,6,4
miller_11,10,1,53,30,3,13,4
miller_11,10,1,53,30,3,14,4
miller_11,10,1,53,30,3,15,4
miller_11,10,1,53,30,3,7,4
miller_11,10,1,53,30,3,8,4
miller_11,10,1,53,30,3,11,4
miller_11,10,1,53,30,3,12,4
miller_11,10,1,53,30,3,1,5
miller_11,10,1,53,30,3,2,5
miller_11,10,1,53,30,3,4,5
miller_11,10,1,53,30,3,6,5
miller_11,10,1,53,30,3,9,5
miller_11,10,1,53,30,3,10,5
miller_11,10,1,53,30,3,3,5
miller_11,10,1,53,30,3,5,5
miller_11,10,1,53,30,3,13,5
miller_11,10,1,53,30,3,7,5
miller_11,10,1,53,30,3,8,5
miller_11,10,1,53,30,3,15,5
miller_11,10,1,53,30,3,11,5
miller_11,10,1,53,30,3,12,5
miller_11,10,1,53,30,3,14,5
miller_11,10,1,53,30,3,1,6
miller_11,10,1,53,30,3,2,6
miller_11,10,1,53,30,3,3,6
miller_11,10,1,53,30,3,5,6
miller_11,10,1,53,30,3,7,6
miller_11,10,1,53,30,3,6,6
miller_11,10,1,53,30,3,8,6
miller_11,10,1,53,30,3,4,6
miller_11,10,1,53,30,3,11,6
miller_11,10,1,53,30,3,12,6
miller_11,10,1,53,30,3,13,6
miller_11,10,1,53,30,3,9,6
miller_11,10,1,53,30,3,10,6
miller_11,10,1,53,30,3,14,6
miller_11,10,1,53,30,3,15,6
miller_11,10,1,53,30,3,2,7
miller_11,10,1,53,30,3,3,7
miller_11,10,1,53,30,3,4,7
miller_11,10,1,53,30,3,6,7
miller_11,10,1,53,30,3,7,7
miller_11,10,1,53,30,3,8,7
miller_11,10,1,53,30,3,1,7
miller_11,10,1,53,30,3,5,7
miller_11,10,1,53,30,3,9,7
miller_11,10,1,53,30,3,10,7
miller_11,10,1,53,30,3,11,7
miller_11,10,1,53,30,3,12,7
miller_11,10,1,53,30,3,13,7
miller_11,10,1,53,30,3,14,7
miller_11,10,1,53,30,3,15,7
miller_11,10,1,53,30,3,1,8
miller_11,10,1,53,30,3,2,8
miller_11,10,1,53,30,3,5,8
miller_11,10,1,53,30,3,3,8
miller_11,10,1,53,30,3,4,8
miller_11,10,1,53,30,3,6,8
miller_11,10,1,53,30,3,7,8
miller_11,10,1,53,30,3,11,8
miller_11,10,1,53,30,3,8,8
miller_11,10,1,53,30,3,9,8
miller_11,10,1,53,30,3,10,8
miller_11,10,1,53,30,3,12,8
miller_11,10,1,53,30,3,13,8
miller_11,10,1,53,30,3,14,8
miller_11,10,1,53,30,3,15,8
miller_11,10,1,53,31,3,2,9
miller_11,10,1,53,31,3,5,9
miller_11,10,1,53,31,3,7,9
miller_11,10,1,53,31,3,1,9
miller_11,10,1,53,31,3,9,9
miller_11,10,1,53,31,3,3,9
miller_11,10,1,53,31,3,4,9
miller_11,10,1,53,31,3,6,9
miller_11,10,1,53,31,3,12,9
miller_11,10,1,53,31,3,13,9
miller_11,10,1,53,31,3,8,9
miller_11,10,1,53,31,3,10,9
miller_11,10,1,53,31,3,14,9
miller_11,10,1,53,31,3,11,9
miller_11,10,1,53,31,3,15,9
miller_11,10,1,52,30,2,1,10
miller_11,10,1,52,30,2,2,10
miller_11,10,1,52,30,2,3,10
miller_11,10,1,52,30,2,4,10
miller_11,10,1,52,30,2,5,10
miller_11,10,1,52,30,2,6,10
miller_11,10,1,52,30,2,7,10
miller_11,10,1,52,30,2,8,10
miller_11,10,1,52,30,2,14,10
miller_11,10,1,52,30,2,15,10
miller_11,10,1,52,30,2,9,10
miller_11,10,1,52,30,2,10,10
miller_11,10,1,52,30,2,11,10
miller_11,10,1,52,30,2,12,10
miller_11,10,1,52,30,2,13,10
miller_11,10,1,51,29,1,1,11
miller_11,10,1,51,29,1,2,11
miller_11,10,1,51,29,1,5,11
miller_11,10,1,51,29,1,6,11
miller_11,10,1,51,29,1,7,11
miller_11,10,1,51,29,1,9,11
miller_11,10,1,51,29,1,3,11
miller_11,10,1,51,29,1,4,11
miller_11,10,1,51,29,1,12,11
miller_11,10,1,51,29,1,11,11
miller_11,10,1,51,29,1,8,11
miller_11,10,1,51,29,1,13,11
miller_11,10,1,51,29,1,10,11
miller_11,10,1,51,29,1,15,11
miller_11,10,1,51,29,1,14,11
miller_11,10,1,52,30,2,4,12
miller_11,10,1,52,30,2,5,12
miller_11,10,1,52,30,2,6,12
miller_11,10,1,52,30,2,7,12
miller_11,10,1,52,30,2,8,12
miller_11,10,1,52,30,2,1,12
miller_11,10,1,52,30,2,2,12
miller_11,10,1,52,30,2,3,12
miller_11,10,1,52,30,2,12,12
miller_11,10,1,52,30,2,15,12
miller_11,10,1,52,30,2,9,12
miller_11,10,1,52,30,2,10,12
miller_11,10,1,52,30,2,11,12
miller_11,10,1,52,30,2,13,12
miller_11,10,1,52,30,2,14,12
miller_11,10,1,52,30,2,1,13
miller_11,10,1,52,30,2,2,13
miller_11,10,1,52,30,2,3,13
miller_11,10,1,52,30,2,5,13
miller_11,10,1,52,30,2,7,13
miller_11,10,1,52,30,2,8,13
miller_11,10,1,52,30,2,10,13
miller_11,10,1,52,30,2,4,13
miller_11,10,1,52,30,2,11,13
miller_11,10,1,52,30,2,6,13
miller_11,10,1,52,30,2,14,13
miller_11,10,1,52,30,2,9,13
miller_11,10,1,52,30,2,12,13
miller_11,10,1,52,30,2,13,13
miller_11,10,1,52,30,2,15,13
miller_11,10,1,52,30,2,4,14
miller_11,10,1,52,30,2,6,14
miller_11,10,1,52,30,2,8,14
miller_11,10,1,52,30,2,7,14
miller_11,10,1,52,30,2,1,14
miller_11,10,1,52,30,2,2,14
miller_11,10,1,52,30,2,9,14
miller_11,10,1,52,30,2,10,14
miller_11,10,1,52,30,2,3,14
miller_11,10,1,52,30,2,5,14
miller_11,10,1,52,30,2,13,14
miller_11,10,1,52,30,2,14,14
miller_11,10,1,52,30,2,15,14
miller_11,10,1,52,30,2,11,14
miller_11,10,1,52,30,2,12,14
miller_11,10,1,53,30,3,1,15
miller_11,10,1,53,30,3,2,15
miller_11,10,1,53,30,3,3,15
miller_11,10,1,53,30,3,4,15
miller_11,10,1,53,30,3,6,15
miller_11,10,1,53,30,3,7,15
miller_11,10,1,53,30,3,8,15
miller_11,10,1,53,30,3,9,15
miller_11,10,1,53,30,3,11,15
miller_11,10,1,53,30,3,12,15
miller_11,10,1,53,30,3,13,15
miller_11,10,1,53,30,3,5,15
miller_11,10,1,53,30,3,15,15
miller_11,10,1,53,30,3,10,15
miller_11,10,1,53,30,3,14,15
miller_11,10,1,52,30,2,2,16
miller_11,10,1,52,30,2,5,16
miller_11,10,1,52,30,2,6,16
miller_11,10,1,52,30,2,7,16
miller_11,10,1,52,30,2,8,16
miller_11,10,1,52,30,2,9,16
miller_11,10,1,52,30,2,1,16
miller_11,10,1,52,30,2,10,16
miller_11,10,1,52,30,2,3,16
miller_11,10,1,52,30,2,4,16
miller_11,10,1,52,30,2,15,16
miller_11,10,1,52,30,2,11,16
miller_11,10,1,52,30,2,12,16
miller_11,10,1,52,30,2,13,16
miller_11,10,1,52,30,2,14,16
miller_11,10,1,54,32,4,1,17
miller_11,10,1,54,32,4,2,17
miller_11,10,1,54,32,4,5,17
miller_11,10,1,54,32,4,4,17
miller_11,10,1,54,32,4,8,17
miller_11,10,1,54,32,4,9,17
miller_11,10,1,54,32,4,3,17
miller_11,10,1,54,32,4,6,17
miller_11,10,1,54,32,4,11,17
miller_11,10,1,54,32,4,14,17
miller_11,10,1,54,32,4,12,17
miller_11,10,1,54,32,4,7,17
miller_11,10,1,54,32,4,15,17
miller_11,10,1,54,32,4,13,17
miller_11,10,1,54,32,4,10,17
miller_11,10,1,61,41,11,1,18
miller_11,10,1,61,41,11,3,18
miller_11,10,1,61,42,11,5,18
miller_11,10,1,61,40,11,7,18
miller_11,10,1,61,40,11,8,18
miller_11,10,1,61,41,11,2,18
miller_11,10,1,61,41,11,4,18
miller_11,10,1,61,41,11,6,18
miller_11,10,1,61,41,11,11,18
miller_11,10,1,61,42,11,12,18
miller_11,10,1,61,39,11,13,18
miller_11,10,1,61,40,11,9,18
miller_11,10,1,61,40,11,14,18
miller_11,10,1,61,42,11,10,18
miller_11,10,1,61,39,11,15,18
miller_11,10,1,51,29,1,1,19
miller_11,10,1,51,29,1,4,19
miller_11,10,1,51,29,1,7,19
miller_11,10,1,51,29,1,2,19
miller_11,10,1,51,29,1,9,19
miller_11,10,1,51,29,1,3,19
miller_11,10,1,51,29,1,10,19
miller_11,10,1,51,29,1,5,19
miller_11,10,1,51,29,1,11,19
miller_11,10,1,51,29,1,13,19
miller_11,10,1,51,29,1,6,19
miller_11,10,1,51,29,1,14,19
miller_11,10,1,51,29,1,15,19
miller_11,10,1,51,29,1,8,19
miller_11,10,1,51,29,1,12,19
miller_11,10,1,60,41,10,1,20
miller_11,10,1,60,41,10,2,20
miller_11,10,1,60,39,10,3,20
miller_11,10,1,60,39,10,5,20
miller_11,10,1,60,40,10,6,20
miller_11,10,1,60,39,10,7,20
miller_11,10,1,60,40,10,8,20
miller_11,10,1,60,40,10,9,20
miller_11,10,1,60,41,10,10,20
miller_11,10,1,60,41,10,11,20
miller_11,10,1,60,39,10,13,20
miller_11,10,1,60,38,10,4,20
miller_11,10,1,60,39,10,14,20
miller_11,10,1,60,40,10,15,20
miller_11,10,1,60,39,10,12,20
miller_11,10,1,62,41,12,1,21
miller_11,10,1,62,43,12,2,21
miller_11,10,1,62,42,12,4,21
miller_11,10,1,62,41,12,5,21
miller_11,10,1,62,41,12,6,21
miller_11,10,1,62,42,12,7,21
miller_11,10,1,62,42,12,8,21
miller_11,10,1,62,41,12,9,21
miller_11,10,1,62,41,12,10,21
miller_11,10,1,62,42,12,3,21
miller_11,10,1,62,41,12,12,21
miller_11,10,1,62,42,12,11,21
miller_11,10,1,62,41,12,13,21
miller_11,10,1,62,42,12,14,21
miller_11,10,1,62,41,12,15,21
miller_11,10,1,51,30,1,1,22
miller_11,10,1,51,30,1,2,22
miller_11,10,1,51,30,1,3,22
miller_11,10,1,51,30,1,4,22
miller_11,10,1,51,30,1,5,22
miller_11,10,1,51,30,1,6,22
miller_11,10,1,51,30,1,7,22
miller_11,10,1,51,30,1,8,22
miller_11,10,1,51,30,1,9,22
miller_11,10,1,51,30,1,10,22
miller_11,10,1,51,30,1,12,22
miller_11,10,1,51,30,1,13,22
miller_11,10,1,51,30,1,15,22
miller_11,10,1,51,30,1,11,22
miller_11,10,1,51,30,1,14,22
miller_11,10,1,51,30,1,1,23
miller_11,10,1,51,30,1,2,23
miller_11,10,1,51,30,1,4,23
miller_11,10,1,51,30,1,5,23
miller_11,10,1,51,30,1,6,23
miller_11,10,1,51,30,1,8,23
miller_11,10,1,51,30,1,9,23
miller_11,10,1,51,30,1,10,23
miller_11,10,1,51,30,1,3,23
miller_11,10,1,51,30,1,14,23
miller_11,10,1,51,30,1,7,23
miller_11,10,1,51,30,1,15,23
miller_11,10,1,51,30,1,11,23
miller_11,10,1,51,30,1,12,23
miller_11,10,1,51,30,1,13,23
miller_11,10,1,53,30,3,2,24
miller_11,10,1,53,30,3,3,24
miller_11,10,1,53,30,3,4,24
miller_11,10,1,53,30,3,5,24
miller_11,10,1,53,30,3,6,24
miller_11,10,1,53,30,3,7,24
miller_11,10,1,53,30,3,8,24
miller_11,10,1,53,30,3,9,24
miller_11,10,1,53,30,3,1,24
miller_11,10,1,53,30,3,11,24
miller_11,10,1,53,30,3,12,24
miller_11,10,1,53,30,3,13,24
miller_11,10,1,53,30,3,14,24
miller_11,10,1,53,30,3,15,24
miller_11,10,1,53,30,3,10,24
miller_11,10,1,54,31,4,1,25
miller_11,10,1,54,31,4,2,25
miller_11,10,1,54,31,4,3,25
miller_11,10,1,54,31,4,4,25
miller_11,10,1,54,31,4,5,25
miller_11,10,1,54,31,4,6,25
miller_11,10,1,54,31,4,7,25
miller_11,10,1,54,31,4,9,25
miller_11,10,1,54,31,4,13,25
miller_11,10,1,54,31,4,8,25
miller_11,10,1,54,31,4,14,25
miller_11,10,1,54,31,4,10,25
miller_11,10,1,54,31,4,15,25
miller_11,10,1,54,31,4,11,25
miller_11,10,1,54,31,4,12,25
miller_11,10,1,51,29,1,2,26
miller_11,10,1,51,29,1,6,26
miller_11,10,1,51,29,1,7,26
miller_11,10,1,51,29,1,8,26
miller_11,10,1,51,29,1,1,26
miller_11,10,1,51,29,1,9,26
miller_11,10,1,51,29,1,10,26
miller_11,10,1,51,29,1,3,26
miller_11,10,1,51,29,1,4,26
miller_11,10,1,51,29,1,12,26
miller_11,10,1,51,29,1,13,26
miller_11,10,1,51,29,1,5,26
miller_11,10,1,51,29,1,14,26
miller_11,10,1,51,29,1,11,26
miller_11,10,1,51,29,1,15,26
miller_11,10,1,53,30,3,1,27
miller_11,10,1,53,30,3,2,27
miller_11,10,1,53,30,3,3,27
miller_11,10,1,53,30,3,4,27
miller_11,10,1,53,30,3,5,27
miller_11,10,1,53,30,3,6,27
miller_11,10,1,53,30,3,7,27
miller_11,10,1,53,30,3,14,27
miller_11,10,1,53,30,3,8,27
miller_11,10,1,53,30,3,15,27
miller_11,10,1,53,30,3,9,27
miller_11,10,1,53,30,3,10,27
miller_11,10,1,53,30,3,11,27
miller_11,10,1,53,30,3,12,27
miller_11,10,1,53,30,3,13,27
miller_11,10,1,53,31,3,2,28
miller_11,10,1,53,31,3,5,28
miller_11,10,1,53,31,3,6,28
miller_11,10,1,53,31,3,4,28
miller_11,10,1,53,31,3,1,28
miller_11,10,1,53,31,3,3,28
miller_11,10,1,53,31,3,9,28
miller_11,10,1,53,31,3,7,28
miller_11,10,1,53,31,3,12,28
miller_11,10,1,53,31,3,13,28
miller_11,10,1,53,31,3,14,28
miller_11,10,1,53,31,3,15,28
miller_11,10,1,53,31,3,8,28
miller_11,10,1,53,31,3,10,28
miller_11,10,1,53,31,3,11,28
miller_11,10,1,54,31,4,1,29
miller_11,10,1,54,31,4,6,29
miller_11,10,1,54,31,4,7,29
miller_11,10,1,54,31,4,8,29
miller_11,10,1,54,31,4,9,29
miller_11,10,1,54,31,4,10,29
miller_11,10,1,54,31,4,2,29
miller_11,10,1,54,31,4,3,29
miller_11,10,1,54,31,4,11,29
miller_11,10,1,54,31,4,4,29
miller_11,10,1,54,31,4,5,29
miller_11,10,1,54,31,4,13,29
miller_11,10,1,54,31,4,15,29
miller_11,10,1,54,31,4,12,29
miller_11,10,1,54,31,4,14,29
miller_11,10,1,61,39,11,1,30
miller_11,10,1,61,39,11,3,30
miller_11,10,1,61,39,11,4,30
miller_11,10,1,61,41,11,5,30
miller_11,10,1,61,40,11,7,30
miller_11,10,1,61,38,11,8,30
miller_11,10,1,61,39,11,10,30
miller_11,10,1,61,40,11,2,30
miller_11,10,1,61,39,11,6,30
miller_11,10,1,61,39,11,12,30
miller_11,10,1,61,40,11,13,30
miller_11,10,1,61,39,11,11,30
miller_11,10,1,61,39,11,9,30
miller_11,10,1,61,39,11,14,30
miller_11,10,1,61,40,11,15,30
miller_11,10,1,52,30,2,1,31
miller_11,10,1,52,30,2,4,31
miller_11,10,1,52,30,2,5,31
miller_11,10,1,52,30,2,6,31
miller_11,10,1,52,30,2,7,31
miller_11,10,1,52,30,2,8,31
miller_11,10,1,52,30,2,2,31
miller_11,10,1,52,30,2,3,31
miller_11,10,1,52,30,2,11,31
miller_11,10,1,52,30,2,12,31
miller_11,10,1,52,30,2,13,31
miller_11,10,1,52,30,2,14,31
miller_11,10,1,52,30,2,9,31
miller_11,10,1,52,30,2,10,31
miller_11,10,1,52,30,2,15,31
miller_11,10,1,53,30,3,1,32
miller_11,10,1,53,30,3,4,32
miller_11,10,1,53,30,3,2,32
miller_11,10,1,53,30,3,8,32
miller_11,10,1,53,30,3,5,32
miller_11,10,1,53,30,3,3,32
miller_11,10,1,53,30,3,9,32
miller_11,10,1,53,30,3,11,32
miller_11,10,1,53,30,3,7,32
miller_11,10,1,53,30,3,6,32
miller_11,10,1,53,30,3,13,32
miller_11,10,1,53,30,3,14,32
miller_11,10,1,53,30,3,10,32
miller_11,10,1,53,30,3,12,32
miller_11,10,1,53,30,3,15,32
miller_11,10,1,53,30,3,1,33
miller_11,10,1,53,30,3,6,33
miller_11,10,1,53,30,3,8,33
miller_11,10,1,53,30,3,5,33
miller_11,10,1,53,30,3,7,33
miller_11,10,1,53,30,3,9,33
miller_11,10,1,53,30,3,2,33
miller_11,10,1,53,30,3,3,33
miller_11,10,1,53,30,3,4,33
miller_11,10,1,53,30,3,10,33
miller_11,10,1,53,30,3,11,33
miller_11,10,1,53,30,3,15,33
miller_11,10,1,53,30,3,12,33
miller_11,10,1,53,30,3,13,33
miller_11,10,1,53,30,3,14,33
miller_11,10,1,53,30,3,1,34
miller_11,10,1,53,30,3,6,34
miller_11,10,1,53,30,3,2,34
miller_11,10,1,53,30,3,3,34
miller_11,10,1,53,30,3,10,34
miller_11,10,1,53,30,3,7,34
miller_11,10,1,53,30,3,4,34
miller_11,10,1,53,30,3,8,34
miller_11,10,1,53,30,3,5,34
miller_11,10,1,53,30,3,9,34
miller_11,10,1,53,30,3,11,34
miller_11,10,1,53,30,3,12,34
miller_11,10,1,53,30,3,13,34
miller_11,10,1,53,30,3,14,34
miller_11,10,1,53,30,3,15,34
miller_11,10,1,55,32,5,1,35
miller_11,10,1,55,32,5,3,35
miller_11,10,1,55,32,5,4,35
miller_11,10,1,55,32,5,5,35
miller_11,10,1,55,32,5,6,35
miller_11,10,1,55,32,5,8,35
miller_11,10,1,55,32,5,9,35
miller_11,10,1,55,32,5,10,35
miller_11,10,1,55,32,5,2,35
miller_11,10,1,55,32,5,15,35
miller_11,10,1,55,32,5,7,35
miller_11,10,1,55,32,5,11,35
miller_11,10,1,55,32,5,12,35
miller_11,10,1,55,32,5,13,35
miller_11,10,1,55,32,5,14,35
miller_11,10,1,53,31,3,1,36
miller_11,10,1,53,31,3,3,36
miller_11,10,1,53,31,3,5,36
miller_11,10,1,53,30,3,4,36
miller_11,10,1,53,30,3,2,36
miller_11,10,1,53,31,3,10,36
miller_11,10,1,53,31,3,11,36
miller_11,10,1,53,31,3,12,36
miller_11,10,1,53,31,3,6,36
miller_11,10,1,53,31,3,13,36
miller_11,10,1,53,30,3,7,36
miller_11,10,1,53,31,3,8,36
miller_11,10,1,53,30,3,9,36
miller_11,10,1,53,30,3,14,36
miller_11,10,1,53,30,3,15,36
miller_11,10,1,52,30,2,1,37
miller_11,10,1,52,30,2,2,37
miller_11,10,1,52,30,2,3,37
miller_11,10,1,52,30,2,4,37
miller_11,10,1,52,30,2,6,37
miller_11,10,1,52,30,2,10,37
miller_11,10,1,52,30,2,5,37
miller_11,10,1,52,30,2,12,37
miller_11,10,1,52,30,2,14,37
miller_11,10,1,52,30,2,7,37
miller_11,10,1,52,30,2,8,37
miller_11,10,1,52,30,2,9,37
miller_11,10,1,52,30,2,11,37
miller_11,10,1,52,30,2,13,37
miller_11,10,1,52,30,2,15,37
miller_11,10,1,52,30,2,1,38
miller_11,10,1,52,30,2,3,38
miller_11,10,1,52,30,2,5,38
miller_11,10,1,52,30,2,7,38
miller_11,10,1,52,30,2,8,38
miller_11,10,1,52,30,2,9,38
miller_11,10,1,52,30,2,10,38
miller_11,10,1,52,30,2,2,38
miller_11,10,1,52,30,2,4,38
miller_11,10,1,52,30,2,6,38
miller_11,10,1,52,30,2,11,38
miller_11,10,1,52,30,2,14,38
miller_11,10,1,52,30,2,15,38
miller_11,10,1,52,30,2,13,38
miller_11,10,1,52,30,2,12,38
miller_11,10,1,54,32,4,1,39
miller_11,10,1,54,32,4,3,39
miller_11,10,1,54,32,4,5,39
miller_11,10,1,54,32,4,4,39
miller_11,10,1,54,32,4,6,39
miller_11,10,1,54,32,4,2,39
miller_11,10,1,54,32,4,7,39
miller_11,10,1,54,32,4,8,39
miller_11,10,1,54,32,4,9,39
miller_11,10,1,54,32,4,11,39
miller_11,10,1,54,32,4,13,39
miller_11,10,1,54,32,4,10,39
miller_11,10,1,54,32,4,12,39
miller_11,10,1,54,32,4,14,39
miller_11,10,1,54,32,4,15,39
miller_11,10,1,53,31,3,3,40
miller_11,10,1,53,31,3,1,40
miller_11,10,1,53,31,3,4,40
miller_11,10,1,53,31,3,5,40
miller_11,10,1,53,31,3,6,40
miller_11,10,1,53,31,3,7,40
miller_11,10,1,53,31,3,2,40
miller_11,10,1,53,31,3,11,40
miller_11,10,1,53,31,3,12,40
miller_11,10,1,53,31,3,14,40
miller_11,10,1,53,31,3,8,40
miller_11,10,1,53,31,3,9,40
miller_11,10,1,53,31,3,10,40
miller_11,10,1,53,31,3,13,40
miller_11,10,1,53,31,3,15,40
miller_11,10,1,54,31,4,2,41
miller_11,10,1,54,31,4,4,41
miller_11,10,1,54,31,4,5,41
miller_11,10,1,54,31,4,1,41
miller_11,10,1,54,31,4,8,41
miller_11,10,1,54,31,4,6,41
miller_11,10,1,54,31,4,9,41
miller_11,10,1,54,31,4,7,41
miller_11,10,1,54,31,4,3,41
miller_11,10,1,54,31,4,13,41
miller_11,10,1,54,31,4,14,41
miller_11,10,1,54,31,4,15,41
miller_11,10,1,54,31,4,10,41
miller_11,10,1,54,31,4,11,41
miller_11,10,1,54,31,4,12,41
miller_11,10,1,51,30,1,1,42
miller_11,10,1,51,30,1,5,42
miller_11,10,1,51,30,1,6,42
miller_11,10,1,51,30,1,7,42
miller_11,10,1,51,30,1,9,42
miller_11,10,1,51,30,1,10,42
miller_11,10,1,51,30,1,2,42
miller_11,10,1,51,30,1,3,42
miller_11,10,1,51,30,1,4,42
miller_11,10,1,51,30,1,12,42
miller_11,10,1,51,30,1,15,42
miller_11,10,1,51,30,1,8,42
miller_11,10,1,51,30,1,11,42
miller_11,10,1,51,30,1,13,42
miller_11,10,1,51,30,1,14,42
miller_11,10,1,53,31,3,2,43
miller_11,10,1,53,30,3,3,43
miller_11,10,1,53,30,3,4,43
miller_11,10,1,53,30,3,5,43
miller_11,10,1,53,30,3,6,43
miller_11,10,1,53,31,3,7,43
miller_11,10,1,53,30,3,8,43
miller_11,10,1,53,30,3,1,43
miller_11,10,1,53,30,3,13,43
miller_11,10,1,53,30,3,14,43
miller_11,10,1,53,30,3,15,43
miller_11,10,1,53,30,3,9,43
miller_11,10,1,53,30,3,10,43
miller_11,10,1,53,30,3,11,43
miller_11,10,1,53,31,3,12,43
miller_11,10,1,52,31,2,1,44
miller_11,10,1,52,31,2,2,44
miller_11,10,1,52,31,2,6,44
miller_11,10,1,52,31,2,7,44
miller_11,10,1,52,31,2,8,44
miller_11,10,1,52,31,2,9,44
miller_11,10,1,52,31,2,3,44
miller_11,10,1,52,31,2,4,44
miller_11,10,1,52,31,2,5,44
miller_11,10,1,52,31,2,14,44
miller_11,10,1,52,31,2,15,44
miller_11,10,1,52,31,2,10,44
miller_11,10,1,52,31,2,11,44
miller_11,10,1,52,31,2,12,44
miller_11,10,1,52,31,2,13,44
miller_11,10,1,53,31,3,1,45
miller_11,10,1,53,31,3,2,45
miller_11,10,1,53,31,3,3,45
miller_11,10,1,53,31,3,4,45
miller_11,10,1,53,31,3,5,45
miller_11,10,1,53,31,3,6,45
miller_11,10,1,53,31,3,8,45
miller_11,10,1,53,31,3,12,45
miller_11,10,1,53,31,3,13,45
miller_11,10,1,53,31,3,14,45
miller_11,10,1,53,31,3,7,45
miller_11,10,1,53,31,3,9,45
miller_11,10,1,53,31,3,10,45
miller_11,10,1,53,31,3,11,45
miller_11,10,1,53,31,3,15,45
miller_11,10,1,61,41,11,3,46
miller_11,10,1,61,39,11,4,46
miller_11,10,1,61,42,11,6,46
miller_11,10,1,61,41,11,7,46
miller_11,10,1,61,40,11,9,46
miller_11,10,1,61,41,11,1,46
miller_11,10,1,61,39,11,10,46
miller_11,10,1,61,40,11,2,46
miller_11,10,1,61,40,11,5,46
miller_11,10,1,61,40,11,8,46
miller_11,10,1,61,39,11,15,46
miller_11,10,1,61,41,11,11,46
miller_11,10,1,61,38,11,12,46
miller_11,10,1,61,41,11,13,46
miller_11,10,1,61,42,11,14,46
miller_11,10,1,52,30,2,2,47
miller_11,10,1,52,30,2,5,47
miller_11,10,1,52,30,2,1,47
miller_11,10,1,52,30,2,4,47
miller_11,10,1,52,30,2,3,47
miller_11,10,1,52,30,2,6,47
miller_11,10,1,52,30,2,7,47
miller_11,10,1,52,30,2,14,47
miller_11,10,1,52,30,2,11,47
miller_11,10,1,52,30,2,15,47
miller_11,10,1,52,30,2,8,47
miller_11,10,1,52,30,2,12,47
miller_11,10,1,52,30,2,13,47
miller_11,10,1,52,30,2,9,47
miller_11,10,1,52,30,2,10,47
miller_11,10,1,51,30,1,1,48
miller_11,10,1,51,30,1,2,48
miller_11,10,1,51,30,1,3,48
miller_11,10,1,51,30,1,6,48
miller_11,10,1,51,30,1,8,48
miller_11,10,1,51,30,1,9,48
miller_11,10,1,51,30,1,10,48
miller_11,10,1,51,30,1,4,48
miller_11,10,1,51,30,1,12,48
miller_11,10,1,51,30,1,13,48
miller_11,10,1,51,30,1,5,48
miller_11,10,1,51,30,1,11,48
miller_11,10,1,51,30,1,7,48
miller_11,10,1,51,30,1,14,48
miller_11,10,1,51,30,1,15,48
miller_11,10,1,51,29,1,1,49
miller_11,10,1,51,29,1,2,49
miller_11,10,1,51,29,1,4,49
miller_11,10,1,51,29,1,6,49
miller_11,10,1,51,29,1,7,49
miller_11,10,1,51,29,1,9,49
miller_11,10,1,51,29,1,8,49
miller_11,10,1,51,29,1,11,49
miller_11,10,1,51,29,1,3,49
miller_11,10,1,51,29,1,12,49
miller_11,10,1,51,29,1,13,49
miller_11,10,1,51,29,1,14,49
miller_11,10,1,51,29,1,5,49
miller_11,10,1,51,29,1,10,49
miller_11,10,1,51,29,1,15,49
miller_11,10,1,52,31,2,2,50
miller_11,10,1,52,31,2,3,50
miller_11,10,1,52,31,2,5,50
miller_11,10,1,52,31,2,1,50
miller_11,10,1,52,31,2,6,50
miller_11,10,1,52,31,2,7,50
miller_11,10,1,52,31,2,8,50
miller_11,10,1,52,31,2,4,50
miller_11,10,1,52,31,2,11,50
miller_11,10,1,52,31,2,9,50
miller_11,10,1,52,31,2,10,50
miller_11,10,1,52,31,2,12,50
miller_11,10,1,52,31,2,15,50
miller_11,10,1,52,31,2,13,50
miller_11,10,1,52,31,2,14,50
4gt13_91,10,1,116,71,13,1,0
4gt13_91,10,1,116,72,13,2,0
4gt13_91,10,1,116,71,13,5,0
4gt13_91,10,1,116,71,13,6,0
4gt13_91,10,1,116,70,13,7,0
4gt13_91,10,1,116,72,13,8,0
4gt13_91,10,1,116,71,13,9,0
4gt13_91,10,1,116,71,13,3,0
4gt13_91,10,1,116,71,13,10,0
4gt13_91,10,1,116,71,13,11,0
4gt13_91,10,1,116,71,13,12,0
4gt13_91,10,1,116,71,13,13,0
4gt13_91,10,1,116,72,13,4,0
4gt13_91,10,1,116,71,13,14,0
4gt13_91,10,1,116,71,13,15,0
4gt13_91,10,1,109,64,6,1,1
4gt13_91,10,1,109,64,6,3,1
4gt13_91,10,1,109,64,6,4,1
4gt13_91,10,1,109,64,6,5,1
4gt13_91,10,1,109,64,6,8,1
4gt13_91,10,1,109,64,6,9,1
4gt13_91,10,1,109,64,6,2,1
4gt13_91,10,1,109,64,6,11,1
4gt13_91,10,1,109,64,6,12,1
4gt13_91,10,1,109,64,6,6,1
4gt13_91,10,1,109,64,6,14,1
4gt13_91,10,1,109,64,6,15,1
4gt13_91,10,1,109,64,6,7,1
4gt13_91,10,1,109,64,6,10,1
4gt13_91,10,1,109,64,6,13,1
4gt13_91,10,1,111,70,8,1,2
4gt13_91,10,1,111,69,8,5,2
4gt13_91,10,1,111,70,8,6,2
4gt13_91,10,1,111,70,8,8,2
4gt13_91,10,1,111,70,8,2,2
4gt13_91,10,1,111,70,8,3,2
4gt13_91,10,1,111,69,8,4,2
4gt13_91,10,1,111,70,8,11,2
4gt13_91,10,1,111,71,8,13,2
4gt13_91,10,1,111,68,8,7,2
4gt13_91,10,1,111,71,8,9,2
4gt13_91,10,1,111,70,8,10,2
4gt13_91,10,1,111,70,8,12,2
4gt13_91,10,1,111,69,8,14,2
4gt13_91,10,1,111,71,8,15,2
4gt13_91,10,1,111,65,8,1,3
4gt13_91,10,1,111,65,8,2,3
4gt13_91,10,1,111,65,8,3,3
4gt13_91,10,1,111,65,8,5,3
4gt13_91,10,1,111,65,8,6,3
4gt13_91,10,1,111,65,8,7,3
4gt13_91,10,1,111,65,8,8,3
4gt13_91,10,1,111,65,8,9,3
4gt13_91,10,1,111,65,8,11,3
4gt13_91,10,1,111,65,8,4,3
4gt13_91,10,1,111,65,8,14,3
4gt13_91,10,1,111,65,8,15,3
4gt13_91,10,1,111,65,8,10,3
4gt13_91,10,1,111,65,8,12,3
4gt13_91,10,1,111,65,8,13,3
4gt13_91,10,1,110,64,7,1,4
4gt13_91,10,1,110,64,7,4,4
4gt13_91,10,1,110,64,7,6,4
4gt13_91,10,1,110,64,7,7,4
4gt13_91,10,1,110,64,7,8,4
4gt13_91,10,1,110,64,7,9,4
4gt13_91,10,1,110,64,7,10,4
4gt13_91,10,1,110,64,7,2,4
4gt13_91,10,1,110,64,7,3,4
4gt13_91,10,1,110,64,7,11,4
4gt13_91,10,1,110,64,7,12,4
4gt13_91,10,1,110,64,7,13,4
4gt13_91,10,1,110,64,7,14,4
4gt13_91,10,1,110,64,7,5,4
4gt13_91,10,1,110,64,7,15,4
4gt13_91,10,1,108,63,5,4,5
4gt13_91,10,1,108,63,5,5,5
4gt13_91,10,1,108,63,5,7,5
4gt13_91,10,1,108,63,5,8,5
4gt13_91,10,1,108,63,5,6,5
4gt13_91,10,1,108,63,5,9,5
4gt13_91,10,1,108,63,5,1,5
4gt13_91,10,1,108,63,5,2,5
4gt13_91,10,1,108,63,5,3,5
4gt13_91,10,1,108,63,5,11,5
4gt13_91,10,1,108,63,5,13,5
4gt13_91,10,1,108,63,5,10,5
4gt13_91,10,1,108,63,5,12,5
4gt13_91,10,1,108,63,5,14,5
4gt13_91,10,1,108,63,5,15,5
4gt13_91,10,1,110,69,7,2,6
4gt13_91,10,1,110,68,7,1,6
4gt13_91,10,1,110,68,7,5,6
4gt13_91,10,1,110,66,7,6,6
4gt13_91,10,1,110,66,7,7,6
4gt13_91,10,1,110,69,7,8,6
4gt13_91,10,1,110,68,7,9,6
4gt13_91,10,1,110,65,7,10,6
4gt13_91,10,1,110,68,7,3,6
4gt13_91,10,1,110,67,7,11,6
4gt13_91,10,1,110,66,7,4,6
4gt13_91,10,1,110,68,7,14,6
4gt13_91,10,1,110,68,7,15,6
4gt13_91,10,1,110,68,7,12,6
4gt13_91,10,1,110,67,7,13,6
4gt13_91,10,1,112,68,9,1,7
4gt13_91,10,1,112,68,9,2,7
4gt13_91,10,1,112,66,9,3,7
4gt13_91,10,1,112,66,9,4,7
4gt13_91,10,1,112,63,9,5,7
4gt13_91,10,1,112,68,9,6,7
4gt13_91,10,1,112,66,9,7,7
4gt13_91,10,1,112,68,9,10,7
4gt13_91,10,1,112,66,9,8,7
4gt13_91,10,1,112,68,9,13,7
4gt13_91,10,1,112,66,9,9,7
4gt13_91,10,1,112,63,9,11,7
4gt13_91,10,1,112,66,9,12,7
4gt13_91,10,1,112,63,9,14,7
4gt13_91,10,1,112,68,9,15,7
4gt13_91,10,1,111,63,8,1,8
4gt13_91,10,1,111,63,8,2,8
4gt13_91,10,1,111,63,8,3,8
4gt13_91,10,1,111,63,8,5,8
4gt13_91,10,1,111,63,8,6,8
4gt13_91,10,1,111,63,8,7,8
4gt13_91,10,1,111,63,8,8,8
4gt13_91,10,1,111,63,8,4,8
4gt13_91,10,1,111,63,8,14,8
4gt13_91,10,1,111,63,8,15,8
4gt13_91,10,1,111,63,8,9,8
4gt13_91,10,1,111,63,8,10,8
4gt13_91,10,1,111,63,8,11,8
4gt13_91,10,1,111,63,8,12,8
4gt13_91,10,1,111,63,8,13,8
4gt13_91,10,1,110,65,7,1,9
4gt13_91,10,1,110,65,7,2,9
4gt13_91,10,1,110,65,7,4,9
4gt13_91,10,1,110,65,7,5,9
4gt13_91,10,1,110,65,7,6,9
4gt13_91,10,1,110,65,7,7,9
4gt13_91,10,1,110,65,7,9,9
4gt13_91,10,1,110,65,7,3,9
4gt13_91,10,1,110,65,7,12,9
4gt13_91,10,1,110,65,7,11,9
4gt13_91,10,1,110,65,7,13,9
4gt13_91,10,1,110,65,7,14,9
4gt13_91,10,1,110,65,7,15,9
4gt13_91,10,1,110,65,7,8,9
4gt13_91,10,1,110,65,7,10,9
4gt13_91,10,1,110,64,7,1,10
4gt13_91,10,1,110,64,7,4,10
4gt13_91,10,1,110,64,7,5,10
4gt13_91,10,1,110,64,7,6,10
4gt13_91,10,1,110,64,7,7,10
4gt13_91,10,1,110,64,7,8,10
4gt13_91,10,1,110,64,7,9,10
4gt13_91,10,1,110,64,7,10,10
4gt13_91,10,1,110,64,7,2,10
4gt13_91,10,1,110,64,7,11,10
4gt13_91,10,1,110,64,7,12,10
4gt13_91,10,1,110,64,7,3,10
4gt13_91,10,1,110,64,7,13,10
4gt13_91,10,1,110,64,7,14,10
4gt13_91,10,1,110,64,7,15,10
4gt13_91,10,1,110,64,7,2,11
4gt13_91,10,1,110,64,7,3,11
4gt13_91,10,1,110,64,7,4,11
4gt13_91,10,1,110,64,7,5,11
4gt13_91,10,1,110,64,7,6,11
4gt13_91,10,1,110,64,7,7,11
4gt13_91,10,1,110,64,7,8,11
4gt13_91,10,1,110,64,7,1,11
4gt13_91,10,1,110,64,7,10,11
4gt13_91,10,1,110,64,7,11,11
4gt13_91,10,1,110,64,7,14,11
4gt13_91,10,1,110,64,7,15,11
4gt13_91,10,1,110,64,7,9,11
4gt13_91,10,1,110,64,7,12,11
4gt13_91,10,1,110,64,7,13,11
4gt13_91,10,1,107,62,4,2,12
4gt13_91,10,1,107,62,4,1,12
4gt13_91,10,1,107,62,4,3,12
4gt13_91,10,1,107,62,4,5,12
4gt13_91,10,1,107,62,4,7,12
4gt13_91,10,1,107,62,4,8,12
4gt13_91,10,1,107,62,4,9,12
4gt13_91,10,1,107,62,4,11,12
4gt13_91,10,1,107,62,4,12,12
4gt13_91,10,1,107,62,4,4,12
4gt13_91,10,1,107,62,4,15,12
4gt13_91,10,1,107,62,4,13,12
4gt13_91,10,1,107,62,4,6,12
4gt13_91,10,1,107,62,4,14,12
4gt13_91,10,1,107,62,4,10,12
4gt13_91,10,1,109,65,6,2,13
4gt13_91,10,1,109,65,6,3,13
4gt13_91,10,1,109,65,6,5,13
4gt13_91,10,1,109,65,6,6,13
4gt13_91,10,1,109,65,6,7,13
4gt13_91,10,1,109,65,6,8,13
4gt13_91,10,1,109,65,6,1,13
4gt13_91,10,1,109,65,6,4,13
4gt13_91,10,1,109,65,6,9,13
4gt13_91,10,1,109,65,6,13,13
4gt13_91,10,1,109,65,6,10,13
4gt13_91,10,1,109,65,6,11,13
4gt13_91,10,1,109,65,6,12,13
4gt13_91,10,1,109,65,6,14,13
4gt13_91,10,1,109,65,6,15,13
4gt13_91,10,1,109,63,6,1,14
4gt13_91,10,1,109,63,6,5,14
4gt13_91,10,1,109,63,6,3,14
4gt13_91,10,1,109,63,6,6,14
4gt13_91,10,1,109,63,6,8,14
4gt13_91,10,1,109,63,6,9,14
4gt13_91,10,1,109,63,6,2,14
4gt13_91,10,1,109,63,6,4,14
4gt13_91,10,1,109,63,6,7,14
4gt13_91,10,1,109,63,6,11,14
4gt13_91,10,1,109,63,6,13,14
4gt13_91,10,1,109,63,6,14,14
4gt13_91,10,1,109,63,6,10,14
4gt13_91,10,1,109,63,6,15,14
4gt13_91,10,1,109,63,6,12,14
4gt13_91,10,1,112,64,9,3,15
4gt13_91,10,1,112,65,9,2,15
4gt13_91,10,1,112,65,9,4,15
4gt13_91,10,1,112,65,9,5,15
4gt13_91,10,1,112,65,9,6,15
4gt13_91,10,1,112,65,9,8,15
4gt13_91,10,1,112,65,9,9,15
4gt13_91,10,1,112,65,9,1,15
4gt13_91,10,1,112,65,9,13,15
4gt13_91,10,1,112,65,9,14,15
4gt13_91,10,1,112,65,9,15,15
4gt13_91,10,1,112,65,9,7,15
4gt13_91,10,1,112,65,9,10,15
4gt13_91,10,1,112,64,9,11,15
4gt13_91,10,1,112,65,9,12,15
4gt13_91,10,1,110,64,7,1,16
4gt13_91,10,1,110,64,7,2,16
4gt13_91,10,1,110,64,7,3,16
4gt13_91,10,1,110,64,7,4,16
4gt13_91,10,1,110,64,7,6,16
4gt13_91,10,1,110,64,7,8,16
4gt13_91,10,1,110,64,7,9,16
4gt13_91,10,1,110,64,7,5,16
4gt13_91,10,1,110,64,7,7,16
4gt13_91,10,1,110,64,7,14,16
4gt13_91,10,1,110,64,7,10,16
4gt13_91,10,1,110,64,7,15,16
4gt13_91,10,1,110,64,7,11,16
4gt13_91,10,1,110,64,7,12,16
4gt13_91,10,1,110,64,7,13,16
4gt13_91,10,1,111,64,8,1,17
4gt13_91,10,1,111,64,8,2,17
4gt13_91,10,1,111,64,8,3,17
4gt13_91,10,1,111,64,8,4,17
4gt13_91,10,1,111,64,8,6,17
4gt13_91,10,1,111,64,8,8,17
4gt13_91,10,1,111,64,8,5,17
4gt13_91,10,1,111,64,8,7,17
4gt13_91,10,1,111,64,8,9,17
4gt13_91,10,1,111,64,8,15,17
4gt13_91,10,1,111,64,8,10,17
4gt13_91,10,1,111,64,8,12,17
4gt13_91,10,1,111,64,8,11,17
4gt13_91,10,1,111,64,8,13,17
4gt13_91,10,1,111,64,8,14,17
4gt13_91,10,1,110,64,7,1,18
4gt13_91,10,1,110,64,7,2,18
4gt13_91,10,1,110,64,7,3,18
4gt13_91,10,1,110,64,7,4,18
4gt13_91,10,1,110,64,7,5,18
4gt13_91,10,1,110,64,7,6,18
4gt13_91,10,1,110,64,7,7,18
4gt13_91,10,1,110,64,7,8,18
4gt13_91,10,1,110,64,7,14,18
4gt13_91,10,1,110,64,7,10,18
4gt13_91,10,1,110,64,7,9,18
4gt13_91,10,1,110,64,7,11,18
4gt13_91,10,1,110,64,7,12,18
4gt13_91,10,1,110,64,7,13,18
4gt13_91,10,1,110,64,7,15,18
4gt13_91,10,1,110,66,7,3,19
4gt13_91,10,1,110,66,7,6,19
4gt13_91,10,1,110,66,7,1,19
4gt13_91,10,1,110,66,7,9,19
4gt13_91,10,1,110,66,7,2,19
4gt13_91,10,1,110,66,7,10,19
4gt13_91,10,1,110,66,7,4,19
4gt13_91,10,1,110,66,7,5,19
4gt13_91,10,1,110,66,7,7,19
4gt13_91,10,1,110,66,7,8,19
4gt13_91,10,1,110,66,7,11,19
4gt13_91,10,1,110,66,7,15,19
4gt13_91,10,1,110,66,7,12,19
4gt13_91,10,1,110,66,7,13,19
4gt13_91,10,1,110,66,7,14,19
4gt13_91,10,1,110,63,7,1,20
4gt13_91,10,1,110,63,7,8,20
4gt13_91,10,1,110,63,7,9,20
4gt13_91,10,1,110,63,7,5,20
4gt13_91,10,1,110,63,7,6,20
4gt13_91,10,1,110,63,7,12,20
4gt13_91,10,1,110,63,7,10,20
4gt13_91,10,1,110,63,7,7,20
4gt13_91,10,1,110,63,7,4,20
4gt13_91,10,1,110,63,7,2,20
4gt13_91,10,1,110,63,7,11,20
4gt13_91,10,1,110,63,7,3,20
4gt13_91,10,1,110,63,7,13,20
4gt13_91,10,1,110,63,7,15,20
4gt13_91,10,1,110,63,7,14,20
4gt13_91,10,1,111,66,8,3,21
4gt13_91,10,1,111,66,8,6,21
4gt13_91,10,1,111,66,8,7,21
4gt13_91,10,1,111,66,8,8,21
4gt13_91,10,1,111,66,8,1,21
4gt13_91,10,1,111,66,8,10,21
4gt13_91,10,1,111,66,8,2,21
4gt13_91,10,1,111,66,8,4,21
4gt13_91,10,1,111,66,8,5,21
4gt13_91,10,1,111,66,8,9,21
4gt13_91,10,1,111,66,8,11,21
4gt13_91,10,1,111,66,8,12,21
4gt13_91,10,1,111,66,8,13,21
4gt13_91,10,1,111,66,8,14,21
4gt13_91,10,1,111,66,8,15,21
4gt13_91,10,1,120,75,17,1,22
4gt13_91,10,1,120,77,17,3,22
4gt13_91,10,1,120,76,17,4,22
4gt13_91,10,1,120,80,17,5,22
4gt13_91,10,1,120,73,17,6,22
4gt13_91,10,1,120,75,17,7,22
4gt13_91,10,1,120,78,17,8,22
4gt13_91,10,1,120,78,17,9,22
4gt13_91,10,1,120,78,17,2,22
4gt13_91,10,1,120,74,17,11,22
4gt13_91,10,1,120,78,17,14,22
4gt13_91,10,1,120,79,17,15,22
4gt13_91,10,1,120,81,17,10,22
4gt13_91,10,1,120,75,17,12,22
4gt13_91,10,1,120,79,17,13,22
4gt13_91,10,1,110,64,7,1,23
4gt13_91,10,1,110,65,7,4,23
4gt13_91,10,1,110,65,7,3,23
4gt13_91,10,1,110,65,7,5,23
4gt13_91,10,1,110,65,7,2,23
4gt13_91,10,1,110,65,7,7,23
4gt13_91,10,1,110,65,7,8,23
4gt13_91,10,1,110,64,7,6,23
4gt13_91,10,1,110,65,7,10,23
4gt13_91,10,1,110,65,7,9,23
4gt13_91,10,1,110,64,7,11,23
4gt13_91,10,1,110,65,7,12,23
4gt13_91,10,1,110,65,7,13,23
4gt13_91,10,1,110,64,7,14,23
4gt13_91,10,1,110,65,7,15,23
4gt13_91,10,1,108,63,5,1,24
4gt13_91,10,1,108,63,5,4,24
4gt13_91,10,1,108,63,5,5,24
4gt13_91,10,1,108,63,5,6,24
4gt13_91,10,1,108,63,5,8,24
4gt13_91,10,1,108,63,5,9,24
4gt13_91,10,1,108,63,5,2,24
4gt13_91,10,1,108,63,5,10,24
4gt13_91,10,1,108,63,5,11,24
4gt13_91,10,1,108,63,5,3,24
4gt13_91,10,1,108,63,5,15,24
4gt13_91,10,1,108,63,5,7,24
4gt13_91,10,1,108,63,5,12,24
4gt13_91,10,1,108,63,5,13,24
4gt13_91,10,1,108,63,5,14,24
4gt13_91,10,1,113,66,10,1,25
4gt13_91,10,1,112,65,9,2,25
4gt13_91,10,1,113,66,10,3,25
4gt13_91,10,1,113,66,10,5,25
4gt13_91,10,1,113,66,10,6,25
4gt13_91,10,1,113,66,10,7,25
4gt13_91,10,1,112,65,9,8,25
4gt13_91,10,1,112,65,9,4,25
4gt13_91,10,1,112,65,9,9,25
4gt13_91,10,1,112,65,9,10,25
4gt13_91,10,1,112,65,9,11,25
4gt13_91,10,1,113,66,10,12,25
4gt13_91,10,1,112,65,9,13,25
4gt13_91,10,1,112,65,9,14,25
4gt13_91,10,1,113,66,10,15,25
4gt13_91,10,1,109,64,6,2,26
4gt13_91,10,1,109,64,6,3,26
4gt13_91,10,1,109,64,6,4,26
4gt13_91,10,1,109,64,6,5,26
4gt13_91,10,1,109,64,6,6,26
4gt13_91,10,1,109,64,6,1,26
4gt13_91,10,1,109,64,6,12,26
4gt13_91,10,1,109,64,6,13,26
4gt13_91,10,1,109,64,6,14,26
4gt13_91,10,1,109,64,6,7,26
4gt13_91,10,1,109,64,6,15,26
4gt13_91,10,1,109,64,6,8,26
4gt13_91,10,1,109,64,6,9,26
4gt13_91,10,1,109,64,6,10,26
4gt13_91,10,1,109,64,6,11,26
4gt13_91,10,1,112,67,9,1,27
4gt13_91,10,1,112,67,9,2,27
4gt13_91,10,1,112,67,9,4,27
4gt13_91,10,1,112,67,9,5,27
4gt13_91,10,1,112,67,9,6,27
4gt13_91,10,1,112,67,9,3,27
4gt13_91,10,1,112,67,9,12,27
4gt13_91,10,1,112,67,9,7,27
4gt13_91,10,1,112,67,9,8,27
4gt13_91,10,1,112,67,9,9,27
4gt13_91,10,1,112,67,9,10,27
4gt13_91,10,1,112,67,9,11,27
4gt13_91,10,1,112,67,9,13,27
4gt13_91,10,1,112,67,9,14,27
4gt13_91,10,1,112,67,9,15,27
4gt13_91,10,1,109,66,6,1,28
4gt13_91,10,1,109,66,6,2,28
4gt13_91,10,1,109,66,6,3,28
4gt13_91,10,1,109,66,6,7,28
4gt13_91,10,1,109,66,6,8,28
4gt13_91,10,1,109,66,6,9,28
4gt13_91,10,1,109,66,6,10,28
4gt13_91,10,1,109,66,6,11,28
4gt13_91,10,1,109,66,6,6,28
4gt13_91,10,1,109,66,6,14,28
4gt13_91,10,1,109,66,6,4,28
4gt13_91,10,1,109,66,6,5,28
4gt13_91,10,1,109,66,6,15,28
4gt13_91,10,1,109,66,6,12,28
4gt13_91,10,1,109,66,6,13,28
4gt13_91,10,1,115,70,12,1,29
4gt13_91,10,1,115,70,12,2,29
4gt13_91,10,1,115,68,12,7,29
4gt13_91,10,1,115,70,12,8,29
4gt13_91,10,1,115,70,12,3,29
4gt13_91,10,1,115,68,12,12,29
4gt13_91,10,1,115,70,12,11,29
4gt13_91,10,1,115,69,12,4,29
4gt13_91,10,1,115,68,12,6,29
4gt13_91,10,1,115,70,12,5,29
4gt13_91,10,1,115,68,12,9,29
4gt13_91,10,1,115,70,12,10,29
4gt13_91,10,1,115,70,12,13,29
4gt13_91,10,1,115,70,12,14,29
4gt13_91,10,1,115,68,12,15,29
4gt13_91,10,1,112,65,9,1,30
4gt13_91,10,1,112,67,9,7,30
4gt13_91,10,1,112,65,9,2,30
4gt13_91,10,1,112,67,9,3,30
4gt13_91,10,1,112,65,9,9,30
4gt13_91,10,1,112,65,9,8,30
4gt13_91,10,1,112,65,9,4,30
4gt13_91,10,1,112,65,9,10,30
4gt13_91,10,1,112,65,9,5,30
4gt13_91,10,1,112,67,9,12,30
4gt13_91,10,1,112,65,9,13,30
4gt13_91,10,1,112,65,9,6,30
4gt13_91,10,1,112,65,9,15,30
4gt13_91,10,1,112,67,9,11,30
4gt13_91,10,1,112,65,9,14,30
4gt13_91,10,1,109,66,6,2,31
4gt13_91,10,1,109,66,6,7,31
4gt13_91,10,1,109,66,6,8,31
4gt13_91,10,1,109,65,6,1,31
4gt13_91,10,1,109,65,6,9,31
4gt13_91,10,1,109,66,6,3,31
4gt13_91,10,1,109,66,6,10,31
4gt13_91,10,1,109,65,6,11,31
4gt13_91,10,1,109,66,6,12,31
4gt13_91,10,1,109,66,6,4,31
4gt13_91,10,1,109,66,6,13,31
4gt13_91,10,1,109,66,6,5,31
4gt13_91,10,1,109,66,6,14,31
4gt13_91,10,1,109,66,6,15,31
4gt13_91,10,1,109,66,6,6,31
4gt13_91,10,1,111,64,8,2,32
4gt13_91,10,1,111,64,8,4,32
4gt13_91,10,1,111,65,8,5,32
4gt13_91,10,1,111,65,8,6,32
4gt13_91,10,1,111,64,8,8,32
4gt13_91,10,1,111,65,8,1,32
4gt13_91,10,1,111,65,8,3,32
4gt13_91,10,1,111,64,8,11,32
4gt13_91,10,1,111,64,8,14,32
4gt13_91,10,1,111,64,8,7,32
4gt13_91,10,1,111,64,8,15,32
4gt13_91,10,1,111,64,8,9,32
4gt13_91,10,1,111,65,8,10,32
4gt13_91,10,1,111,64,8,12,32
4gt13_91,10,1,111,64,8,13,32
4gt13_91,10,1,110,65,7,1,33
4gt13_91,10,1,110,65,7,2,33
4gt13_91,10,1,110,65,7,3,33
4gt13_91,10,1,110,65,7,4,33
4gt13_91,10,1,110,65,7,6,33
4gt13_91,10,1,110,65,7,8,33
4gt13_91,10,1,110,65,7,9,33
4gt13_91,10,1,110,65,7,11,33
4gt13_91,10,1,110,65,7,5,33
4gt13_91,10,1,110,65,7,7,33
4gt13_91,10,1,110,65,7,10,33
4gt13_91,10,1,110,65,7,12,33
4gt13_91,10,1,110,65,7,13,33
4gt13_91,10,1,110,65,7,14,33
4gt13_91,10,1,110,65,7,15,33
4gt13_91,10,1,109,63,6,2,34
4gt13_91,10,1,109,63,6,3,34
4gt13_91,10,1,109,63,6,4,34
4gt13_91,10,1,109,63,6,5,34
4gt13_91,10,1,109,63,6,6,34
4gt13_91,10,1,109,63,6,9,34
4gt13_91,10,1,109,63,6,1,34
4gt13_91,10,1,109,63,6,10,34
4gt13_91,10,1,109,63,6,11,34
4gt13_91,10,1,109,63,6,12,34
4gt13_91,10,1,109,63,6,13,34
4gt13_91,10,1,109,63,6,15,34
4gt13_91,10,1,109,63,6,7,34
4gt13_91,10,1,109,63,6,8,34
4gt13_91,10,1,109,63,6,14,34
4gt13_91,10,1,113,69,10,1,35
4gt13_91,10,1,113,69,10,5,35
4gt13_91,10,1,113,69,10,6,35
4gt13_91,10,1,113,68,10,8,35
4gt13_91,10,1,113,68,10,2,35
4gt13_91,10,1,113,68,10,10,35
4gt13_91,10,1,113,68,10,3,35
4gt13_91,10,1,113,69,10,4,35
4gt13_91,10,1,113,67,10,13,35
4gt13_91,10,1,113,68,10,7,35
4gt13_91,10,1,113,67,10,15,35
4gt13_91,10,1,113,68,10,9,35
4gt13_91,10,1,113,67,10,11,35
4gt13_91,10,1,113,68,10,12,35
4gt13_91,10,1,113,67,10,14,35
4gt13_91,10,1,111,64,8,2,36
4gt13_91,10,1,111,66,8,3,36
4gt13_91,10,1,111,65,8,5,36
4gt13_91,10,1,111,65,8,6,36
4gt13_91,10,1,111,66,8,8,36
4gt13_91,10,1,111,66,8,9,36
4gt13_91,10,1,111,66,8,1,36
4gt13_91,10,1,111,65,8,10,36
4gt13_91,10,1,111,66,8,4,36
4gt13_91,10,1,111,66,8,12,36
4gt13_91,10,1,111,66,8,7,36
4gt13_91,10,1,111,65,8,15,36
4gt13_91,10,1,111,66,8,11,36
4gt13_91,10,1,111,66,8,13,36
4gt13_91,10,1,111,65,8,14,36
4gt13_91,10,1,109,63,6,5,37
4gt13_91,10,1,109,63,6,1,37
4gt13_91,10,1,109,63,6,7,37
4gt13_91,10,1,109,63,6,2,37
4gt13_91,10,1,109,63,6,4,37
4gt13_91,10,1,109,63,6,6,37
4gt13_91,10,1,109,63,6,3,37
4gt13_91,10,1,109,63,6,8,37
4gt13_91,10,1,109,63,6,10,37
4gt13_91,10,1,109,63,6,11,37
4gt13_91,10,1,109,63,6,15,37
4gt13_91,10,1,109,63,6,13,37
4gt13_91,10,1,109,63,6,9,37
4gt13_91,10,1,109,63,6,14,37
4gt13_91,10,1,109,63,6,12,37
4gt13_91,10,1,110,66,7,1,38
4gt13_91,10,1,110,66,7,2,38
4gt13_91,10,1,110,66,7,3,38
4gt13_91,10,1,110,66,7,6,38
4gt13_91,10,1,110,66,7,10,38
4gt13_91,10,1,110,66,7,4,38
4gt13_91,10,1,110,66,7,5,38
4gt13_91,10,1,110,66,7,11,38
4gt13_91,10,1,110,66,7,13,38
4gt13_91,10,1,110,66,7,14,38
4gt13_91,10,1,110,66,7,7,38
4gt13_91,10,1,110,66,7,15,38
4gt13_91,10,1,110,66,7,8,38
4gt13_91,10,1,110,66,7,9,38
4gt13_91,10,1,110,66,7,12,38
4gt13_91,10,1,111,66,8,2,39
4gt13_91,10,1,111,67,8,4,39
4gt13_91,10,1,111,67,8,5,39
4gt13_91,10,1,111,67,8,6,39
4gt13_91,10,1,111,68,8,7,39
4gt13_91,10,1,111,66,8,1,39
4gt13_91,10,1,111,66,8,3,39
4gt13_91,10,1,111,67,8,12,39
4gt13_91,10,1,111,66,8,11,39
4gt13_91,10,1,111,68,8,13,39
4gt13_91,10,1,111,66,8,14,39
4gt13_91,10,1,111,66,8,15,39
4gt13_91,10,1,111,66,8,8,39
4gt13_91,10,1,111,67,8,9,39
4gt13_91,10,1,111,66,8,10,39
4gt13_91,10,1,110,65,7,2,40
4gt13_91,10,1,110,65,7,3,40
4gt13_91,10,1,110,65,7,4,40
4gt13_91,10,1,110,65,7,5,40
4gt13_91,10,1,110,65,7,1,40
4gt13_91,10,1,110,65,7,9,40
4gt13_91,10,1,110,65,7,10,40
4gt13_91,10,1,110,65,7,11,40
4gt13_91,10,1,110,65,7,6,40
4gt13_91,10,1,110,65,7,7,40
4gt13_91,10,1,110,65,7,14,40
4gt13_91,10,1,110,65,7,8,40
4gt13_91,10,1,110,65,7,15,40
4gt13_91,10,1,110,65,7,12,40
4gt13_91,10,1,110,65,7,13,40
4gt13_91,10,1,110,66,7,1,41
4gt13_91,10,1,110,66,7,2,41
4gt13_91,10,1,110,66,7,4,41
4gt13_91,10,1,110,66,7,5,41
4gt13_91,10,1,110,66,7,6,41
4gt13_91,10,1,110,66,7,8,41
4gt13_91,10,1,110,66,7,3,41
4gt13_91,10,1,110,66,7,12,41
4gt13_91,10,1,110,66,7,13,41
4gt13_91,10,1,110,66,7,14,41
4gt13_91,10,1,110,66,7,7,41
4gt13_91,10,1,110,66,7,15,41
4gt13_91,10,1,110,66,7,9,41
4gt13_91,10,1,110,66,7,10,41
4gt13_91,10,1,110,66,7,11,41
4gt13_91,10,1,108,63,5,1,42
4gt13_91,10,1,108,63,5,2,42
4gt13_91,10,1,108,63,5,3,42
4gt13_91,10,1,108,63,5,8,42
4gt13_91,10,1,108,63,5,4,42
4gt13_91,10,1,108,63,5,5,42
4gt13_91,10,1,108,63,5,6,42
4gt13_91,10,1,108,63,5,14,42
4gt13_91,10,1,108,63,5,7,42
4gt13_91,10,1,108,63,5,9,42
4gt13_91,10,1,108,63,5,10,42
4gt13_91,10,1,108,63,5,11,42
4gt13_91,10,1,108,63,5,12,42
4gt13_91,10,1,108,63,5,13,42
4gt13_91,10,1,108,63,5,15,42
4gt13_91,10,1,111,65,8,5,43
4gt13_91,10,1,111,65,8,6,43
4gt13_91,10,1,111,66,8,7,43
4gt13_91,10,1,111,66,8,9,43
4gt13_91,10,1,111,66,8,1,43
4gt13_91,10,1,111,65,8,2,43
4gt13_91,10,1,111,66,8,3,43
4gt13_91,10,1,111,66,8,4,43
4gt13_91,10,1,111,65,8,8,43
4gt13_91,10,1,111,65,8,13,43
4gt13_91,10,1,111,65,8,10,43
4gt13_91,10,1,111,66,8,14,43
4gt13_91,10,1,111,65,8,11,43
4gt13_91,10,1,111,65,8,12,43
4gt13_91,10,1,111,66,8,15,43
4gt13_91,10,1,113,68,10,2,44
4gt13_91,10,1,113,68,10,3,44
4gt13_91,10,1,113,70,10,1,44
4gt13_91,10,1,113,68,10,4,44
4gt13_91,10,1,113,68,10,5,44
4gt13_91,10,1,113,69,10,6,44
4gt13_91,10,1,113,68,10,12,44
4gt13_91,10,1,113,68,10,7,44
4gt13_91,10,1,113,69,10,8,44
4gt13_91,10,1,113,68,10,9,44
4gt13_91,10,1,113,67,10,10,44
4gt13_91,10,1,113,69,10,11,44
4gt13_91,10,1,113,69,10,13,44
4gt13_91,10,1,113,69,10,14,44
4gt13_91,10,1,113,69,10,15,44
4gt13_91,10,1,111,64,8,4,45
4gt13_91,10,1,111,65,8,6,45
4gt13_91,10,1,111,65,8,7,45
4gt13_91,10,1,111,65,8,1,45
4gt13_91,10,1,111,65,8,2,45
4gt13_91,10,1,111,65,8,3,45
4gt13_91,10,1,111,64,8,5,45
4gt13_91,10,1,111,65,8,11,45
4gt13_91,10,1,111,65,8,8,45
4gt13_91,10,1,111,65,8,9,45
4gt13_91,10,1,111,64,8,10,45
4gt13_91,10,1,111,65,8,14,45
4gt13_91,10,1,111,64,8,15,45
4gt13_91,10,1,111,65,8,12,45
4gt13_91,10,1,111,65,8,13,45
4gt13_91,10,1,109,65,6,2,46
4gt13_91,10,1,109,65,6,3,46
4gt13_91,10,1,109,65,6,4,46
4gt13_91,10,1,109,65,6,5,46
4gt13_91,10,1,109,65,6,6,46
4gt13_91,10,1,109,65,6,7,46
4gt13_91,10,1,109,65,6,8,46
4gt13_91,10,1,109,65,6,1,46
4gt13_91,10,1,109,65,6,11,46
4gt13_91,10,1,109,65,6,12,46
4gt13_91,10,1,109,65,6,13,46
4gt13_91,10,1,109,65,6,14,46
4gt13_91,10,1,109,65,6,15,46
4gt13_91,10,1,109,65,6,9,46
4gt13_91,10,1,109,65,6,10,46
4gt13_91,10,1,113,69,10,4,47
4gt13_91,10,1,113,68,10,6,47
4gt13_91,10,1,113,68,10,7,47
4gt13_91,10,1,113,68,10,8,47
4gt13_91,10,1,113,67,10,9,47
4gt13_91,10,1,113,68,10,1,47
4gt13_91,10,1,113,68,10,2,47
4gt13_91,10,1,113,67,10,3,47
4gt13_91,10,1,113,68,10,5,47
4gt13_91,10,1,113,70,10,14,47
4gt13_91,10,1,113,69,10,15,47
4gt13_91,10,1,113,69,10,10,47
4gt13_91,10,1,113,69,10,11,47
4gt13_91,10,1,113,70,10,12,47
4gt13_91,10,1,113,68,10,13,47
4gt13_91,10,1,110,64,7,2,48
4gt13_91,10,1,110,64,7,3,48
4gt13_91,10,1,110,64,7,4,48
4gt13_91,10,1,110,64,7,5,48
4gt13_91,10,1,110,64,7,7,48
4gt13_91,10,1,110,64,7,8,48
4gt13_91,10,1,110,64,7,9,48
4gt13_91,10,1,110,64,7,1,48
4gt13_91,10,1,110,64,7,6,48
4gt13_91,10,1,110,64,7,10,48
4gt13_91,10,1,110,64,7,11,48
4gt13_91,10,1,110,64,7,12,48
4gt13_91,10,1,110,64,7,13,48
4gt13_91,10,1,110,64,7,14,48
4gt13_91,10,1,110,64,7,15,48
4gt13_91,10,1,110,66,7,2,49
4gt13_91,10,1,110,66,7,1,49
4gt13_91,10,1,110,66,7,4,49
4gt13_91,10,1,110,66,7,6,49
4gt13_91,10,1,110,66,7,7,49
4gt13_91,10,1,110,66,7,10,49
4gt13_91,10,1,110,66,7,9,49
4gt13_91,10,1,110,66,7,8,49
4gt13_91,10,1,110,66,7,3,49
4gt13_91,10,1,110,66,7,5,49
4gt13_91,10,1,110,66,7,12,49
4gt13_91,10,1,110,66,7,13,49
4gt13_91,10,1,110,66,7,11,49
4gt13_91,10,1,110,66,7,15,49
4gt13_91,10,1,110,66,7,14,49
4gt13_91,10,1,111,65,8,3,50
4gt13_91,10,1,111,65,8,4,50
4gt13_91,10,1,111,65,8,5,50
4gt13_91,10,1,111,65,8,6,50
4gt13_91,10,1,111,65,8,9,50
4gt13_91,10,1,111,65,8,1,50
4gt13_91,10,1,111,65,8,10,50
4gt13_91,10,1,111,65,8,2,50
4gt13_91,10,1,111,65,8,12,50
4gt13_91,10,1,111,65,8,13,50
4gt13_91,10,1,111,65,8,14,50
4gt13_91,10,1,111,65,8,15,50
4gt13_91,10,1,111,65,8,7,50
4gt13_91,10,1,111,65,8,8,50
4gt13_91,10,1,111,65,8,11,50
0410184_169,10,1,248,133,37,2,0
0410184_169,10,1,246,133,35,3,0
0410184_169,10,1,244,139,33,4,0
0410184_169,10,1,246,131,35,6,0
0410184_169,10,1,245,142,34,7,0
0410184_169,10,1,245,127,34,8,0
0410184_169,10,1,246,139,35,9,0
0410184_169,10,1,245,136,34,10,0
0410184_169,10,1,246,136,35,1,0
0410184_169,10,1,245,132,34,5,0
0410184_169,10,1,246,137,35,12,0
0410184_169,10,1,242,123,31,11,0
0410184_169,10,1,247,135,36,14,0
0410184_169,10,1,249,138,38,13,0
0410184_169,10,1,246,133,35,15,0
0410184_169,10,1,242,121,31,1,1
0410184_169,10,1,241,131,30,2,1
0410184_169,10,1,244,125,33,4,1
0410184_169,10,1,241,130,30,7,1
0410184_169,10,1,242,125,31,8,1
0410184_169,10,1,237,122,26,9,1
0410184_169,10,1,244,127,33,10,1
0410184_169,10,1,243,134,32,3,1
0410184_169,10,1,242,130,31,12,1
0410184_169,10,1,243,126,32,5,1
0410184_169,10,1,239,124,28,6,1
0410184_169,10,1,243,127,32,13,1
0410184_169,10,1,243,126,32,14,1
0410184_169,10,1,242,122,31,15,1
0410184_169,10,1,242,129,31,11,1
0410184_169,10,1,242,126,31,2,2
0410184_169,10,1,239,129,28,3,2
0410184_169,10,1,243,125,32,4,2
0410184_169,10,1,241,129,30,5,2
0410184_169,10,1,241,127,30,1,2
0410184_169,10,1,240,131,29,6,2
0410184_169,10,1,243,132,32,7,2
0410184_169,10,1,241,129,30,10,2
0410184_169,10,1,242,120,31,11,2
0410184_169,10,1,242,123,31,13,2
0410184_169,10,1,243,122,32,15,2
0410184_169,10,1,243,135,32,8,2
0410184_169,10,1,239,124,28,9,2
0410184_169,10,1,242,123,31,12,2
0410184_169,10,1,242,132,31,14,2
0410184_169,10,1,242,123,31,2,3
0410184_169,10,1,242,123,31,1,3
0410184_169,10,1,245,126,34,3,3
0410184_169,10,1,243,123,32,4,3
0410184_169,10,1,242,133,31,5,3
0410184_169,10,1,243,127,32,6,3
0410184_169,10,1,244,130,33,7,3
0410184_169,10,1,240,129,29,8,3
0410184_169,10,1,240,123,29,9,3
0410184_169,10,1,242,130,31,10,3
0410184_169,10,1,241,121,30,11,3
0410184_169,10,1,247,131,36,12,3
0410184_169,10,1,247,136,36,13,3
0410184_169,10,1,241,129,30,14,3
0410184_169,10,1,246,136,35,15,3
0410184_169,10,1,247,127,36,4,4
0410184_169,10,1,246,118,35,5,4
0410184_169,10,1,245,127,34,6,4
0410184_169,10,1,246,125,35,7,4
0410184_169,10,1,249,127,38,8,4
0410184_169,10,1,248,122,37,9,4
0410184_169,10,1,249,125,38,1,4
0410184_169,10,1,238,128,27,2,4
0410184_169,10,1,246,125,35,3,4
0410184_169,10,1,249,123,38,10,4
0410184_169,10,1,248,129,37,11,4
0410184_169,10,1,249,133,38,12,4
0410184_169,10,1,250,118,39,13,4
0410184_169,10,1,249,127,38,14,4
0410184_169,10,1,247,124,36,15,4
0410184_169,10,1,241,130,30,1,5
0410184_169,10,1,243,126,32,2,5
0410184_169,10,1,242,126,31,3,5
0410184_169,10,1,239,127,28,4,5
0410184_169,10,1,241,129,30,6,5
0410184_169,10,1,241,126,30,5,5
0410184_169,10,1,242,128,31,10,5
0410184_169,10,1,237,121,26,8,5
0410184_169,10,1,242,122,31,13,5
0410184_169,10,1,240,121,29,9,5
0410184_169,10,1,240,127,29,14,5
0410184_169,10,1,241,121,30,15,5
0410184_169,10,1,240,123,29,7,5
0410184_169,10,1,238,121,27,11,5
0410184_169,10,1,242,121,31,12,5
0410184_169,10,1,238,117,27,1,6
0410184_169,10,1,238,122,27,2,6
0410184_169,10,1,236,114,25,4,6
0410184_169,10,1,239,120,28,7,6
0410184_169,10,1,239,132,28,3,6
0410184_169,10,1,241,121,30,5,6
0410184_169,10,1,238,123,27,13,6
0410184_169,10,1,238,121,27,6,6
0410184_169,10,1,240,123,29,8,6
0410184_169,10,1,240,125,29,9,6
0410184_169,10,1,239,127,28,10,6
0410184_169,10,1,239,122,28,11,6
0410184_169,10,1,240,127,29,12,6
0410184_169,10,1,240,134,29,14,6
0410184_169,10,1,239,130,28,15,6
0410184_169,10,1,244,126,33,1,7
0410184_169,10,1,241,124,30,3,7
0410184_169,10,1,242,125,31,4,7
0410184_169,10,1,239,124,28,7,7
0410184_169,10,1,243,131,32,8,7
0410184_169,10,1,238,122,27,9,7
0410184_169,10,1,244,130,33,10,7
0410184_169,10,1,244,128,33,2,7
0410184_169,10,1,245,140,34,5,7
0410184_169,10,1,244,129,33,6,7
0410184_169,10,1,240,127,29,11,7
0410184_169,10,1,243,127,32,12,7
0410184_169,10,1,234,117,23,14,7
0410184_169,10,1,244,133,33,13,7
0410184_169,10,1,242,127,31,15,7
0410184_169,10,1,242,128,31,1,8
0410184_169,10,1,245,138,34,2,8
0410184_169,10,1,245,124,34,3,8
0410184_169,10,1,245,130,34,4,8
0410184_169,10,1,244,128,33,5,8
0410184_169,10,1,245,117,34,9,8
0410184_169,10,1,238,117,27,10,8
0410184_169,10,1,244,123,33,6,8
0410184_169,10,1,244,135,33,7,8
0410184_169,10,1,244,130,33,8,8
0410184_169,10,1,245,133,34,11,8
0410184_169,10,1,246,119,35,12,8
0410184_169,10,1,246,132,35,13,8
0410184_169,10,1,246,123,35,14,8
0410184_169,10,1,244,131,33,15,8
0410184_169,10,1,241,129,30,2,9
0410184_169,10,1,236,125,25,1,9
0410184_169,10,1,234,122,23,3,9
0410184_169,10,1,233,124,22,7,9
0410184_169,10,1,241,119,30,9,9
0410184_169,10,1,241,126,30,10,9
0410184_169,10,1,232,118,21,4,9
0410184_169,10,1,235,125,24,5,9
0410184_169,10,1,238,118,27,6,9
0410184_169,10,1,237,126,26,14,9
0410184_169,10,1,236,128,25,12,9
0410184_169,10,1,239,124,28,8,9
0410184_169,10,1,242,130,31,15,9
0410184_169,10,1,234,118,23,11,9
0410184_169,10,1,239,117,28,13,9
0410184_169,10,1,239,131,28,4,10
0410184_169,10,1,238,126,27,5,10
0410184_169,10,1,240,125,29,2,10
0410184_169,10,1,239,134,28,6,10
0410184_169,10,1,233,126,22,3,10
0410184_169,10,1,240,119,29,1,10
0410184_169,10,1,233,118,22,7,10
0410184_169,10,1,240,126,29,11,10
0410184_169,10,1,239,130,28,14,10
0410184_169,10,1,241,130,30,8,10
0410184_169,10,1,242,128,31,9,10
0410184_169,10,1,241,132,30,10,10
0410184_169,10,1,237,125,26,12,10
0410184_169,10,1,234,123,23,13,10
0410184_169,10,1,236,121,25,15,10
0410184_169,10,1,240,134,29,2,11
0410184_169,10,1,238,130,27,3,11
0410184_169,10,1,235,123,24,4,11
0410184_169,10,1,242,127,31,6,11
0410184_169,10,1,233,128,22,7,11
0410184_169,10,1,235,125,24,10,11
0410184_169,10,1,237,121,26,1,11
0410184_169,10,1,237,126,26,12,11
0410184_169,10,1,233,124,22,11,11
0410184_169,10,1,237,125,26,8,11
0410184_169,10,1,235,120,24,5,11
0410184_169,10,1,238,123,27,15,11
0410184_169,10,1,235,128,24,9,11
0410184_169,10,1,235,117,24,13,11
0410184_169,10,1,239,127,28,14,11
0410184_169,10,1,230,110,19,2,12
0410184_169,10,1,236,129,25,3,12
0410184_169,10,1,230,115,19,4,12
0410184_169,10,1,238,125,27,5,12
0410184_169,10,1,237,123,26,6,12
0410184_169,10,1,231,108,20,7,12
0410184_169,10,1,237,114,26,9,12
0410184_169,10,1,234,120,23,1,12
0410184_169,10,1,237,124,26,8,12
0410184_169,10,1,237,116,26,10,12
0410184_169,10,1,238,129,27,15,12
0410184_169,10,1,236,126,25,11,12
0410184_169,10,1,237,119,26,12,12
0410184_169,10,1,232,117,21,13,12
0410184_169,10,1,236,129,25,14,12
0410184_169,10,1,230,117,19,2,13
0410184_169,10,1,232,120,21,1,13
0410184_169,10,1,232,122,21,3,13
0410184_169,10,1,231,121,20,6,13
0410184_169,10,1,233,120,22,4,13
0410184_169,10,1,231,117,20,5,13
0410184_169,10,1,232,120,21,11,13
0410184_169,10,1,232,120,21,12,13
0410184_169,10,1,231,120,20,15,13
0410184_169,10,1,233,120,22,13,13
0410184_169,10,1,231,119,20,7,13
0410184_169,10,1,233,122,22,14,13
0410184_169,10,1,234,123,23,9,13
0410184_169,10,1,233,125,22,8,13
0410184_169,10,1,232,119,21,10,13
0410184_169,10,1,243,122,32,2,14
0410184_169,10,1,246,123,35,4,14
0410184_169,10,1,244,128,33,5,14
0410184_169,10,1,246,130,35,6,14
0410184_169,10,1,248,136,37,8,14
0410184_169,10,1,246,135,35,9,14
0410184_169,10,1,244,125,33,1,14
0410184_169,10,1,245,127,34,3,14
0410184_169,10,1,244,127,33,13,14
0410184_169,10,1,249,141,38,11,14
0410184_169,10,1,246,132,35,12,14
0410184_169,10,1,243,125,32,14,14
0410184_169,10,1,247,129,36,7,14
0410184_169,10,1,246,130,35,10,14
0410184_169,10,1,246,136,35,15,14
0410184_169,10,1,247,127,36,1,15
0410184_169,10,1,246,128,35,3,15
0410184_169,10,1,241,128,30,2,15
0410184_169,10,1,248,126,37,6,15
0410184_169,10,1,246,132,35,4,15
0410184_169,10,1,241,127,30,5,15
0410184_169,10,1,239,123,28,7,15
0410184_169,10,1,242,126,31,10,15
0410184_169,10,1,247,129,36,8,15
0410184_169,10,1,241,129,30,9,15
0410184_169,10,1,245,126,34,14,15
0410184_169,10,1,246,130,35,12,15
0410184_169,10,1,247,129,36,11,15
0410184_169,10,1,243,125,32,13,15
0410184_169,10,1,246,126,35,15,15
0410184_169,10,1,245,125,34,1,16
0410184_169,10,1,241,126,30,4,16
0410184_169,10,1,244,122,33,2,16
0410184_169,10,1,240,127,29,6,16
0410184_169,10,1,245,127,34,3,16
0410184_169,10,1,243,122,32,11,16
0410184_169,10,1,246,130,35,12,16
0410184_169,10,1,243,125,32,5,16
0410184_169,10,1,242,127,31,13,16
0410184_169,10,1,243,125,32,7,16
0410184_169,10,1,240,126,29,8,16
0410184_169,10,1,241,120,30,9,16
0410184_169,10,1,238,127,27,14,16
0410184_169,10,1,246,122,35,10,16
0410184_169,10,1,243,126,32,15,16
0410184_169,10,1,243,127,32,1,17
0410184_169,10,1,243,124,32,8,17
0410184_169,10,1,240,129,29,2,17
0410184_169,10,1,239,122,28,3,17
0410184_169,10,1,244,128,33,4,17
0410184_169,10,1,234,116,23,5,17
0410184_169,10,1,244,124,33,6,17
0410184_169,10,1,240,122,29,7,17
0410184_169,10,1,242,131,31,9,17
0410184_169,10,1,240,120,29,10,17
0410184_169,10,1,241,127,30,11,17
0410184_169,10,1,238,126,27,12,17
0410184_169,10,1,241,125,30,13,17
0410184_169,10,1,240,126,29,14,17
0410184_169,10,1,236,114,25,15,17
0410184_169,10,1,236,127,25,2,18
0410184_169,10,1,233,127,22,3,18
0410184_169,10,1,235,127,24,4,18
0410184_169,10,1,236,120,25,5,18
0410184_169,10,1,237,127,26,6,18
0410184_169,10,1,241,128,30,7,18
0410184_169,10,1,236,124,25,9,18
0410184_169,10,1,233,124,22,10,18
0410184_169,10,1,237,122,26,1,18
0410184_169,10,1,241,129,30,11,18
0410184_169,10,1,234,122,23,14,18
0410184_169,10,1,236,125,25,8,18
0410184_169,10,1,236,117,25,15,18
0410184_169,10,1,234,122,23,12,18
0410184_169,10,1,240,125,29,13,18
0410184_169,10,1,238,129,27,2,19
0410184_169,10,1,240,130,29,6,19
0410184_169,10,1,236,123,25,8,19
0410184_169,10,1,237,124,26,1,19
0410184_169,10,1,240,128,29,3,19
0410184_169,10,1,240,132,29,4,19
0410184_169,10,1,242,135,31,12,19
0410184_169,10,1,240,127,29,5,19
0410184_169,10,1,238,136,27,14,19
0410184_169,10,1,236,127,25,7,19
0410184_169,10,1,237,124,26,9,19
0410184_169,10,1,238,131,27,10,19
0410184_169,10,1,238,127,27,11,19
0410184_169,10,1,233,133,22,13,19
0410184_169,10,1,241,135,30,15,19
0410184_169,10,1,233,117,22,6,20
0410184_169,10,1,232,113,21,7,20
0410184_169,10,1,230,119,19,9,20
0410184_169,10,1,232,116,21,3,20
0410184_169,10,1,233,118,22,1,20
0410184_169,10,1,232,119,21,2,20
0410184_169,10,1,236,128,25,4,20
0410184_169,10,1,231,113,20,5,20
0410184_169,10,1,233,121,22,15,20
0410184_169,10,1,235,115,24,8,20
0410184_169,10,1,233,116,22,10,20
0410184_169,10,1,230,114,19,11,20
0410184_169,10,1,231,118,20,12,20
0410184_169,10,1,232,118,21,13,20
0410184_169,10,1,231,120,20,14,20
0410184_169,10,1,250,129,39,1,21
0410184_169,10,1,247,138,36,2,21
0410184_169,10,1,249,127,38,3,21
0410184_169,10,1,242,123,31,4,21
0410184_169,10,1,241,134,30,5,21
0410184_169,10,1,244,131,33,12,21
0410184_169,10,1,245,133,34,11,21
0410184_169,10,1,246,123,35,10,21
0410184_169,10,1,245,125,34,14,21
0410184_169,10,1,246,130,35,8,21
0410184_169,10,1,249,127,38,15,21
0410184_169,10,1,249,129,38,6,21
0410184_169,10,1,244,124,33,9,21
0410184_169,10,1,248,139,37,7,21
0410184_169,10,1,250,141,39,13,21
0410184_169,10,1,244,129,33,2,22
0410184_169,10,1,246,127,35,3,22
0410184_169,10,1,243,135,32,4,22
0410184_169,10,1,240,129,29,5,22
0410184_169,10,1,243,128,32,6,22
0410184_169,10,1,243,130,32,7,22
0410184_169,10,1,242,130,31,8,22
0410184_169,10,1,245,135,34,1,22
0410184_169,10,1,241,125,30,15,22
0410184_169,10,1,246,136,35,9,22
0410184_169,10,1,247,125,36,10,22
0410184_169,10,1,242,121,31,11,22
0410184_169,10,1,244,136,33,12,22
0410184_169,10,1,244,117,33,13,22
0410184_169,10,1,239,129,28,14,22
0410184_169,10,1,246,137,35,2,23
0410184_169,10,1,238,127,27,1,23
0410184_169,10,1,243,134,32,5,23
0410184_169,10,1,236,128,25,6,23
0410184_169,10,1,245,134,34,8,23
0410184_169,10,1,239,127,28,10,23
0410184_169,10,1,245,133,34,3,23
0410184_169,10,1,244,131,33,4,23
0410184_169,10,1,247,134,36,7,23
0410184_169,10,1,246,131,35,9,23
0410184_169,10,1,245,128,34,11,23
0410184_169,10,1,244,129,33,12,23
0410184_169,10,1,241,134,30,13,23
0410184_169,10,1,247,125,36,14,23
0410184_169,10,1,244,138,33,15,23
0410184_169,10,1,244,129,33,2,24
0410184_169,10,1,241,121,30,4,24
0410184_169,10,1,243,132,32,6,24
0410184_169,10,1,244,119,33,7,24
0410184_169,10,1,239,125,28,9,24
0410184_169,10,1,232,120,21,10,24
0410184_169,10,1,244,128,33,1,24
0410184_169,10,1,239,124,28,11,24
0410184_169,10,1,241,120,30,3,24
0410184_169,10,1,243,127,32,13,24
0410184_169,10,1,241,121,30,14,24
0410184_169,10,1,243,126,32,5,24
0410184_169,10,1,241,115,30,15,24
0410184_169,10,1,241,123,30,8,24
0410184_169,10,1,246,130,35,12,24
0410184_169,10,1,243,127,32,1,25
0410184_169,10,1,240,123,29,2,25
0410184_169,10,1,239,120,28,3,25
0410184_169,10,1,243,126,32,4,25
0410184_169,10,1,241,127,30,5,25
0410184_169,10,1,239,122,28,6,25
0410184_169,10,1,240,122,29,8,25
0410184_169,10,1,243,129,32,7,25
0410184_169,10,1,243,128,32,12,25
0410184_169,10,1,243,128,32,13,25
0410184_169,10,1,235,124,24,9,25
0410184_169,10,1,238,122,27,10,25
0410184_169,10,1,239,124,28,11,25
0410184_169,10,1,241,125,30,15,25
0410184_169,10,1,243,130,32,14,25
0410184_169,10,1,239,135,28,1,26
0410184_169,10,1,241,117,30,2,26
0410184_169,10,1,238,113,27,4,26
0410184_169,10,1,239,124,28,6,26
0410184_169,10,1,242,120,31,7,26
0410184_169,10,1,244,131,33,9,26
0410184_169,10,1,239,116,28,3,26
0410184_169,10,1,238,122,27,5,26
0410184_169,10,1,244,126,33,8,26
0410184_169,10,1,242,127,31,14,26
0410184_169,10,1,243,123,32,10,26
0410184_169,10,1,244,129,33,11,26
0410184_169,10,1,240,122,29,12,26
0410184_169,10,1,241,124,30,13,26
0410184_169,10,1,242,123,31,15,26
0410184_169,10,1,237,121,26,2,27
0410184_169,10,1,239,123,28,3,27
0410184_169,10,1,239,124,28,5,27
0410184_169,10,1,236,117,25,6,27
0410184_169,10,1,236,120,25,8,27
0410184_169,10,1,234,121,23,7,27
0410184_169,10,1,236,121,25,9,27
0410184_169,10,1,236,122,25,10,27
0410184_169,10,1,236,120,25,1,27
0410184_169,10,1,236,122,25,12,27
0410184_169,10,1,237,126,26,4,27
0410184_169,10,1,236,118,25,14,27
0410184_169,10,1,237,124,26,11,27
0410184_169,10,1,235,125,24,13,27
0410184_169,10,1,238,116,27,15,27
0410184_169,10,1,245,129,34,1,28
0410184_169,10,1,246,132,35,2,28
0410184_169,10,1,243,122,32,3,28
0410184_169,10,1,246,133,35,4,28
0410184_169,10,1,240,119,29,5,28
0410184_169,10,1,243,124,32,7,28
0410184_169,10,1,244,133,33,9,28
0410184_169,10,1,241,130,30,10,28
0410184_169,10,1,241,128,30,12,28
0410184_169,10,1,244,136,33,13,28
0410184_169,10,1,245,130,34,14,28
0410184_169,10,1,246,127,35,6,28
0410184_169,10,1,246,138,35,8,28
0410184_169,10,1,245,132,34,11,28
0410184_169,10,1,245,135,34,15,28
0410184_169,10,1,238,123,27,3,29
0410184_169,10,1,244,123,33,1,29
0410184_169,10,1,247,133,36,2,29
0410184_169,10,1,238,128,27,4,29
0410184_169,10,1,245,122,34,13,29
0410184_169,10,1,241,122,30,5,29
0410184_169,10,1,245,121,34,7,29
0410184_169,10,1,244,123,33,12,29
0410184_169,10,1,246,136,35,6,29
0410184_169,10,1,240,132,29,9,29
0410184_169,10,1,245,128,34,8,29
0410184_169,10,1,244,125,33,10,29
0410184_169,10,1,245,122,34,11,29
0410184_169,10,1,246,120,35,14,29
0410184_169,10,1,245,126,34,15,29
0410184_169,10,1,247,128,36,1,30
0410184_169,10,1,244,126,33,2,30
0410184_169,10,1,244,122,33,3,30
0410184_169,10,1,241,134,30,5,30
0410184_169,10,1,247,124,36,6,30
0410184_169,10,1,241,122,30,7,30
0410184_169,10,1,242,121,31,4,30
0410184_169,10,1,240,127,29,13,30
0410184_169,10,1,243,123,32,15,30
0410184_169,10,1,245,130,34,8,30
0410184_169,10,1,245,127,34,9,30
0410184_169,10,1,241,128,30,10,30
0410184_169,10,1,241,122,30,11,30
0410184_169,10,1,243,124,32,12,30
0410184_169,10,1,244,126,33,14,30
0410184_169,10,1,239,122,28,1,31
0410184_169,10,1,245,122,34,2,31
0410184_169,10,1,244,132,33,3,31
0410184_169,10,1,245,121,34,5,31
0410184_169,10,1,247,131,36,7,31
0410184_169,10,1,248,127,37,4,31
0410184_169,10,1,242,134,31,12,31
0410184_169,10,1,247,136,36,13,31
0410184_169,10,1,247,132,36,6,31
0410184_169,10,1,241,127,30,8,31
0410184_169,10,1,245,132,34,9,31
0410184_169,10,1,248,141,37,10,31
0410184_169,10,1,246,132,35,14,31
0410184_169,10,1,245,132,34,11,31
0410184_169,10,1,245,123,34,15,31
0410184_169,10,1,238,124,27,1,32
0410184_169,10,1,238,120,27,3,32
0410184_169,10,1,239,123,28,2,32
0410184_169,10,1,239,124,28,4,32
0410184_169,10,1,239,123,28,5,32
0410184_169,10,1,239,126,28,7,32
0410184_169,10,1,239,129,28,8,32
0410184_169,10,1,240,127,29,11,32
0410184_169,10,1,240,124,29,10,32
0410184_169,10,1,238,129,27,6,32
0410184_169,10,1,238,130,27,13,32
0410184_169,10,1,237,123,26,9,32
0410184_169,10,1,237,122,26,14,32
0410184_169,10,1,236,122,25,15,32
0410184_169,10,1,237,132,26,12,32
0410184_169,10,1,243,124,32,2,33
0410184_169,10,1,238,123,27,3,33
0410184_169,10,1,241,124,30,1,33
0410184_169,10,1,237,118,26,4,33
0410184_169,10,1,245,128,34,6,33
0410184_169,10,1,242,127,31,7,33
0410184_169,10,1,243,122,32,9,33
0410184_169,10,1,244,130,33,10,33
0410184_169,10,1,242,122,31,12,33
0410184_169,10,1,242,128,31,5,33
0410184_169,10,1,242,124,31,14,33
0410184_169,10,1,242,126,31,15,33
0410184_169,10,1,240,122,29,8,33
0410184_169,10,1,244,124,33,11,33
0410184_169,10,1,241,119,30,13,33
0410184_169,10,1,244,124,33,3,34
0410184_169,10,1,245,130,34,4,34
0410184_169,10,1,242,123,31,5,34
0410184_169,10,1,243,121,32,6,34
0410184_169,10,1,240,125,29,8,34
0410184_169,10,1,241,132,30,9,34
0410184_169,10,1,243,120,32,10,34
0410184_169,10,1,245,133,34,1,34
0410184_169,10,1,245,133,34,2,34
0410184_169,10,1,240,120,29,13,34
0410184_169,10,1,242,121,31,14,34
0410184_169,10,1,245,121,34,15,34
0410184_169,10,1,243,126,32,7,34
0410184_169,10,1,245,128,34,11,34
0410184_169,10,1,241,123,30,12,34
0410184_169,10,1,243,138,32,6,35
0410184_169,10,1,238,124,27,2,35
0410184_169,10,1,243,122,32,3,35
0410184_169,10,1,243,126,32,5,35
0410184_169,10,1,244,131,33,1,35
0410184_169,10,1,242,130,31,9,35
0410184_169,10,1,246,143,35,7,35
0410184_169,10,1,241,123,30,8,35
0410184_169,10,1,245,125,34,4,35
0410184_169,10,1,246,125,35,12,35
0410184_169,10,1,240,130,29,13,35
0410184_169,10,1,244,136,33,14,35
0410184_169,10,1,246,133,35,10,35
0410184_169,10,1,239,126,28,11,35
0410184_169,10,1,239,124,28,15,35
0410184_169,10,1,244,124,33,3,36
0410184_169,10,1,246,128,35,4,36
0410184_169,10,1,241,117,30,5,36
0410184_169,10,1,245,123,34,6,36
0410184_169,10,1,243,129,32,7,36
0410184_169,10,1,245,124,34,8,36
0410184_169,10,1,247,127,36,9,36
0410184_169,10,1,245,120,34,10,36
0410184_169,10,1,243,123,32,1,36
0410184_169,10,1,239,121,28,2,36
0410184_169,10,1,244,127,33,14,36
0410184_169,10,1,239,118,28,15,36
0410184_169,10,1,245,131,34,11,36
0410184_169,10,1,241,117,30,12,36
0410184_169,10,1,243,122,32,13,36
0410184_169,10,1,240,125,29,1,37
0410184_169,10,1,239,125,28,3,37
0410184_169,10,1,242,133,31,4,37
0410184_169,10,1,240,128,29,6,37
0410184_169,10,1,241,121,30,7,37
0410184_169,10,1,241,131,30,8,37
0410184_169,10,1,239,125,28,9,37
0410184_169,10,1,240,124,29,10,37
0410184_169,10,1,240,122,29,2,37
0410184_169,10,1,241,119,30,13,37
0410184_169,10,1,240,125,29,14,37
0410184_169,10,1,241,131,30,15,37
0410184_169,10,1,240,119,29,5,37
0410184_169,10,1,240,125,29,11,37
0410184_169,10,1,242,128,31,12,37
0410184_169,10,1,237,128,26,1,38
0410184_169,10,1,235,127,24,3,38
0410184_169,10,1,237,130,26,4,38
0410184_169,10,1,237,127,26,6,38
0410184_169,10,1,235,123,24,7,38
0410184_169,10,1,237,127,26,8,38
0410184_169,10,1,235,131,24,2,38
0410184_169,10,1,236,129,25,5,38
0410184_169,10,1,237,132,26,11,38
0410184_169,10,1,236,126,25,15,38
0410184_169,10,1,238,126,27,9,38
0410184_169,10,1,237,125,26,10,38
0410184_169,10,1,238,134,27,12,38
0410184_169,10,1,238,133,27,13,38
0410184_169,10,1,238,130,27,14,38
0410184_169,10,1,242,124,31,6,39
0410184_169,10,1,241,124,30,1,39
0410184_169,10,1,244,125,33,3,39
0410184_169,10,1,243,123,32,2,39
0410184_169,10,1,241,126,30,4,39
0410184_169,10,1,243,129,32,9,39
0410184_169,10,1,242,124,31,5,39
0410184_169,10,1,242,125,31,8,39
0410184_169,10,1,245,128,34,7,39
0410184_169,10,1,242,121,31,12,39
0410184_169,10,1,244,124,33,10,39
0410184_169,10,1,241,120,30,11,39
0410184_169,10,1,244,124,33,13,39
0410184_169,10,1,245,121,34,14,39
0410184_169,10,1,244,131,33,15,39
0410184_169,10,1,244,125,33,4,40
0410184_169,10,1,244,130,33,5,40
0410184_169,10,1,243,132,32,7,40
0410184_169,10,1,239,121,28,8,40
0410184_169,10,1,244,122,33,9,40
0410184_169,10,1,238,118,27,10,40
0410184_169,10,1,241,125,30,1,40
0410184_169,10,1,243,120,32,2,40
0410184_169,10,1,244,132,33,11,40
0410184_169,10,1,242,115,31,3,40
0410184_169,10,1,244,129,33,12,40
0410184_169,10,1,242,123,31,13,40
0410184_169,10,1,242,128,31,14,40
0410184_169,10,1,242,130,31,6,40
0410184_169,10,1,240,125,29,15,40
0410184_169,10,1,244,132,33,3,41
0410184_169,10,1,244,136,33,2,41
0410184_169,10,1,241,132,30,4,41
0410184_169,10,1,244,133,33,5,41
0410184_169,10,1,243,131,32,8,41
0410184_169,10,1,239,129,28,6,41
0410184_169,10,1,242,125,31,1,41
0410184_169,10,1,240,127,29,10,41
0410184_169,10,1,241,124,30,7,41
0410184_169,10,1,239,126,28,13,41
0410184_169,10,1,242,134,31,14,41
0410184_169,10,1,244,127,33,9,41
0410184_169,10,1,238,128,27,11,41
0410184_169,10,1,243,132,32,12,41
0410184_169,10,1,236,124,25,15,41
0410184_169,10,1,235,127,24,2,42
0410184_169,10,1,234,122,23,4,42
0410184_169,10,1,230,118,19,5,42
0410184_169,10,1,233,120,22,9,42
0410184_169,10,1,232,119,21,10,42
0410184_169,10,1,234,126,23,1,42
0410184_169,10,1,233,119,22,11,42
0410184_169,10,1,234,121,23,3,42
0410184_169,10,1,234,120,23,13,42
0410184_169,10,1,232,121,21,14,42
0410184_169,10,1,233,129,22,7,42
0410184_169,10,1,234,122,23,8,42
0410184_169,10,1,232,116,21,6,42
0410184_169,10,1,234,123,23,12,42
0410184_169,10,1,233,128,22,15,42
0410184_169,10,1,239,125,28,1,43
0410184_169,10,1,241,113,30,3,43
0410184_169,10,1,235,119,24,9,43
0410184_169,10,1,240,124,29,10,43
0410184_169,10,1,236,121,25,2,43
0410184_169,10,1,238,126,27,12,43
0410184_169,10,1,239,120,28,11,43
0410184_169,10,1,239,123,28,4,43
0410184_169,10,1,233,116,22,14,43
0410184_169,10,1,241,123,30,15,43
0410184_169,10,1,240,124,29,5,43
0410184_169,10,1,235,116,24,6,43
0410184_169,10,1,240,125,29,7,43
0410184_169,10,1,237,117,26,8,43
0410184_169,10,1,236,122,25,13,43
0410184_169,10,1,240,134,29,1,44
0410184_169,10,1,243,138,32,2,44
0410184_169,10,1,241,136,30,3,44
0410184_169,10,1,240,128,29,7,44
0410184_169,10,1,241,132,30,8,44
0410184_169,10,1,239,133,28,9,44
0410184_169,10,1,240,130,29,10,44
0410184_169,10,1,241,130,30,11,44
0410184_169,10,1,241,136,30,4,44
0410184_169,10,1,240,124,29,14,44
0410184_169,10,1,239,122,28,5,44
0410184_169,10,1,241,131,30,15,44
0410184_169,10,1,244,138,33,6,44
0410184_169,10,1,244,140,33,12,44
0410184_169,10,1,242,126,31,13,44
0410184_169,10,1,241,132,30,3,45
0410184_169,10,1,243,120,32,4,45
0410184_169,10,1,244,134,33,7,45
0410184_169,10,1,241,126,30,1,45
0410184_169,10,1,241,127,30,2,45
0410184_169,10,1,238,128,27,5,45
0410184_169,10,1,243,125,32,12,45
0410184_169,10,1,240,127,29,13,45
0410184_169,10,1,246,140,35,6,45
0410184_169,10,1,243,134,32,15,45
0410184_169,10,1,247,137,36,8,45
0410184_169,10,1,245,124,34,10,45
0410184_169,10,1,241,124,30,11,45
0410184_169,10,1,241,129,30,9,45
0410184_169,10,1,242,133,31,14,45
0410184_169,10,1,235,113,24,3,46
0410184_169,10,1,230,112,19,4,46
0410184_169,10,1,234,121,23,1,46
0410184_169,10,1,236,122,25,2,46
0410184_169,10,1,236,122,25,5,46
0410184_169,10,1,232,122,21,11,46
0410184_169,10,1,234,122,23,6,46
0410184_169,10,1,231,116,20,14,46
0410184_169,10,1,232,117,21,7,46
0410184_169,10,1,231,117,20,15,46
0410184_169,10,1,232,118,21,8,46
0410184_169,10,1,233,117,22,9,46
0410184_169,10,1,236,121,25,10,46
0410184_169,10,1,236,125,25,12,46
0410184_169,10,1,232,120,21,13,46
0410184_169,10,1,234,119,23,1,47
0410184_169,10,1,233,119,22,2,47
0410184_169,10,1,233,120,22,3,47
0410184_169,10,1,237,125,26,5,47
0410184_169,10,1,235,126,24,6,47
0410184_169,10,1,231,121,20,7,47
0410184_169,10,1,234,121,23,4,47
0410184_169,10,1,236,120,25,14,47
0410184_169,10,1,234,119,23,8,47
0410184_169,10,1,234,120,23,15,47
0410184_169,10,1,235,130,24,9,47
0410184_169,10,1,229,118,18,10,47
0410184_169,10,1,233,121,22,11,47
0410184_169,10,1,234,120,23,12,47
0410184_169,10,1,231,116,20,13,47
0410184_169,10,1,239,130,28,5,48
0410184_169,10,1,241,130,30,7,48
0410184_169,10,1,237,124,26,1,48
0410184_169,10,1,237,123,26,10,48
0410184_169,10,1,243,128,32,2,48
0410184_169,10,1,235,123,24,3,48
0410184_169,10,1,239,124,28,13,48
0410184_169,10,1,241,121,30,12,48
0410184_169,10,1,242,129,31,14,48
0410184_169,10,1,243,131,32,15,48
0410184_169,10,1,239,124,28,4,48
0410184_169,10,1,239,125,28,11,48
0410184_169,10,1,236,126,25,6,48
0410184_169,10,1,238,123,27,8,48
0410184_169,10,1,240,125,29,9,48
0410184_169,10,1,240,130,29,1,49
0410184_169,10,1,240,127,29,6,49
0410184_169,10,1,237,128,26,7,49
0410184_169,10,1,236,129,25,8,49
0410184_169,10,1,238,125,27,10,49
0410184_169,10,1,236,120,25,2,49
0410184_169,10,1,238,124,27,3,49
0410184_169,10,1,238,124,27,4,49
0410184_169,10,1,238,130,27,5,49
0410184_169,10,1,239,127,28,11,49
0410184_169,10,1,238,119,27,12,49
0410184_169,10,1,239,121,28,9,49
0410184_169,10,1,235,120,24,13,49
0410184_169,10,1,238,125,27,14,49
0410184_169,10,1,240,131,29,15,49
0410184_169,10,1,242,125,31,1,50
0410184_169,10,1,236,127,25,2,50
0410184_169,10,1,237,120,26,3,50
0410184_169,10,1,243,128,32,6,50
0410184_169,10,1,244,126,33,8,50
0410184_169,10,1,238,130,27,9,50
0410184_169,10,1,242,131,31,10,50
0410184_169,10,1,241,115,30,4,50
0410184_169,10,1,240,118,29,5,50
0410184_169,10,1,242,125,31,12,50
0410184_169,10,1,236,125,25,7,50
0410184_169,10,1,242,133,31,13,50
0410184_169,10,1,241,126,30,14,50
0410184_169,10,1,241,127,30,11,50
0410184_169,10,1,244,118,33,15,50
ex3_229,10,1,434,250,31,1,0
ex3_229,10,1,438,251,35,2,0
ex3_229,10,1,434,252,31,3,0
ex3_229,10,1,437,258,34,7,0
ex3_229,10,1,435,256,32,9,0
ex3_229,10,1,433,251,30,4,0
ex3_229,10,1,436,256,33,14,0
ex3_229,10,1,435,251,32,5,0
ex3_229,10,1,435,251,32,15,0
ex3_229,10,1,430,246,27,12,0
ex3_229,10,1,434,255,31,13,0
ex3_229,10,1,434,253,31,6,0
ex3_229,10,1,432,248,29,8,0
ex3_229,10,1,431,246,28,11,0
ex3_229,10,1,431,248,28,10,0
ex3_229,10,1,421,244,18,1,1
ex3_229,10,1,419,240,16,2,1
ex3_229,10,1,420,239,17,9,1
ex3_229,10,1,419,241,16,10,1
ex3_229,10,1,419,239,16,11,1
ex3_229,10,1,419,241,16,3,1
ex3_229,10,1,421,243,18,13,1
ex3_229,10,1,422,242,19,4,1
ex3_229,10,1,424,243,21,14,1
ex3_229,10,1,425,245,22,15,1
ex3_229,10,1,422,241,19,5,1
ex3_229,10,1,421,238,18,6,1
ex3_229,10,1,419,239,16,7,1
ex3_229,10,1,419,237,16,8,1
ex3_229,10,1,421,241,18,12,1
ex3_229,10,1,443,259,40,1,2
ex3_229,10,1,446,266,43,3,2
ex3_229,10,1,444,266,41,5,2
ex3_229,10,1,445,264,42,2,2
ex3_229,10,1,446,265,43,4,2
ex3_229,10,1,446,263,43,11,2
ex3_229,10,1,443,265,40,13,2
ex3_229,10,1,443,267,40,15,2
ex3_229,10,1,444,265,41,7,2
ex3_229,10,1,445,259,42,6,2
ex3_229,10,1,445,264,42,8,2
ex3_229,10,1,445,268,42,10,2
ex3_229,10,1,445,268,42,9,2
ex3_229,10,1,446,275,43,12,2
ex3_229,10,1,444,265,41,14,2
ex3_229,10,1,426,243,23,1,3
ex3_229,10,1,430,251,27,2,3
ex3_229,10,1,425,242,22,3,3
ex3_229,10,1,425,244,22,6,3
ex3_229,10,1,423,240,20,9,3
ex3_229,10,1,424,241,21,4,3
ex3_229,10,1,429,244,26,13,3
ex3_229,10,1,421,237,18,5,3
ex3_229,10,1,428,244,25,12,3
ex3_229,10,1,423,240,20,14,3
ex3_229,10,1,425,240,22,7,3
ex3_229,10,1,429,246,26,8,3
ex3_229,10,1,425,244,22,10,3
ex3_229,10,1,425,241,22,11,3
ex3_229,10,1,427,243,24,15,3
ex3_229,10,1,417,236,14,1,4
ex3_229,10,1,417,236,14,2,4
ex3_229,10,1,417,235,14,5,4
ex3_229,10,1,417,234,14,6,4
ex3_229,10,1,417,235,14,8,4
ex3_229,10,1,417,236,14,3,4
ex3_229,10,1,417,234,14,12,4
ex3_229,10,1,417,236,14,4,4
ex3_229,10,1,417,236,14,7,4
ex3_229,10,1,417,235,14,9,4
ex3_229,10,1,417,235,14,10,4
ex3_229,10,1,417,236,14,11,4
ex3_229,10,1,417,237,14,13,4
ex3_229,10,1,417,234,14,14,4
ex3_229,10,1,417,237,14,15,4
ex3_229,10,1,419,240,16,1,5
ex3_229,10,1,419,240,16,2,5
ex3_229,10,1,419,239,16,3,5
ex3_229,10,1,419,238,16,5,5
ex3_229,10,1,419,239,16,8,5
ex3_229,10,1,419,238,16,9,5
ex3_229,10,1,419,238,16,12,5
ex3_229,10,1,419,239,16,13,5
ex3_229,10,1,421,241,18,4,5
ex3_229,10,1,421,241,18,14,5
ex3_229,10,1,419,238,16,15,5
ex3_229,10,1,419,239,16,6,5
ex3_229,10,1,419,240,16,7,5
ex3_229,10,1,421,240,18,10,5
ex3_229,10,1,419,239,16,11,5
ex3_229,10,1,414,233,11,1,6
ex3_229,10,1,413,234,10,2,6
ex3_229,10,1,413,233,10,3,6
ex3_229,10,1,413,233,10,5,6
ex3_229,10,1,415,234,12,4,6
ex3_229,10,1,413,235,10,8,6
ex3_229,10,1,414,235,11,12,6
ex3_229,10,1,415,236,12,13,6
ex3_229,10,1,415,237,12,6,6
ex3_229,10,1,415,235,12,7,6
ex3_229,10,1,414,235,11,9,6
ex3_229,10,1,415,236,12,10,6
ex3_229,10,1,414,235,11,11,6
ex3_229,10,1,413,234,10,14,6
ex3_229,10,1,415,236,12,15,6
ex3_229,10,1,422,241,19,1,7
ex3_229,10,1,422,241,19,2,7
ex3_229,10,1,422,240,19,3,7
ex3_229,10,1,422,239,19,7,7
ex3_229,10,1,422,240,19,9,7
ex3_229,10,1,422,240,19,10,7
ex3_229,10,1,422,239,19,12,7
ex3_229,10,1,422,240,19,4,7
ex3_229,10,1,422,239,19,5,7
ex3_229,10,1,420,240,17,15,7
ex3_229,10,1,422,242,19,6,7
ex3_229,10,1,422,239,19,8,7
ex3_229,10,1,422,241,19,11,7
ex3_229,10,1,422,240,19,13,7
ex3_229,10,1,422,242,19,14,7
ex3_229,10,1,416,233,13,1,8
ex3_229,10,1,415,234,12,2,8
ex3_229,10,1,416,235,13,3,8
ex3_229,10,1,415,234,12,4,8
ex3_229,10,1,416,235,13,7,8
ex3_229,10,1,415,234,12,5,8
ex3_229,10,1,417,232,14,6,8
ex3_229,10,1,415,233,12,14,8
ex3_229,10,1,415,233,12,15,8
ex3_229,10,1,417,235,14,8,8
ex3_229,10,1,415,235,12,9,8
ex3_229,10,1,417,236,14,10,8
ex3_229,10,1,418,238,15,11,8
ex3_229,10,1,418,234,15,12,8
ex3_229,10,1,417,236,14,13,8
ex3_229,10,1,429,242,26,1,9
ex3_229,10,1,431,248,28,2,9
ex3_229,10,1,428,244,25,4,9
ex3_229,10,1,428,240,25,5,9
ex3_229,10,1,427,244,24,10,9
ex3_229,10,1,424,241,21,11,9
ex3_229,10,1,426,241,23,12,9
ex3_229,10,1,426,241,23,3,9
ex3_229,10,1,428,247,25,15,9
ex3_229,10,1,429,245,26,6,9
ex3_229,10,1,429,240,26,7,9
ex3_229,10,1,428,246,25,8,9
ex3_229,10,1,430,250,27,9,9
ex3_229,10,1,428,243,25,13,9
ex3_229,10,1,427,240,24,14,9
ex3_229,10,1,419,237,16,1,10
ex3_229,10,1,416,233,13,3,10
ex3_229,10,1,421,240,18,8,10
ex3_229,10,1,417,237,14,2,10
ex3_229,10,1,419,235,16,4,10
ex3_229,10,1,420,241,17,5,10
ex3_229,10,1,419,237,16,13,10
ex3_229,10,1,416,235,13,6,10
ex3_229,10,1,419,238,16,7,10
ex3_229,10,1,418,235,15,15,10
ex3_229,10,1,416,236,13,9,10
ex3_229,10,1,416,235,13,10,10
ex3_229,10,1,420,237,17,11,10
ex3_229,10,1,422,240,19,12,10
ex3_229,10,1,419,241,16,14,10
ex3_229,10,1,416,239,13,2,11
ex3_229,10,1,415,237,12,3,11
ex3_229,10,1,416,238,13,6,11
ex3_229,10,1,415,237,12,7,11
ex3_229,10,1,416,239,13,9,11
ex3_229,10,1,416,239,13,10,11
ex3_229,10,1,415,238,12,1,11
ex3_229,10,1,416,240,13,12,11
ex3_229,10,1,416,239,13,4,11
ex3_229,10,1,416,237,13,11,11
ex3_229,10,1,416,239,13,5,11
ex3_229,10,1,416,239,13,8,11
ex3_229,10,1,416,238,13,13,11
ex3_229,10,1,416,238,13,14,11
ex3_229,10,1,415,239,12,15,11
ex3_229,10,1,435,249,32,2,12
ex3_229,10,1,446,265,43,3,12
ex3_229,10,1,443,265,40,4,12
ex3_229,10,1,450,269,47,5,12
ex3_229,10,1,438,256,35,1,12
ex3_229,10,1,444,258,41,8,12
ex3_229,10,1,447,259,44,13,12
ex3_229,10,1,441,259,38,12,12
ex3_229,10,1,447,260,44,6,12
ex3_229,10,1,446,260,43,7,12
ex3_229,10,1,444,255,41,9,12
ex3_229,10,1,446,265,43,10,12
ex3_229,10,1,443,259,40,11,12
ex3_229,10,1,440,259,37,14,12
ex3_229,10,1,441,261,38,15,12
ex3_229,10,1,416,236,13,3,13
ex3_229,10,1,417,241,14,4,13
ex3_229,10,1,415,236,12,8,13
ex3_229,10,1,416,236,13,9,13
ex3_229,10,1,417,236,14,1,13
ex3_229,10,1,415,235,12,10,13
ex3_229,10,1,416,237,13,2,13
ex3_229,10,1,418,242,15,13,13
ex3_229,10,1,416,235,13,5,13
ex3_229,10,1,417,236,14,15,13
ex3_229,10,1,415,236,12,6,13
ex3_229,10,1,416,236,13,7,13
ex3_229,10,1,416,236,13,11,13
ex3_229,10,1,417,238,14,12,13
ex3_229,10,1,415,237,12,14,13
ex3_229,10,1,418,238,15,1,14
ex3_229,10,1,416,238,13,2,14
ex3_229,10,1,420,239,17,3,14
ex3_229,10,1,416,239,13,4,14
ex3_229,10,1,418,237,15,5,14
ex3_229,10,1,416,238,13,6,14
ex3_229,10,1,418,239,15,7,14
ex3_229,10,1,416,236,13,10,14
ex3_229,10,1,416,236,13,11,14
ex3_229,10,1,416,239,13,12,14
ex3_229,10,1,416,237,13,13,14
ex3_229,10,1,416,237,13,15,14
ex3_229,10,1,416,237,13,8,14
ex3_229,10,1,418,240,15,9,14
ex3_229,10,1,416,237,13,14,14
ex3_229,10,1,425,245,22,2,15
ex3_229,10,1,428,244,25,1,15
ex3_229,10,1,427,243,24,3,15
ex3_229,10,1,422,242,19,6,15
ex3_229,10,1,425,241,22,7,15
ex3_229,10,1,420,239,17,4,15
ex3_229,10,1,424,239,21,5,15
ex3_229,10,1,424,248,21,13,15
ex3_229,10,1,428,249,25,8,15
ex3_229,10,1,424,240,21,9,15
ex3_229,10,1,420,240,17,10,15
ex3_229,10,1,424,242,21,11,15
ex3_229,10,1,420,239,17,12,15
ex3_229,10,1,424,240,21,14,15
ex3_229,10,1,422,239,19,15,15
ex3_229,10,1,418,236,15,3,16
ex3_229,10,1,418,237,15,4,16
ex3_229,10,1,419,239,16,5,16
ex3_229,10,1,418,238,15,8,16
ex3_229,10,1,418,239,15,9,16
ex3_229,10,1,418,236,15,10,16
ex3_229,10,1,418,238,15,1,16
ex3_229,10,1,420,238,17,2,16
ex3_229,10,1,418,236,15,6,16
ex3_229,10,1,419,237,16,7,16
ex3_229,10,1,418,238,15,14,16
ex3_229,10,1,418,235,15,15,16
ex3_229,10,1,418,238,15,13,16
ex3_229,10,1,418,238,15,11,16
ex3_229,10,1,418,237,15,12,16
ex3_229,10,1,423,243,20,1,17
ex3_229,10,1,423,240,20,2,17
ex3_229,10,1,423,242,20,3,17
ex3_229,10,1,424,245,21,4,17
ex3_229,10,1,423,240,20,5,17
ex3_229,10,1,422,241,19,7,17
ex3_229,10,1,420,238,17,8,17
ex3_229,10,1,424,246,21,10,17
ex3_229,10,1,425,246,22,12,17
ex3_229,10,1,423,239,20,13,17
ex3_229,10,1,424,241,21,6,17
ex3_229,10,1,427,247,24,14,17
ex3_229,10,1,423,243,20,9,17
ex3_229,10,1,424,244,21,11,17
ex3_229,10,1,421,242,18,15,17
ex3_229,10,1,419,241,16,1,18
ex3_229,10,1,421,241,18,2,18
ex3_229,10,1,420,242,17,3,18
ex3_229,10,1,420,245,17,4,18
ex3_229,10,1,421,241,18,5,18
ex3_229,10,1,420,241,17,6,18
ex3_229,10,1,423,241,20,11,18
ex3_229,10,1,419,241,16,13,18
ex3_229,10,1,422,246,19,14,18
ex3_229,10,1,420,240,17,15,18
ex3_229,10,1,419,242,16,7,18
ex3_229,10,1,421,246,18,8,18
ex3_229,10,1,420,240,17,9,18
ex3_229,10,1,420,239,17,10,18
ex3_229,10,1,421,241,18,12,18
ex3_229,10,1,414,237,11,1,19
ex3_229,10,1,413,235,10,2,19
ex3_229,10,1,414,235,11,3,19
ex3_229,10,1,420,242,17,7,19
ex3_229,10,1,413,235,10,10,19
ex3_229,10,1,414,236,11,4,19
ex3_229,10,1,414,236,11,12,19
ex3_229,10,1,413,234,10,14,19
ex3_229,10,1,414,235,11,5,19
ex3_229,10,1,414,235,11,15,19
ex3_229,10,1,414,235,11,6,19
ex3_229,10,1,414,236,11,8,19
ex3_229,10,1,413,236,10,9,19
ex3_229,10,1,413,236,10,11,19
ex3_229,10,1,413,236,10,13,19
ex3_229,10,1,419,238,16,1,20
ex3_229,10,1,420,243,17,3,20
ex3_229,10,1,419,237,16,4,20
ex3_229,10,1,419,237,16,5,20
ex3_229,10,1,419,237,16,8,20
ex3_229,10,1,419,238,16,9,20
ex3_229,10,1,417,236,14,11,20
ex3_229,10,1,421,241,18,2,20
ex3_229,10,1,419,238,16,14,20
ex3_229,10,1,419,238,16,15,20
ex3_229,10,1,419,243,16,6,20
ex3_229,10,1,417,237,14,7,20
ex3_229,10,1,419,237,16,10,20
ex3_229,10,1,419,238,16,12,20
ex3_229,10,1,418,237,15,13,20
ex3_229,10,1,439,250,36,1,21
ex3_229,10,1,437,253,34,2,21
ex3_229,10,1,442,257,39,3,21
ex3_229,10,1,445,259,42,4,21
ex3_229,10,1,436,250,33,6,21
ex3_229,10,1,442,257,39,9,21
ex3_229,10,1,447,261,44,10,21
ex3_229,10,1,447,267,44,5,21
ex3_229,10,1,437,248,34,11,21
ex3_229,10,1,437,249,34,7,21
ex3_229,10,1,449,269,46,12,21
ex3_229,10,1,440,256,37,8,21
ex3_229,10,1,443,256,40,14,21
ex3_229,10,1,440,254,37,13,21
ex3_229,10,1,440,256,37,15,21
ex3_229,10,1,441,262,38,1,22
ex3_229,10,1,438,261,35,2,22
ex3_229,10,1,439,257,36,3,22
ex3_229,10,1,438,257,35,5,22
ex3_229,10,1,439,256,36,6,22
ex3_229,10,1,439,261,36,8,22
ex3_229,10,1,437,258,34,9,22
ex3_229,10,1,438,256,35,13,22
ex3_229,10,1,437,254,34,14,22
ex3_229,10,1,441,255,38,4,22
ex3_229,10,1,436,255,33,15,22
ex3_229,10,1,437,254,34,7,22
ex3_229,10,1,441,262,38,10,22
ex3_229,10,1,442,261,39,11,22
ex3_229,10,1,439,256,36,12,22
ex3_229,10,1,438,258,35,1,23
ex3_229,10,1,440,256,37,3,23
ex3_229,10,1,439,250,36,5,23
ex3_229,10,1,433,250,30,6,23
ex3_229,10,1,436,262,33,8,23
ex3_229,10,1,443,257,40,2,23
ex3_229,10,1,435,246,32,4,23
ex3_229,10,1,439,255,36,7,23
ex3_229,10,1,437,252,34,9,23
ex3_229,10,1,437,257,34,10,23
ex3_229,10,1,438,255,35,11,23
ex3_229,10,1,440,254,37,12,23
ex3_229,10,1,433,249,30,13,23
ex3_229,10,1,433,249,30,14,23
ex3_229,10,1,441,262,38,15,23
ex3_229,10,1,423,241,20,1,24
ex3_229,10,1,418,238,15,2,24
ex3_229,10,1,421,240,18,3,24
ex3_229,10,1,421,240,18,4,24
ex3_229,10,1,420,240,17,7,24
ex3_229,10,1,418,238,15,6,24
ex3_229,10,1,420,239,17,8,24
ex3_229,10,1,424,244,21,13,24
ex3_229,10,1,422,243,19,14,24
ex3_229,10,1,422,240,19,15,24
ex3_229,10,1,424,243,21,5,24
ex3_229,10,1,420,241,17,9,24
ex3_229,10,1,422,241,19,10,24
ex3_229,10,1,421,242,18,11,24
ex3_229,10,1,424,244,21,12,24
ex3_229,10,1,431,247,28,2,25
ex3_229,10,1,431,250,28,3,25
ex3_229,10,1,426,244,23,4,25
ex3_229,10,1,431,245,28,5,25
ex3_229,10,1,428,246,25,6,25
ex3_229,10,1,430,248,27,8,25
ex3_229,10,1,429,247,26,9,25
ex3_229,10,1,430,250,27,10,25
ex3_229,10,1,425,242,22,1,25
ex3_229,10,1,431,247,28,7,25
ex3_229,10,1,430,245,27,15,25
ex3_229,10,1,428,248,25,11,25
ex3_229,10,1,425,239,22,12,25
ex3_229,10,1,434,250,31,13,25
ex3_229,10,1,426,246,23,14,25
ex3_229,10,1,445,267,42,2,26
ex3_229,10,1,449,274,46,1,26
ex3_229,10,1,446,267,43,3,26
ex3_229,10,1,441,262,38,4,26
ex3_229,10,1,443,265,40,5,26
ex3_229,10,1,437,254,34,6,26
ex3_229,10,1,446,268,43,8,26
ex3_229,10,1,445,255,42,10,26
ex3_229,10,1,449,266,46,11,26
ex3_229,10,1,445,267,42,12,26
ex3_229,10,1,442,256,39,13,26
ex3_229,10,1,444,253,41,7,26
ex3_229,10,1,445,258,42,14,26
ex3_229,10,1,445,263,42,9,26
ex3_229,10,1,444,263,41,15,26
ex3_229,10,1,414,235,11,1,27
ex3_229,10,1,415,233,12,3,27
ex3_229,10,1,415,233,12,2,27
ex3_229,10,1,415,235,12,11,27
ex3_229,10,1,416,235,13,10,27
ex3_229,10,1,415,233,12,4,27
ex3_229,10,1,414,234,11,5,27
ex3_229,10,1,416,236,13,6,27
ex3_229,10,1,416,240,13,14,27
ex3_229,10,1,416,239,13,7,27
ex3_229,10,1,416,237,13,15,27
ex3_229,10,1,414,234,11,8,27
ex3_229,10,1,416,238,13,9,27
ex3_229,10,1,416,238,13,12,27
ex3_229,10,1,416,236,13,13,27
ex3_229,10,1,432,253,29,4,28
ex3_229,10,1,431,251,28,5,28
ex3_229,10,1,429,241,26,8,28
ex3_229,10,1,433,250,30,9,28
ex3_229,10,1,430,249,27,1,28
ex3_229,10,1,432,252,29,2,28
ex3_229,10,1,434,248,31,11,28
ex3_229,10,1,431,251,28,12,28
ex3_229,10,1,433,250,30,10,28
ex3_229,10,1,428,246,25,3,28
ex3_229,10,1,430,247,27,15,28
ex3_229,10,1,429,250,26,6,28
ex3_229,10,1,433,252,30,7,28
ex3_229,10,1,435,251,32,13,28
ex3_229,10,1,434,254,31,14,28
ex3_229,10,1,423,239,20,1,29
ex3_229,10,1,418,235,15,2,29
ex3_229,10,1,420,237,17,8,29
ex3_229,10,1,423,239,20,3,29
ex3_229,10,1,423,242,20,4,29
ex3_229,10,1,423,243,20,5,29
ex3_229,10,1,424,242,21,6,29
ex3_229,10,1,423,242,20,11,29
ex3_229,10,1,424,241,21,12,29
ex3_229,10,1,425,243,22,7,29
ex3_229,10,1,424,243,21,9,29
ex3_229,10,1,422,238,19,10,29
ex3_229,10,1,423,240,20,14,29
ex3_229,10,1,423,243,20,13,29
ex3_229,10,1,419,236,16,15,29
ex3_229,10,1,424,240,21,1,30
ex3_229,10,1,421,239,18,3,30
ex3_229,10,1,421,238,18,5,30
ex3_229,10,1,421,242,18,6,30
ex3_229,10,1,423,241,20,7,30
ex3_229,10,1,423,242,20,2,30
ex3_229,10,1,421,238,18,11,30
ex3_229,10,1,420,239,17,13,30
ex3_229,10,1,422,239,19,12,30
ex3_229,10,1,421,242,18,14,30
ex3_229,10,1,420,236,17,4,30
ex3_229,10,1,422,239,19,15,30
ex3_229,10,1,420,236,17,8,30
ex3_229,10,1,420,236,17,9,30
ex3_229,10,1,420,237,17,10,30
ex3_229,10,1,425,243,22,2,31
ex3_229,10,1,430,254,27,4,31
ex3_229,10,1,427,245,24,8,31
ex3_229,10,1,428,247,25,9,31
ex3_229,10,1,423,242,20,10,31
ex3_229,10,1,425,241,22,1,31
ex3_229,10,1,427,244,24,12,31
ex3_229,10,1,427,243,24,3,31
ex3_229,10,1,428,244,25,14,31
ex3_229,10,1,427,246,24,15,31
ex3_229,10,1,428,247,25,5,31
ex3_229,10,1,431,254,28,6,31
ex3_229,10,1,429,244,26,7,31
ex3_229,10,1,431,253,28,11,31
ex3_229,10,1,431,254,28,13,31
ex3_229,10,1,418,240,15,2,32
ex3_229,10,1,418,239,15,4,32
ex3_229,10,1,419,242,16,5,32
ex3_229,10,1,418,243,15,7,32
ex3_229,10,1,419,240,16,8,32
ex3_229,10,1,419,240,16,9,32
ex3_229,10,1,418,238,15,1,32
ex3_229,10,1,419,244,16,12,32
ex3_229,10,1,417,238,14,3,32
ex3_229,10,1,417,238,14,13,32
ex3_229,10,1,418,241,15,6,32
ex3_229,10,1,419,238,16,15,32
ex3_229,10,1,418,238,15,10,32
ex3_229,10,1,419,245,16,11,32
ex3_229,10,1,418,239,15,14,32
ex3_229,10,1,429,242,26,1,33
ex3_229,10,1,429,250,26,2,33
ex3_229,10,1,429,250,26,3,33
ex3_229,10,1,425,245,22,4,33
ex3_229,10,1,427,244,24,5,33
ex3_229,10,1,425,243,22,6,33
ex3_229,10,1,428,248,25,7,33
ex3_229,10,1,423,242,20,11,33
ex3_229,10,1,422,243,19,13,33
ex3_229,10,1,424,241,21,14,33
ex3_229,10,1,430,240,27,8,33
ex3_229,10,1,425,243,22,9,33
ex3_229,10,1,422,238,19,10,33
ex3_229,10,1,434,253,31,12,33
ex3_229,10,1,424,241,21,15,33
ex3_229,10,1,415,235,12,1,34
ex3_229,10,1,417,238,14,4,34
ex3_229,10,1,415,236,12,7,34
ex3_229,10,1,416,237,13,9,34
ex3_229,10,1,415,236,12,2,34
ex3_229,10,1,415,235,12,3,34
ex3_229,10,1,417,237,14,11,34
ex3_229,10,1,415,235,12,5,34
ex3_229,10,1,417,239,14,6,34
ex3_229,10,1,415,236,12,14,34
ex3_229,10,1,415,235,12,8,34
ex3_229,10,1,415,236,12,10,34
ex3_229,10,1,417,241,14,12,34
ex3_229,10,1,416,237,13,13,34
ex3_229,10,1,415,236,12,15,34
ex3_229,10,1,443,257,40,9,35
ex3_229,10,1,444,257,41,10,35
ex3_229,10,1,442,256,39,1,35
ex3_229,10,1,445,254,42,2,35
ex3_229,10,1,442,258,39,3,35
ex3_229,10,1,445,259,42,11,35
ex3_229,10,1,443,258,40,4,35
ex3_229,10,1,447,259,44,5,35
ex3_229,10,1,446,265,43,14,35
ex3_229,10,1,446,255,43,6,35
ex3_229,10,1,444,260,41,15,35
ex3_229,10,1,439,252,36,7,35
ex3_229,10,1,439,259,36,8,35
ex3_229,10,1,446,261,43,12,35
ex3_229,10,1,443,260,40,13,35
ex3_229,10,1,421,242,18,1,36
ex3_229,10,1,422,242,19,3,36
ex3_229,10,1,422,241,19,6,36
ex3_229,10,1,420,241,17,2,36
ex3_229,10,1,420,239,17,4,36
ex3_229,10,1,422,242,19,13,36
ex3_229,10,1,421,239,18,14,36
ex3_229,10,1,421,238,18,5,36
ex3_229,10,1,417,236,14,7,36
ex3_229,10,1,423,240,20,8,36
ex3_229,10,1,422,240,19,9,36
ex3_229,10,1,420,238,17,10,36
ex3_229,10,1,422,244,19,11,36
ex3_229,10,1,422,234,19,12,36
ex3_229,10,1,422,242,19,15,36
ex3_229,10,1,427,239,24,4,37
ex3_229,10,1,425,238,22,6,37
ex3_229,10,1,425,240,22,5,37
ex3_229,10,1,425,241,22,1,37
ex3_229,10,1,425,243,22,2,37
ex3_229,10,1,431,247,28,12,37
ex3_229,10,1,424,240,21,11,37
ex3_229,10,1,425,242,22,3,37
ex3_229,10,1,425,240,22,13,37
ex3_229,10,1,424,239,21,7,37
ex3_229,10,1,428,239,25,9,37
ex3_229,10,1,427,243,24,8,37
ex3_229,10,1,425,238,22,10,37
ex3_229,10,1,426,240,23,14,37
ex3_229,10,1,425,239,22,15,37
ex3_229,10,1,416,235,13,1,38
ex3_229,10,1,416,236,13,2,38
ex3_229,10,1,416,239,13,3,38
ex3_229,10,1,415,235,12,5,38
ex3_229,10,1,416,239,13,10,38
ex3_229,10,1,414,233,11,12,38
ex3_229,10,1,415,234,12,13,38
ex3_229,10,1,416,236,13,4,38
ex3_229,10,1,415,235,12,14,38
ex3_229,10,1,416,236,13,6,38
ex3_229,10,1,416,235,13,7,38
ex3_229,10,1,416,237,13,8,38
ex3_229,10,1,416,237,13,9,38
ex3_229,10,1,416,236,13,11,38
ex3_229,10,1,416,236,13,15,38
ex3_229,10,1,418,238,15,1,39
ex3_229,10,1,422,239,19,3,39
ex3_229,10,1,419,240,16,4,39
ex3_229,10,1,428,246,25,2,39
ex3_229,10,1,420,240,17,13,39
ex3_229,10,1,420,239,17,12,39
ex3_229,10,1,418,238,15,5,39
ex3_229,10,1,423,247,20,15,39
ex3_229,10,1,428,246,25,7,39
ex3_229,10,1,418,238,15,6,39
ex3_229,10,1,419,237,16,8,39
ex3_229,10,1,426,245,23,9,39
ex3_229,10,1,423,241,20,10,39
ex3_229,10,1,420,241,17,11,39
ex3_229,10,1,420,241,17,14,39
ex3_229,10,1,419,237,16,1,40
ex3_229,10,1,421,237,18,2,40
ex3_229,10,1,424,242,21,3,40
ex3_229,10,1,421,241,18,6,40
ex3_229,10,1,420,241,17,7,40
ex3_229,10,1,420,239,17,11,40
ex3_229,10,1,420,238,17,4,40
ex3_229,10,1,419,237,16,5,40
ex3_229,10,1,421,235,18,8,40
ex3_229,10,1,421,242,18,15,40
ex3_229,10,1,420,237,17,9,40
ex3_229,10,1,419,236,16,10,40
ex3_229,10,1,422,241,19,12,40
ex3_229,10,1,420,237,17,13,40
ex3_229,10,1,421,236,18,14,40
ex3_229,10,1,426,246,23,1,41
ex3_229,10,1,426,244,23,2,41
ex3_229,10,1,426,245,23,4,41
ex3_229,10,1,427,250,24,3,41
ex3_229,10,1,425,242,22,7,41
ex3_229,10,1,423,244,20,8,41
ex3_229,10,1,424,244,21,5,41
ex3_229,10,1,425,243,22,13,41
ex3_229,10,1,427,247,24,6,41
ex3_229,10,1,424,246,21,9,41
ex3_229,10,1,424,243,21,10,41
ex3_229,10,1,427,243,24,11,41
ex3_229,10,1,424,241,21,12,41
ex3_229,10,1,426,244,23,14,41
ex3_229,10,1,425,241,22,15,41
ex3_229,10,1,422,240,19,1,42
ex3_229,10,1,422,239,19,3,42
ex3_229,10,1,422,239,19,5,42
ex3_229,10,1,420,240,17,4,42
ex3_229,10,1,420,237,17,2,42
ex3_229,10,1,420,237,17,11,42
ex3_229,10,1,424,241,21,13,42
ex3_229,10,1,421,240,18,6,42
ex3_229,10,1,426,241,23,7,42
ex3_229,10,1,425,244,22,8,42
ex3_229,10,1,420,240,17,15,42
ex3_229,10,1,426,245,23,9,42
ex3_229,10,1,423,239,20,10,42
ex3_229,10,1,425,239,22,12,42
ex3_229,10,1,422,241,19,14,42
ex3_229,10,1,423,240,20,1,43
ex3_229,10,1,428,240,25,2,43
ex3_229,10,1,424,243,21,3,43
ex3_229,10,1,424,241,21,4,43
ex3_229,10,1,426,245,23,7,43
ex3_229,10,1,424,243,21,11,43
ex3_229,10,1,425,242,22,10,43
ex3_229,10,1,429,247,26,5,43
ex3_229,10,1,426,244,23,6,43
ex3_229,10,1,428,247,25,8,43
ex3_229,10,1,424,243,21,9,43
ex3_229,10,1,424,243,21,14,43
ex3_229,10,1,424,243,21,12,43
ex3_229,10,1,426,240,23,13,43
ex3_229,10,1,424,243,21,15,43
ex3_229,10,1,420,239,17,1,44
ex3_229,10,1,418,232,15,2,44
ex3_229,10,1,418,231,15,3,44
ex3_229,10,1,420,239,17,5,44
ex3_229,10,1,420,239,17,6,44
ex3_229,10,1,420,235,17,9,44
ex3_229,10,1,420,240,17,4,44
ex3_229,10,1,420,239,17,10,44
ex3_229,10,1,418,232,15,11,44
ex3_229,10,1,419,235,16,7,44
ex3_229,10,1,420,239,17,13,44
ex3_229,10,1,418,234,15,8,44
ex3_229,10,1,420,237,17,14,44
ex3_229,10,1,420,239,17,12,44
ex3_229,10,1,418,233,15,15,44
ex3_229,10,1,421,240,18,1,45
ex3_229,10,1,421,243,18,2,45
ex3_229,10,1,421,244,18,3,45
ex3_229,10,1,421,240,18,4,45
ex3_229,10,1,425,242,22,8,45
ex3_229,10,1,421,240,18,10,45
ex3_229,10,1,419,240,16,5,45
ex3_229,10,1,421,240,18,6,45
ex3_229,10,1,422,239,19,7,45
ex3_229,10,1,423,243,20,14,45
ex3_229,10,1,418,236,15,9,45
ex3_229,10,1,421,239,18,11,45
ex3_229,10,1,420,239,17,12,45
ex3_229,10,1,421,239,18,13,45
ex3_229,10,1,424,245,21,15,45
ex3_229,10,1,427,246,24,1,46
ex3_229,10,1,425,247,22,3,46
ex3_229,10,1,425,243,22,4,46
ex3_229,10,1,426,245,23,6,46
ex3_229,10,1,425,243,22,2,46
ex3_229,10,1,423,241,20,13,46
ex3_229,10,1,423,240,20,14,46
ex3_229,10,1,425,245,22,15,46
ex3_229,10,1,426,247,23,5,46
ex3_229,10,1,426,245,23,7,46
ex3_229,10,1,427,245,24,8,46
ex3_229,10,1,423,240,20,9,46
ex3_229,10,1,423,240,20,10,46
ex3_229,10,1,430,248,27,11,46
ex3_229,10,1,425,241,22,12,46
ex3_229,10,1,435,253,32,1,47
ex3_229,10,1,439,257,36,4,47
ex3_229,10,1,442,254,39,8,47
ex3_229,10,1,435,256,32,9,47
ex3_229,10,1,430,242,27,7,47
ex3_229,10,1,436,250,33,10,47
ex3_229,10,1,437,256,34,2,47
ex3_229,10,1,433,247,30,13,47
ex3_229,10,1,442,265,39,12,47
ex3_229,10,1,437,249,34,14,47
ex3_229,10,1,438,257,35,3,47
ex3_229,10,1,438,261,35,5,47
ex3_229,10,1,430,240,27,6,47
ex3_229,10,1,438,251,35,11,47
ex3_229,10,1,430,243,27,15,47
ex3_229,10,1,418,241,15,1,48
ex3_229,10,1,418,237,15,2,48
ex3_229,10,1,419,244,16,4,48
ex3_229,10,1,418,235,15,5,48
ex3_229,10,1,418,238,15,6,48
ex3_229,10,1,419,238,16,10,48
ex3_229,10,1,418,237,15,11,48
ex3_229,10,1,418,236,15,3,48
ex3_229,10,1,418,236,15,14,48
ex3_229,10,1,418,238,15,13,48
ex3_229,10,1,419,238,16,7,48
ex3_229,10,1,419,238,16,8,48
ex3_229,10,1,417,236,14,9,48
ex3_229,10,1,418,237,15,12,48
ex3_229,10,1,418,239,15,15,48
ex3_229,10,1,420,238,17,1,49
ex3_229,10,1,421,243,18,4,49
ex3_229,10,1,421,242,18,6,49
ex3_229,10,1,421,242,18,7,49
ex3_229,10,1,421,242,18,8,49
ex3_229,10,1,421,245,18,10,49
ex3_229,10,1,420,239,17,11,49
ex3_229,10,1,422,243,19,2,49
ex3_229,10,1,421,242,18,3,49
ex3_229,10,1,421,241,18,12,49
ex3_229,10,1,421,241,18,5,49
ex3_229,10,1,421,242,18,15,49
ex3_229,10,1,421,239,18,9,49
ex3_229,10,1,421,241,18,13,49
ex3_229,10,1,421,245,18,14,49
ex3_229,10,1,421,238,18,2,50
ex3_229,10,1,420,240,17,3,50
ex3_229,10,1,422,243,19,4,50
ex3_229,10,1,421,238,18,7,50
ex3_229,10,1,423,243,20,6,50
ex3_229,10,1,423,238,20,1,50
ex3_229,10,1,420,238,17,11,50
ex3_229,10,1,420,241,17,12,50
ex3_229,10,1,424,245,21,5,50
ex3_229,10,1,420,239,17,15,50
ex3_229,10,1,424,243,21,8,50
ex3_229,10,1,424,242,21,9,50
ex3_229,10,1,421,239,18,10,50
ex3_229,10,1,425,244,22,13,50
ex3_229,10,1,423,243,20,14,50
sf_276,10,10,840,487,62,1,0
sf_276,10,10,859,494,81,2,0
sf_276,10,10,839,487,61,5,0
sf_276,10,10,815,450,37,6,0
sf_276,10,10,865,505,87,4,0
sf_276,10,10,855,496,77,7,0
sf_276,10,10,839,483,61,8,0
sf_276,10,10,832,481,54,3,0
sf_276,10,10,815,453,37,14,0
sf_276,10,10,832,482,54,11,0
sf_276,10,10,855,497,77,9,0
sf_276,10,10,859,495,81,15,0
sf_276,10,10,839,479,61,10,0
sf_276,10,10,855,494,77,13,0
sf_276,10,10,815,450,37,12,0
sf_276,10,10,799,450,21,2,1
sf_276,10,10,799,453,21,8,1
sf_276,10,10,817,466,39,9,1
sf_276,10,10,799,451,21,10,1
sf_276,10,10,815,466,37,1,1
sf_276,10,10,799,452,21,3,1
sf_276,10,10,799,452,21,12,1
sf_276,10,10,799,453,21,4,1
sf_276,10,10,838,490,60,14,1
sf_276,10,10,799,450,21,5,1
sf_276,10,10,799,451,21,15,1
sf_276,10,10,799,452,21,6,1
sf_276,10,10,799,450,21,7,1
sf_276,10,10,799,451,21,11,1
sf_276,10,10,799,452,21,13,1
sf_276,10,10,825,479,47,7,2
sf_276,10,10,825,479,47,8,2
sf_276,10,10,832,483,54,9,2
sf_276,10,10,850,501,72,10,2
sf_276,10,10,832,480,54,1,2
sf_276,10,10,851,500,73,2,2
sf_276,10,10,832,479,54,14,2
sf_276,10,10,847,490,69,3,2
sf_276,10,10,852,505,74,15,2
sf_276,10,10,832,482,54,4,2
sf_276,10,10,832,481,54,5,2
sf_276,10,10,841,485,63,6,2
sf_276,10,10,847,502,69,12,2
sf_276,10,10,825,476,47,11,2
sf_276,10,10,850,500,72,13,2
sf_276,10,10,823,468,45,3,3
sf_276,10,10,824,465,46,6,3
sf_276,10,10,824,464,46,8,3
sf_276,10,10,823,468,45,9,3
sf_276,10,10,824,471,46,4,3
sf_276,10,10,823,468,45,1,3
sf_276,10,10,824,467,46,2,3
sf_276,10,10,824,467,46,13,3
sf_276,10,10,824,469,46,14,3
sf_276,10,10,823,468,45,15,3
sf_276,10,10,824,466,46,5,3
sf_276,10,10,823,468,45,10,3
sf_276,10,10,823,465,45,7,3
sf_276,10,10,824,471,46,11,3
sf_276,10,10,824,467,46,12,3
sf_276,10,10,837,487,59,6,4
sf_276,10,10,837,483,59,14,4
sf_276,10,10,835,484,57,7,4
sf_276,10,10,837,485,59,8,4
sf_276,10,10,837,483,59,11,4
sf_276,10,10,837,489,59,9,4
sf_276,10,10,837,487,59,12,4
sf_276,10,10,835,483,57,5,4
sf_276,10,10,837,485,59,10,4
sf_276,10,10,837,484,59,1,4
sf_276,10,10,835,485,57,13,4
sf_276,10,10,837,488,59,15,4
sf_276,10,10,837,485,59,3,4
sf_276,10,10,837,488,59,2,4
sf_276,10,10,837,485,59,4,4
sf_276,10,10,795,450,17,4,5
sf_276,10,10,825,470,47,10,5
sf_276,10,10,813,464,35,6,5
sf_276,10,10,833,470,55,9,5
sf_276,10,10,825,472,47,13,5
sf_276,10,10,824,466,46,12,5
sf_276,10,10,813,461,35,14,5
sf_276,10,10,825,470,47,15,5
sf_276,10,10,795,450,17,3,5
sf_276,10,10,795,447,17,1,5
sf_276,10,10,829,472,51,2,5
sf_276,10,10,813,466,35,5,5
sf_276,10,10,813,462,35,7,5
sf_276,10,10,829,476,51,8,5
sf_276,10,10,829,476,51,11,5
sf_276,10,10,795,451,17,1,6
sf_276,10,10,795,450,17,5,6
sf_276,10,10,795,450,17,2,6
sf_276,10,10,795,449,17,6,6
sf_276,10,10,795,449,17,7,6
sf_276,10,10,795,450,17,4,6
sf_276,10,10,795,449,17,9,6
sf_276,10,10,795,450,17,3,6
sf_276,10,10,795,449,17,13,6
sf_276,10,10,795,451,17,8,6
sf_276,10,10,795,451,17,10,6
sf_276,10,10,795,450,17,11,6
sf_276,10,10,795,451,17,12,6
sf_276,10,10,795,450,17,14,6
sf_276,10,10,795,448,17,15,6
sf_276,10,10,793,447,15,3,7
sf_276,10,10,824,467,46,4,7
sf_276,10,10,793,448,15,5,7
sf_276,10,10,824,465,46,6,7
sf_276,10,10,793,448,15,7,7
sf_276,10,10,824,465,46,1,7
sf_276,10,10,825,464,47,2,7
sf_276,10,10,825,469,47,8,7
sf_276,10,10,825,466,47,10,7
sf_276,10,10,793,449,15,9,7
sf_276,10,10,824,467,46,11,7
sf_276,10,10,793,449,15,12,7
sf_276,10,10,793,446,15,13,7
sf_276,10,10,825,466,47,14,7
sf_276,10,10,824,465,46,15,7
sf_276,10,10,793,447,15,1,8
sf_276,10,10,793,448,15,3,8
sf_276,10,10,793,448,15,9,8
sf_276,10,10,793,448,15,12,8
sf_276,10,10,793,447,15,11,8
sf_276,10,10,793,446,15,2,8
sf_276,10,10,793,446,15,13,8
sf_276,10,10,793,445,15,14,8
sf_276,10,10,793,447,15,15,8
sf_276,10,10,793,448,15,4,8
sf_276,10,10,793,446,15,6,8
sf_276,10,10,793,448,15,7,8
sf_276,10,10,793,446,15,5,8
sf_276,10,10,793,447,15,8,8
sf_276,10,10,793,446,15,10,8
sf_276,10,10,829,476,51,1,9
sf_276,10,10,829,477,51,6,9
sf_276,10,10,829,474,51,7,9
sf_276,10,10,829,476,51,9,9
sf_276,10,10,829,478,51,8,9
sf_276,10,10,829,476,51,2,9
sf_276,10,10,829,481,51,3,9
sf_276,10,10,829,477,51,4,9
sf_276,10,10,829,477,51,13,9
sf_276,10,10,829,479,51,5,9
sf_276,10,10,829,478,51,14,9
sf_276,10,10,829,474,51,10,9
sf_276,10,10,829,478,51,11,9
sf_276,10,10,829,474,51,12,9
sf_276,10,10,829,479,51,15,9
sf_276,10,10,793,445,15,3,10
sf_276,10,10,792,445,14,4,10
sf_276,10,10,793,446,15,2,10
sf_276,10,10,793,445,15,8,10
sf_276,10,10,793,447,15,10,10
sf_276,10,10,793,447,15,1,10
sf_276,10,10,792,448,14,14,10
sf_276,10,10,793,446,15,15,10
sf_276,10,10,793,446,15,12,10
sf_276,10,10,793,447,15,11,10
sf_276,10,10,793,445,15,5,10
sf_276,10,10,793,445,15,6,10
sf_276,10,10,793,443,15,7,10
sf_276,10,10,793,444,15,9,10
sf_276,10,10,793,445,15,13,10
sf_276,10,10,813,467,35,3,11
sf_276,10,10,813,469,35,4,11
sf_276,10,10,799,454,21,5,11
sf_276,10,10,799,451,21,6,11
sf_276,10,10,799,453,21,1,11
sf_276,10,10,799,455,21,2,11
sf_276,10,10,795,450,17,7,11
sf_276,10,10,795,450,17,9,11
sf_276,10,10,799,456,21,8,11
sf_276,10,10,799,454,21,10,11
sf_276,10,10,799,456,21,11,11
sf_276,10,10,813,470,35,12,11
sf_276,10,10,795,449,17,13,11
sf_276,10,10,813,469,35,14,11
sf_276,10,10,799,453,21,15,11
sf_276,10,10,833,486,55,1,12
sf_276,10,10,833,486,55,2,12
sf_276,10,10,833,486,55,5,12
sf_276,10,10,833,483,55,9,12
sf_276,10,10,833,485,55,14,12
sf_276,10,10,846,498,68,13,12
sf_276,10,10,846,493,68,3,12
sf_276,10,10,833,488,55,15,12
sf_276,10,10,846,494,68,4,12
sf_276,10,10,833,485,55,6,12
sf_276,10,10,833,489,55,7,12
sf_276,10,10,833,486,55,10,12
sf_276,10,10,833,484,55,8,12
sf_276,10,10,812,452,34,11,12
sf_276,10,10,833,484,55,12,12
sf_276,10,10,789,446,11,6,13
sf_276,10,10,789,447,11,7,13
sf_276,10,10,789,446,11,14,13
sf_276,10,10,789,446,11,8,13
sf_276,10,10,789,446,11,2,13
sf_276,10,10,789,446,11,1,13
sf_276,10,10,789,446,11,15,13
sf_276,10,10,789,446,11,3,13
sf_276,10,10,789,446,11,9,13
sf_276,10,10,789,446,11,10,13
sf_276,10,10,789,446,11,4,13
sf_276,10,10,789,446,11,5,13
sf_276,10,10,789,447,11,11,13
sf_276,10,10,789,446,11,12,13
sf_276,10,10,789,446,11,13,13
sf_276,10,10,798,452,20,4,14
sf_276,10,10,798,452,20,6,14
sf_276,10,10,798,451,20,5,14
sf_276,10,10,798,451,20,1,14
sf_276,10,10,798,452,20,3,14
sf_276,10,10,798,452,20,7,14
sf_276,10,10,798,452,20,10,14
sf_276,10,10,798,451,20,11,14
sf_276,10,10,798,452,20,12,14
sf_276,10,10,798,450,20,13,14
sf_276,10,10,798,450,20,2,14
sf_276,10,10,798,449,20,8,14
sf_276,10,10,798,452,20,9,14
sf_276,10,10,798,447,20,14,14
sf_276,10,10,798,451,20,15,14
sf_276,10,10,825,471,47,2,15
sf_276,10,10,800,449,22,1,15
sf_276,10,10,800,449,22,3,15
sf_276,10,10,825,470,47,4,15
sf_276,10,10,800,449,22,11,15
sf_276,10,10,800,449,22,6,15
sf_276,10,10,800,448,22,5,15
sf_276,10,10,800,449,22,7,15
sf_276,10,10,800,448,22,10,15
sf_276,10,10,800,449,22,9,15
sf_276,10,10,800,449,22,8,15
sf_276,10,10,800,449,22,12,15
sf_276,10,10,800,448,22,13,15
sf_276,10,10,800,450,22,14,15
sf_276,10,10,800,446,22,15,15
sf_276,10,10,830,479,52,1,16
sf_276,10,10,830,476,52,9,16
sf_276,10,10,830,477,52,10,16
sf_276,10,10,830,477,52,2,16
sf_276,10,10,830,477,52,5,16
sf_276,10,10,830,476,52,8,16
sf_276,10,10,830,477,52,12,16
sf_276,10,10,830,477,52,11,16
sf_276,10,10,830,478,52,13,16
sf_276,10,10,830,479,52,14,16
sf_276,10,10,830,475,52,15,16
sf_276,10,10,822,468,44,4,16
sf_276,10,10,830,480,52,6,16
sf_276,10,10,830,475,52,7,16
sf_276,10,10,830,477,52,3,16
sf_276,10,10,833,482,55,2,17
sf_276,10,10,836,482,58,1,17
sf_276,10,10,836,490,58,4,17
sf_276,10,10,836,488,58,5,17
sf_276,10,10,836,488,58,3,17
sf_276,10,10,836,486,58,6,17
sf_276,10,10,836,484,58,7,17
sf_276,10,10,836,485,58,8,17
sf_276,10,10,836,489,58,9,17
sf_276,10,10,833,483,55,10,17
sf_276,10,10,833,479,55,11,17
sf_276,10,10,833,480,55,12,17
sf_276,10,10,833,482,55,13,17
sf_276,10,10,836,486,58,14,17
sf_276,10,10,836,489,58,15,17
sf_276,10,10,830,484,52,1,18
sf_276,10,10,830,481,52,7,18
sf_276,10,10,830,480,52,9,18
sf_276,10,10,830,481,52,10,18
sf_276,10,10,830,482,52,8,18
sf_276,10,10,830,483,52,12,18
sf_276,10,10,830,485,52,2,18
sf_276,10,10,830,478,52,14,18
sf_276,10,10,830,481,52,15,18
sf_276,10,10,830,480,52,3,18
sf_276,10,10,830,481,52,4,18
sf_276,10,10,830,484,52,5,18
sf_276,10,10,830,482,52,6,18
sf_276,10,10,830,483,52,11,18
sf_276,10,10,830,482,52,13,18
sf_276,10,10,791,447,13,6,19
sf_276,10,10,791,446,13,7,19
sf_276,10,10,791,447,13,8,19
sf_276,10,10,791,449,13,9,19
sf_276,10,10,791,447,13,10,19
sf_276,10,10,791,448,13,1,19
sf_276,10,10,791,446,13,2,19
sf_276,10,10,791,449,13,3,19
sf_276,10,10,791,447,13,4,19
sf_276,10,10,791,445,13,5,19
sf_276,10,10,791,449,13,15,19
sf_276,10,10,791,444,13,11,19
sf_276,10,10,791,445,13,12,19
sf_276,10,10,791,444,13,13,19
sf_276,10,10,791,449,13,14,19
sf_276,10,10,800,454,22,6,20
sf_276,10,10,800,455,22,8,20
sf_276,10,10,816,467,38,9,20
sf_276,10,10,800,455,22,1,20
sf_276,10,10,800,455,22,7,20
sf_276,10,10,831,482,53,10,20
sf_276,10,10,800,452,22,13,20
sf_276,10,10,800,454,22,15,20
sf_276,10,10,800,455,22,14,20
sf_276,10,10,800,455,22,3,20
sf_276,10,10,800,455,22,4,20
sf_276,10,10,800,456,22,2,20
sf_276,10,10,800,455,22,11,20
sf_276,10,10,831,481,53,5,20
sf_276,10,10,831,481,53,12,20
sf_276,10,10,839,494,61,1,21
sf_276,10,10,839,489,61,2,21
sf_276,10,10,839,489,61,4,21
sf_276,10,10,839,485,61,3,21
sf_276,10,10,839,487,61,5,21
sf_276,10,10,839,496,61,6,21
sf_276,10,10,812,446,34,7,21
sf_276,10,10,839,489,61,8,21
sf_276,10,10,839,489,61,9,21
sf_276,10,10,839,491,61,10,21
sf_276,10,10,839,482,61,11,21
sf_276,10,10,839,490,61,12,21
sf_276,10,10,839,481,61,13,21
sf_276,10,10,839,485,61,14,21
sf_276,10,10,839,486,61,15,21
sf_276,10,10,815,463,37,3,22
sf_276,10,10,815,459,37,4,22
sf_276,10,10,817,463,39,7,22
sf_276,10,10,836,489,58,6,22
sf_276,10,10,809,451,31,13,22
sf_276,10,10,844,489,66,1,22
sf_276,10,10,809,453,31,12,22
sf_276,10,10,836,485,58,14,22
sf_276,10,10,817,458,39,2,22
sf_276,10,10,844,490,66,15,22
sf_276,10,10,836,487,58,5,22
sf_276,10,10,836,487,58,8,22
sf_276,10,10,817,459,39,9,22
sf_276,10,10,817,460,39,10,22
sf_276,10,10,836,484,58,11,22
sf_276,10,10,832,487,54,6,23
sf_276,10,10,832,487,54,7,23
sf_276,10,10,832,490,54,9,23
sf_276,10,10,832,482,54,3,23
sf_276,10,10,832,487,54,14,23
sf_276,10,10,832,483,54,12,23
sf_276,10,10,832,484,54,13,23
sf_276,10,10,832,485,54,5,23
sf_276,10,10,832,487,54,1,23
sf_276,10,10,832,485,54,8,23
sf_276,10,10,832,485,54,2,23
sf_276,10,10,832,484,54,15,23
sf_276,10,10,832,483,54,4,23
sf_276,10,10,832,488,54,10,23
sf_276,10,10,832,484,54,11,23
sf_276,10,10,793,444,15,1,24
sf_276,10,10,793,448,15,9,24
sf_276,10,10,793,447,15,2,24
sf_276,10,10,793,447,15,10,24
sf_276,10,10,793,448,15,3,24
sf_276,10,10,793,447,15,4,24
sf_276,10,10,793,448,15,5,24
sf_276,10,10,793,448,15,6,24
sf_276,10,10,793,447,15,8,24
sf_276,10,10,793,446,15,7,24
sf_276,10,10,793,447,15,11,24
sf_276,10,10,793,448,15,12,24
sf_276,10,10,793,447,15,13,24
sf_276,10,10,793,447,15,14,24
sf_276,10,10,793,448,15,15,24
sf_276,10,10,811,449,33,1,25
sf_276,10,10,824,461,46,8,25
sf_276,10,10,824,465,46,12,25
sf_276,10,10,824,458,46,5,25
sf_276,10,10,824,464,46,3,25
sf_276,10,10,811,451,33,4,25
sf_276,10,10,811,449,33,2,25
sf_276,10,10,823,460,45,10,25
sf_276,10,10,822,463,44,13,25
sf_276,10,10,811,451,33,14,25
sf_276,10,10,823,462,45,9,25
sf_276,10,10,811,450,33,15,25
sf_276,10,10,811,450,33,6,25
sf_276,10,10,811,449,33,7,25
sf_276,10,10,811,449,33,11,25
sf_276,10,10,816,451,38,2,26
sf_276,10,10,825,465,47,3,26
sf_276,10,10,827,469,49,8,26
sf_276,10,10,816,451,38,1,26
sf_276,10,10,833,481,55,11,26
sf_276,10,10,816,453,38,4,26
sf_276,10,10,815,451,37,5,26
sf_276,10,10,825,462,47,13,26
sf_276,10,10,824,455,46,6,26
sf_276,10,10,815,452,37,7,26
sf_276,10,10,827,470,49,9,26
sf_276,10,10,816,452,38,12,26
sf_276,10,10,825,461,47,10,26
sf_276,10,10,816,451,38,14,26
sf_276,10,10,833,481,55,15,26
sf_276,10,10,792,447,14,1,27
sf_276,10,10,792,448,14,6,27
sf_276,10,10,792,448,14,7,27
sf_276,10,10,792,447,14,8,27
sf_276,10,10,792,445,14,9,27
sf_276,10,10,792,448,14,11,27
sf_276,10,10,792,445,14,3,27
sf_276,10,10,792,446,14,2,27
sf_276,10,10,792,447,14,4,27
sf_276,10,10,792,448,14,5,27
sf_276,10,10,792,447,14,10,27
sf_276,10,10,792,448,14,13,27
sf_276,10,10,792,447,14,12,27
sf_276,10,10,792,447,14,14,27
sf_276,10,10,792,445,14,15,27
sf_276,10,10,831,480,53,4,28
sf_276,10,10,831,476,53,1,28
sf_276,10,10,831,482,53,10,28
sf_276,10,10,831,478,53,11,28
sf_276,10,10,831,480,53,13,28
sf_276,10,10,831,480,53,2,28
sf_276,10,10,831,478,53,6,28
sf_276,10,10,831,483,53,3,28
sf_276,10,10,831,480,53,7,28
sf_276,10,10,831,480,53,8,28
sf_276,10,10,831,480,53,9,28
sf_276,10,10,831,480,53,12,28
sf_276,10,10,831,482,53,14,28
sf_276,10,10,831,481,53,15,28
sf_276,10,10,831,480,53,5,28
sf_276,10,10,796,448,18,1,29
sf_276,10,10,796,445,18,2,29
sf_276,10,10,796,448,18,6,29
sf_276,10,10,796,446,18,9,29
sf_276,10,10,796,447,18,4,29
sf_276,10,10,796,447,18,3,29
sf_276,10,10,796,444,18,5,29
sf_276,10,10,796,448,18,7,29
sf_276,10,10,796,445,18,8,29
sf_276,10,10,796,447,18,10,29
sf_276,10,10,796,445,18,11,29
sf_276,10,10,796,447,18,12,29
sf_276,10,10,796,445,18,13,29
sf_276,10,10,796,446,18,14,29
sf_276,10,10,796,445,18,15,29
sf_276,10,10,800,453,22,2,30
sf_276,10,10,800,455,22,3,30
sf_276,10,10,832,485,54,4,30
sf_276,10,10,800,451,22,1,30
sf_276,10,10,800,453,22,5,30
sf_276,10,10,800,453,22,6,30
sf_276,10,10,800,452,22,7,30
sf_276,10,10,800,452,22,10,30
sf_276,10,10,800,451,22,8,30
sf_276,10,10,800,453,22,9,30
sf_276,10,10,832,482,54,11,30
sf_276,10,10,832,482,54,12,30
sf_276,10,10,800,453,22,13,30
sf_276,10,10,832,482,54,14,30
sf_276,10,10,795,450,17,15,30
sf_276,10,10,829,478,51,3,31
sf_276,10,10,829,478,51,4,31
sf_276,10,10,829,480,51,5,31
sf_276,10,10,826,478,48,6,31
sf_276,10,10,829,478,51,8,31
sf_276,10,10,852,497,74,13,31
sf_276,10,10,829,478,51,12,31
sf_276,10,10,835,480,57,1,31
sf_276,10,10,835,481,57,14,31
sf_276,10,10,829,483,51,2,31
sf_276,10,10,829,481,51,15,31
sf_276,10,10,829,477,51,7,31
sf_276,10,10,829,478,51,9,31
sf_276,10,10,829,477,51,10,31
sf_276,10,10,829,480,51,11,31
sf_276,10,10,797,449,19,2,32
sf_276,10,10,797,448,19,7,32
sf_276,10,10,793,447,15,12,32
sf_276,10,10,793,447,15,15,32
sf_276,10,10,793,447,15,8,32
sf_276,10,10,797,448,19,1,32
sf_276,10,10,793,448,15,9,32
sf_276,10,10,792,446,14,10,32
sf_276,10,10,793,446,15,11,32
sf_276,10,10,793,448,15,3,32
sf_276,10,10,793,447,15,4,32
sf_276,10,10,797,448,19,13,32
sf_276,10,10,797,450,19,5,32
sf_276,10,10,793,446,15,14,32
sf_276,10,10,793,446,15,6,32
sf_276,10,10,824,465,46,1,33
sf_276,10,10,825,470,47,4,33
sf_276,10,10,825,466,47,6,33
sf_276,10,10,825,469,47,8,33
sf_276,10,10,831,471,53,2,33
sf_276,10,10,825,468,47,11,33
sf_276,10,10,839,479,61,3,33
sf_276,10,10,825,468,47,12,33
sf_276,10,10,812,451,34,10,33
sf_276,10,10,825,461,47,5,33
sf_276,10,10,826,466,48,13,33
sf_276,10,10,823,467,45,7,33
sf_276,10,10,812,454,34,9,33
sf_276,10,10,824,466,46,14,33
sf_276,10,10,822,464,44,15,33
sf_276,10,10,792,446,14,4,34
sf_276,10,10,792,445,14,2,34
sf_276,10,10,792,445,14,6,34
sf_276,10,10,792,446,14,3,34
sf_276,10,10,792,447,14,7,34
sf_276,10,10,792,447,14,12,34
sf_276,10,10,792,447,14,1,34
sf_276,10,10,792,445,14,5,34
sf_276,10,10,792,446,14,8,34
sf_276,10,10,792,446,14,10,34
sf_276,10,10,792,446,14,11,34
sf_276,10,10,792,447,14,15,34
sf_276,10,10,792,446,14,9,34
sf_276,10,10,792,447,14,13,34
sf_276,10,10,792,446,14,14,34
sf_276,10,10,837,486,59,1,35
sf_276,10,10,837,488,59,2,35
sf_276,10,10,837,490,59,3,35
sf_276,10,10,837,493,59,4,35
sf_276,10,10,826,467,48,5,35
sf_276,10,10,837,490,59,10,35
sf_276,10,10,837,485,59,6,35
sf_276,10,10,837,490,59,9,35
sf_276,10,10,837,484,59,7,35
sf_276,10,10,837,487,59,8,35
sf_276,10,10,837,489,59,11,35
sf_276,10,10,837,487,59,13,35
sf_276,10,10,837,485,59,12,35
sf_276,10,10,837,489,59,14,35
sf_276,10,10,837,491,59,15,35
sf_276,10,10,811,444,33,2,36
sf_276,10,10,836,478,58,1,36
sf_276,10,10,811,448,33,3,36
sf_276,10,10,811,445,33,4,36
sf_276,10,10,836,477,58,6,36
sf_276,10,10,836,481,58,5,36
sf_276,10,10,811,445,33,7,36
sf_276,10,10,836,477,58,8,36
sf_276,10,10,811,448,33,9,36
sf_276,10,10,811,450,33,10,36
sf_276,10,10,811,447,33,11,36
sf_276,10,10,811,445,33,12,36
sf_276,10,10,811,446,33,13,36
sf_276,10,10,811,447,33,14,36
sf_276,10,10,836,478,58,15,36
sf_276,10,10,831,479,53,5,37
sf_276,10,10,831,477,53,7,37
sf_276,10,10,833,478,55,8,37
sf_276,10,10,831,481,53,1,37
sf_276,10,10,831,477,53,9,37
sf_276,10,10,830,484,52,13,37
sf_276,10,10,831,478,53,14,37
sf_276,10,10,830,480,52,15,37
sf_276,10,10,835,484,57,2,37
sf_276,10,10,830,475,52,3,37
sf_276,10,10,835,483,57,4,37
sf_276,10,10,830,484,52,6,37
sf_276,10,10,835,471,57,10,37
sf_276,10,10,830,484,52,11,37
sf_276,10,10,835,478,57,12,37
sf_276,10,10,791,443,13,3,38
sf_276,10,10,791,444,13,5,38
sf_276,10,10,791,446,13,7,38
sf_276,10,10,791,444,13,9,38
sf_276,10,10,791,444,13,2,38
sf_276,10,10,791,446,13,1,38
sf_276,10,10,791,444,13,10,38
sf_276,10,10,791,444,13,15,38
sf_276,10,10,791,443,13,12,38
sf_276,10,10,791,444,13,13,38
sf_276,10,10,791,444,13,8,38
sf_276,10,10,791,445,13,4,38
sf_276,10,10,791,444,13,6,38
sf_276,10,10,791,445,13,14,38
sf_276,10,10,791,444,13,11,38
sf_276,10,10,829,477,51,2,39
sf_276,10,10,829,479,51,4,39
sf_276,10,10,829,476,51,5,39
sf_276,10,10,828,477,50,1,39
sf_276,10,10,829,476,51,6,39
sf_276,10,10,829,475,51,3,39
sf_276,10,10,829,474,51,7,39
sf_276,10,10,828,474,50,15,39
sf_276,10,10,829,478,51,9,39
sf_276,10,10,828,476,50,8,39
sf_276,10,10,829,476,51,10,39
sf_276,10,10,828,478,50,11,39
sf_276,10,10,828,477,50,12,39
sf_276,10,10,829,479,51,13,39
sf_276,10,10,829,474,51,14,39
sf_276,10,10,793,446,15,1,40
sf_276,10,10,793,446,15,4,40
sf_276,10,10,793,444,15,3,40
sf_276,10,10,793,447,15,5,40
sf_276,10,10,793,446,15,2,40
sf_276,10,10,793,445,15,8,40
sf_276,10,10,793,443,15,13,40
sf_276,10,10,793,446,15,15,40
sf_276,10,10,793,446,15,6,40
sf_276,10,10,793,447,15,7,40
sf_276,10,10,793,447,15,9,40
sf_276,10,10,793,445,15,10,40
sf_276,10,10,793,446,15,11,40
sf_276,10,10,793,447,15,12,40
sf_276,10,10,793,445,15,14,40
sf_276,10,10,799,454,21,6,41
sf_276,10,10,799,452,21,8,41
sf_276,10,10,799,454,21,9,41
sf_276,10,10,799,452,21,10,41
sf_276,10,10,799,453,21,11,41
sf_276,10,10,799,453,21,12,41
sf_276,10,10,799,450,21,13,41
sf_276,10,10,799,452,21,2,41
sf_276,10,10,799,453,21,1,41
sf_276,10,10,799,454,21,3,41
sf_276,10,10,799,453,21,4,41
sf_276,10,10,799,453,21,5,41
sf_276,10,10,799,452,21,14,41
sf_276,10,10,799,453,21,15,41
sf_276,10,10,799,452,21,7,41
sf_276,10,10,837,482,59,5,42
sf_276,10,10,850,502,72,6,42
sf_276,10,10,845,498,67,7,42
sf_276,10,10,851,502,73,9,42
sf_276,10,10,851,504,73,4,42
sf_276,10,10,827,472,49,10,42
sf_276,10,10,851,503,73,2,42
sf_276,10,10,846,496,68,3,42
sf_276,10,10,835,477,57,1,42
sf_276,10,10,848,505,70,14,42
sf_276,10,10,848,506,70,8,42
sf_276,10,10,845,492,67,15,42
sf_276,10,10,841,497,63,13,42
sf_276,10,10,851,504,73,11,42
sf_276,10,10,851,505,73,12,42
sf_276,10,10,798,448,20,5,43
sf_276,10,10,798,449,20,14,43
sf_276,10,10,798,450,20,9,43
sf_276,10,10,798,451,20,10,43
sf_276,10,10,798,450,20,8,43
sf_276,10,10,798,450,20,7,43
sf_276,10,10,798,450,20,6,43
sf_276,10,10,798,451,20,2,43
sf_276,10,10,798,450,20,12,43
sf_276,10,10,798,451,20,11,43
sf_276,10,10,798,451,20,1,43
sf_276,10,10,798,449,20,13,43
sf_276,10,10,798,451,20,15,43
sf_276,10,10,798,450,20,3,43
sf_276,10,10,798,450,20,4,43
sf_276,10,10,834,486,56,1,44
sf_276,10,10,834,485,56,10,44
sf_276,10,10,799,453,21,13,44
sf_276,10,10,834,487,56,9,44
sf_276,10,10,834,484,56,2,44
sf_276,10,10,799,451,21,14,44
sf_276,10,10,834,484,56,3,44
sf_276,10,10,834,483,56,4,44
sf_276,10,10,799,450,21,7,44
sf_276,10,10,834,486,56,11,44
sf_276,10,10,834,484,56,6,44
sf_276,10,10,834,485,56,5,44
sf_276,10,10,834,482,56,15,44
sf_276,10,10,834,480,56,12,44
sf_276,10,10,834,486,56,8,44
sf_276,10,10,831,480,53,1,45
sf_276,10,10,831,481,53,2,45
sf_276,10,10,831,478,53,10,45
sf_276,10,10,831,485,53,11,45
sf_276,10,10,831,482,53,4,45
sf_276,10,10,831,481,53,3,45
sf_276,10,10,831,479,53,6,45
sf_276,10,10,831,480,53,8,45
sf_276,10,10,831,481,53,7,45
sf_276,10,10,831,483,53,12,45
sf_276,10,10,831,483,53,5,45
sf_276,10,10,831,484,53,9,45
sf_276,10,10,831,484,53,13,45
sf_276,10,10,831,479,53,14,45
sf_276,10,10,831,480,53,15,45
sf_276,10,10,830,475,52,4,46
sf_276,10,10,830,477,52,7,46
sf_276,10,10,824,464,46,1,46
sf_276,10,10,824,465,46,2,46
sf_276,10,10,830,475,52,8,46
sf_276,10,10,830,473,52,6,46
sf_276,10,10,830,478,52,11,46
sf_276,10,10,830,480,52,12,46
sf_276,10,10,830,474,52,13,46
sf_276,10,10,830,474,52,3,46
sf_276,10,10,824,470,46,14,46
sf_276,10,10,824,466,46,15,46
sf_276,10,10,824,466,46,5,46
sf_276,10,10,824,463,46,9,46
sf_276,10,10,829,473,51,10,46
sf_276,10,10,807,445,29,2,47
sf_276,10,10,807,448,29,8,47
sf_276,10,10,807,446,29,1,47
sf_276,10,10,807,443,29,3,47
sf_276,10,10,807,444,29,4,47
sf_276,10,10,832,477,54,12,47
sf_276,10,10,807,441,29,7,47
sf_276,10,10,832,475,54,5,47
sf_276,10,10,807,442,29,9,47
sf_276,10,10,832,482,54,10,47
sf_276,10,10,807,444,29,11,47
sf_276,10,10,807,443,29,13,47
sf_276,10,10,832,483,54,15,47
sf_276,10,10,832,478,54,6,47
sf_276,10,10,832,475,54,14,47
sf_276,10,10,801,452,23,6,48
sf_276,10,10,801,453,23,7,48
sf_276,10,10,801,452,23,10,48
sf_276,10,10,815,464,37,1,48
sf_276,10,10,797,447,19,2,48
sf_276,10,10,815,467,37,3,48
sf_276,10,10,797,449,19,4,48
sf_276,10,10,797,451,19,5,48
sf_276,10,10,815,467,37,8,48
sf_276,10,10,815,465,37,9,48
sf_276,10,10,815,465,37,11,48
sf_276,10,10,797,448,19,12,48
sf_276,10,10,801,452,23,13,48
sf_276,10,10,815,468,37,15,48
sf_276,10,10,801,450,23,14,48
sf_276,10,10,831,480,53,4,49
sf_276,10,10,831,479,53,3,49
sf_276,10,10,831,481,53,6,49
sf_276,10,10,831,476,53,1,49
sf_276,10,10,831,483,53,7,49
sf_276,10,10,831,476,53,2,49
sf_276,10,10,831,477,53,14,49
sf_276,10,10,831,481,53,15,49
sf_276,10,10,831,479,53,5,49
sf_276,10,10,831,480,53,12,49
sf_276,10,10,831,479,53,13,49
sf_276,10,10,831,477,53,8,49
sf_276,10,10,831,478,53,9,49
sf_276,10,10,831,476,53,10,49
sf_276,10,10,831,479,53,11,49
sf_276,10,10,794,448,16,2,50
sf_276,10,10,794,448,16,3,50
sf_276,10,10,794,447,16,5,50
sf_276,10,10,794,447,16,1,50
sf_276,10,10,794,447,16,4,50
sf_276,10,10,794,446,16,6,50
sf_276,10,10,794,446,16,13,50
sf_276,10,10,794,447,16,14,50
sf_276,10,10,794,448,16,15,50
sf_276,10,10,794,447,16,7,50
sf_276,10,10,794,447,16,8,50
sf_276,10,10,794,447,16,9,50
sf_276,10,10,794,448,16,10,50
sf_276,10,10,794,447,16,11,50
sf_276,10,10,794,448,16,12,50
rd53_131,10,1,521,301,52,1,0
rd53_131,10,1,525,306,56,3,0
rd53_131,10,1,524,303,55,4,0
rd53_131,10,1,520,296,51,5,0
rd53_131,10,1,528,307,59,2,0
rd53_131,10,1,523,300,54,8,0
rd53_131,10,1,527,303,58,10,0
rd53_131,10,1,518,298,49,12,0
rd53_131,10,1,530,315,61,13,0
rd53_131,10,1,527,310,58,6,0
rd53_131,10,1,519,304,50,7,0
rd53_131,10,1,519,301,50,9,0
rd53_131,10,1,515,300,46,11,0
rd53_131,10,1,525,307,56,14,0
rd53_131,10,1,518,301,49,15,0
rd53_131,10,1,501,285,32,1,1
rd53_131,10,1,502,290,33,2,1
rd53_131,10,1,496,278,27,3,1
rd53_131,10,1,493,278,24,4,1
rd53_131,10,1,497,283,28,12,1
rd53_131,10,1,497,281,28,5,1
rd53_131,10,1,497,278,28,6,1
rd53_131,10,1,489,269,20,7,1
rd53_131,10,1,500,283,31,8,1
rd53_131,10,1,496,279,27,9,1
rd53_131,10,1,491,278,22,10,1
rd53_131,10,1,502,283,33,11,1
rd53_131,10,1,499,284,30,13,1
rd53_131,10,1,510,296,41,14,1
rd53_131,10,1,491,276,22,15,1
rd53_131,10,1,504,288,35,1,2
rd53_131,10,1,490,279,21,2,2
rd53_131,10,1,493,279,24,3,2
rd53_131,10,1,500,285,31,7,2
rd53_131,10,1,495,283,26,6,2
rd53_131,10,1,497,280,28,8,2
rd53_131,10,1,496,283,27,4,2
rd53_131,10,1,499,285,30,5,2
rd53_131,10,1,497,285,28,9,2
rd53_131,10,1,498,284,29,10,2
rd53_131,10,1,501,283,32,11,2
rd53_131,10,1,501,284,32,12,2
rd53_131,10,1,499,288,30,13,2
rd53_131,10,1,499,285,30,14,2
rd53_131,10,1,503,288,34,15,2
rd53_131,10,1,509,285,40,2,3
rd53_131,10,1,507,288,38,3,3
rd53_131,10,1,512,298,43,4,3
rd53_131,10,1,505,282,36,5,3
rd53_131,10,1,496,281,27,7,3
rd53_131,10,1,507,279,38,8,3
rd53_131,10,1,514,298,45,9,3
rd53_131,10,1,499,283,30,10,3
rd53_131,10,1,508,293,39,1,3
rd53_131,10,1,510,290,41,11,3
rd53_131,10,1,509,284,40,6,3
rd53_131,10,1,513,299,44,12,3
rd53_131,10,1,518,297,49,13,3
rd53_131,10,1,511,296,42,14,3
rd53_131,10,1,511,296,42,15,3
rd53_131,10,1,506,289,37,2,4
rd53_131,10,1,503,282,34,3,4
rd53_131,10,1,506,288,37,5,4
rd53_131,10,1,507,289,38,6,4
rd53_131,10,1,509,292,40,7,4
rd53_131,10,1,500,280,31,1,4
rd53_131,10,1,507,286,38,10,4
rd53_131,10,1,508,295,39,12,4
rd53_131,10,1,504,284,35,11,4
rd53_131,10,1,505,285,36,13,4
rd53_131,10,1,501,280,32,4,4
rd53_131,10,1,511,294,42,15,4
rd53_131,10,1,503,284,34,8,4
rd53_131,10,1,503,282,34,9,4
rd53_131,10,1,505,288,36,14,4
rd53_131,10,1,502,289,33,1,5
rd53_131,10,1,499,285,30,3,5
rd53_131,10,1,500,283,31,4,5
rd53_131,10,1,503,285,34,5,5
rd53_131,10,1,505,281,36,6,5
rd53_131,10,1,507,297,38,8,5
rd53_131,10,1,507,292,38,9,5
rd53_131,10,1,500,284,31,2,5
rd53_131,10,1,494,277,25,11,5
rd53_131,10,1,501,289,32,14,5
rd53_131,10,1,504,283,35,7,5
rd53_131,10,1,499,279,30,15,5
rd53_131,10,1,506,292,37,10,5
rd53_131,10,1,507,295,38,12,5
rd53_131,10,1,503,288,34,13,5
rd53_131,10,1,499,281,30,2,6
rd53_131,10,1,509,293,40,1,6
rd53_131,10,1,502,287,33,3,6
rd53_131,10,1,506,293,37,4,6
rd53_131,10,1,510,293,41,5,6
rd53_131,10,1,506,290,37,6,6
rd53_131,10,1,504,288,35,14,6
rd53_131,10,1,504,285,35,15,6
rd53_131,10,1,502,292,33,13,6
rd53_131,10,1,501,284,32,7,6
rd53_131,10,1,498,281,29,8,6
rd53_131,10,1,507,291,38,9,6
rd53_131,10,1,507,294,38,10,6
rd53_131,10,1,507,291,38,12,6
rd53_131,10,1,501,286,32,11,6
rd53_131,10,1,498,277,29,1,7
rd53_131,10,1,510,295,41,2,7
rd53_131,10,1,503,289,34,3,7
rd53_131,10,1,498,278,29,6,7
rd53_131,10,1,509,292,40,9,7
rd53_131,10,1,504,286,35,4,7
rd53_131,10,1,505,290,36,5,7
rd53_131,10,1,509,296,40,7,7
rd53_131,10,1,500,284,31,8,7
rd53_131,10,1,506,285,37,10,7
rd53_131,10,1,505,287,36,11,7
rd53_131,10,1,502,285,33,12,7
rd53_131,10,1,504,290,35,13,7
rd53_131,10,1,512,293,43,15,7
rd53_131,10,1,503,287,34,14,7
rd53_131,10,1,509,288,40,1,8
rd53_131,10,1,515,296,46,3,8
rd53_131,10,1,509,289,40,9,8
rd53_131,10,1,516,300,47,2,8
rd53_131,10,1,513,297,44,12,8
rd53_131,10,1,507,289,38,11,8
rd53_131,10,1,499,284,30,4,8
rd53_131,10,1,507,293,38,5,8
rd53_131,10,1,517,303,48,6,8
rd53_131,10,1,512,289,43,7,8
rd53_131,10,1,511,292,42,8,8
rd53_131,10,1,512,305,43,13,8
rd53_131,10,1,509,293,40,10,8
rd53_131,10,1,503,281,34,14,8
rd53_131,10,1,508,290,39,15,8
rd53_131,10,1,503,282,34,1,9
rd53_131,10,1,508,289,39,2,9
rd53_131,10,1,503,285,34,3,9
rd53_131,10,1,501,278,32,5,9
rd53_131,10,1,509,287,40,10,9
rd53_131,10,1,508,292,39,11,9
rd53_131,10,1,513,304,44,4,9
rd53_131,10,1,499,282,30,7,9
rd53_131,10,1,512,288,43,6,9
rd53_131,10,1,512,295,43,13,9
rd53_131,10,1,508,287,39,14,9
rd53_131,10,1,500,279,31,8,9
rd53_131,10,1,511,295,42,9,9
rd53_131,10,1,506,287,37,15,9
rd53_131,10,1,506,287,37,12,9
rd53_131,10,1,503,287,34,1,10
rd53_131,10,1,511,296,42,2,10
rd53_131,10,1,509,289,40,3,10
rd53_131,10,1,504,288,35,4,10
rd53_131,10,1,509,299,40,8,10
rd53_131,10,1,508,295,39,9,10
rd53_131,10,1,501,287,32,10,10
rd53_131,10,1,500,281,31,12,10
rd53_131,10,1,509,291,40,13,10
rd53_131,10,1,504,289,35,5,10
rd53_131,10,1,514,291,45,6,10
rd53_131,10,1,506,289,37,7,10
rd53_131,10,1,516,302,47,11,10
rd53_131,10,1,516,296,47,14,10
rd53_131,10,1,515,293,46,15,10
rd53_131,10,1,509,295,40,1,11
rd53_131,10,1,505,284,36,2,11
rd53_131,10,1,509,292,40,3,11
rd53_131,10,1,492,282,23,5,11
rd53_131,10,1,511,295,42,7,11
rd53_131,10,1,507,294,38,8,11
rd53_131,10,1,499,284,30,4,11
rd53_131,10,1,501,289,32,14,11
rd53_131,10,1,505,291,36,15,11
rd53_131,10,1,503,284,34,6,11
rd53_131,10,1,510,299,41,9,11
rd53_131,10,1,504,291,35,10,11
rd53_131,10,1,508,296,39,11,11
rd53_131,10,1,498,283,29,13,11
rd53_131,10,1,504,287,35,12,11
rd53_131,10,1,516,303,47,2,12
rd53_131,10,1,509,292,40,3,12
rd53_131,10,1,510,292,41,6,12
rd53_131,10,1,509,294,40,8,12
rd53_131,10,1,512,291,43,1,12
rd53_131,10,1,497,287,28,12,12
rd53_131,10,1,491,278,22,13,12
rd53_131,10,1,511,293,42,14,12
rd53_131,10,1,505,292,36,4,12
rd53_131,10,1,496,284,27,5,12
rd53_131,10,1,504,288,35,7,12
rd53_131,10,1,505,294,36,9,12
rd53_131,10,1,496,279,27,15,12
rd53_131,10,1,511,292,42,10,12
rd53_131,10,1,514,302,45,11,12
rd53_131,10,1,501,287,32,1,13
rd53_131,10,1,500,284,31,2,13
rd53_131,10,1,496,279,27,5,13
rd53_131,10,1,495,278,26,8,13
rd53_131,10,1,495,280,26,3,13
rd53_131,10,1,497,285,28,4,13
rd53_131,10,1,495,282,26,13,13
rd53_131,10,1,496,276,27,14,13
rd53_131,10,1,494,277,25,12,13
rd53_131,10,1,509,296,40,6,13
rd53_131,10,1,496,284,27,7,13
rd53_131,10,1,491,280,22,9,13
rd53_131,10,1,499,284,30,10,13
rd53_131,10,1,501,278,32,11,13
rd53_131,10,1,490,272,21,15,13
rd53_131,10,1,507,287,38,1,14
rd53_131,10,1,510,290,41,2,14
rd53_131,10,1,509,290,40,4,14
rd53_131,10,1,501,284,32,5,14
rd53_131,10,1,512,297,43,7,14
rd53_131,10,1,509,296,40,3,14
rd53_131,10,1,501,278,32,14,14
rd53_131,10,1,509,296,40,6,14
rd53_131,10,1,517,302,48,8,14
rd53_131,10,1,505,292,36,9,14
rd53_131,10,1,510,289,41,10,14
rd53_131,10,1,506,287,37,11,14
rd53_131,10,1,503,286,34,12,14
rd53_131,10,1,507,285,38,13,14
rd53_131,10,1,499,282,30,15,14
rd53_131,10,1,502,286,33,2,15
rd53_131,10,1,499,284,30,3,15
rd53_131,10,1,493,275,24,7,15
rd53_131,10,1,510,291,41,8,15
rd53_131,10,1,508,295,39,6,15
rd53_131,10,1,493,277,24,10,15
rd53_131,10,1,508,297,39,11,15
rd53_131,10,1,495,275,26,12,15
rd53_131,10,1,497,280,28,1,15
rd53_131,10,1,498,279,29,13,15
rd53_131,10,1,495,278,26,14,15
rd53_131,10,1,507,288,38,4,15
rd53_131,10,1,500,288,31,5,15
rd53_131,10,1,503,286,34,9,15
rd53_131,10,1,505,293,36,15,15
rd53_131,10,1,516,297,47,1,16
rd53_131,10,1,512,292,43,2,16
rd53_131,10,1,508,289,39,3,16
rd53_131,10,1,506,290,37,5,16
rd53_131,10,1,505,286,36,7,16
rd53_131,10,1,508,293,39,8,16
rd53_131,10,1,515,298,46,9,16
rd53_131,10,1,507,293,38,4,16
rd53_131,10,1,506,288,37,15,16
rd53_131,10,1,510,289,41,6,16
rd53_131,10,1,509,295,40,10,16
rd53_131,10,1,502,281,33,11,16
rd53_131,10,1,511,288,42,12,16
rd53_131,10,1,514,294,45,13,16
rd53_131,10,1,511,290,42,14,16
rd53_131,10,1,500,287,31,1,17
rd53_131,10,1,504,285,35,2,17
rd53_131,10,1,504,292,35,4,17
rd53_131,10,1,498,283,29,5,17
rd53_131,10,1,504,288,35,6,17
rd53_131,10,1,501,287,32,3,17
rd53_131,10,1,501,285,32,8,17
rd53_131,10,1,503,293,34,13,17
rd53_131,10,1,502,283,33,14,17
rd53_131,10,1,500,281,31,15,17
rd53_131,10,1,497,284,28,7,17
rd53_131,10,1,501,281,32,9,17
rd53_131,10,1,501,282,32,10,17
rd53_131,10,1,501,285,32,11,17
rd53_131,10,1,500,283,31,12,17
rd53_131,10,1,504,294,35,1,18
rd53_131,10,1,510,295,41,2,18
rd53_131,10,1,517,305,48,4,18
rd53_131,10,1,512,294,43,8,18
rd53_131,10,1,508,292,39,10,18
rd53_131,10,1,509,293,40,3,18
rd53_131,10,1,497,284,28,14,18
rd53_131,10,1,504,286,35,5,18
rd53_131,10,1,508,295,39,15,18
rd53_131,10,1,515,294,46,6,18
rd53_131,10,1,508,293,39,7,18
rd53_131,10,1,508,286,39,9,18
rd53_131,10,1,503,289,34,11,18
rd53_131,10,1,512,301,43,12,18
rd53_131,10,1,497,286,28,13,18
rd53_131,10,1,506,293,37,1,19
rd53_131,10,1,509,292,40,2,19
rd53_131,10,1,510,298,41,3,19
rd53_131,10,1,507,295,38,4,19
rd53_131,10,1,509,296,40,5,19
rd53_131,10,1,508,291,39,7,19
rd53_131,10,1,508,295,39,8,19
rd53_131,10,1,510,298,41,11,19
rd53_131,10,1,511,298,42,12,19
rd53_131,10,1,508,292,39,13,19
rd53_131,10,1,508,290,39,15,19
rd53_131,10,1,509,298,40,6,19
rd53_131,10,1,509,297,40,9,19
rd53_131,10,1,506,294,37,10,19
rd53_131,10,1,504,286,35,14,19
rd53_131,10,1,499,290,30,1,20
rd53_131,10,1,505,288,36,2,20
rd53_131,10,1,500,282,31,4,20
rd53_131,10,1,499,286,30,5,20
rd53_131,10,1,510,291,41,6,20
rd53_131,10,1,508,291,39,7,20
rd53_131,10,1,503,289,34,8,20
rd53_131,10,1,505,292,36,12,20
rd53_131,10,1,503,285,34,3,20
rd53_131,10,1,506,291,37,15,20
rd53_131,10,1,508,297,39,9,20
rd53_131,10,1,499,279,30,10,20
rd53_131,10,1,502,286,33,11,20
rd53_131,10,1,504,289,35,13,20
rd53_131,10,1,506,290,37,14,20
rd53_131,10,1,498,283,29,2,21
rd53_131,10,1,515,296,46,4,21
rd53_131,10,1,512,291,43,5,21
rd53_131,10,1,521,316,52,7,21
rd53_131,10,1,503,291,34,6,21
rd53_131,10,1,511,294,42,1,21
rd53_131,10,1,516,301,47,3,21
rd53_131,10,1,514,292,45,12,21
rd53_131,10,1,518,292,49,13,21
rd53_131,10,1,509,290,40,8,21
rd53_131,10,1,513,302,44,14,21
rd53_131,10,1,510,294,41,9,21
rd53_131,10,1,506,291,37,10,21
rd53_131,10,1,518,297,49,15,21
rd53_131,10,1,504,290,35,11,21
rd53_131,10,1,496,288,27,3,22
rd53_131,10,1,495,282,26,4,22
rd53_131,10,1,498,289,29,5,22
rd53_131,10,1,501,290,32,7,22
rd53_131,10,1,494,286,25,1,22
rd53_131,10,1,495,285,26,2,22
rd53_131,10,1,505,293,36,12,22
rd53_131,10,1,496,286,27,13,22
rd53_131,10,1,496,285,27,15,22
rd53_131,10,1,499,285,30,6,22
rd53_131,10,1,497,284,28,8,22
rd53_131,10,1,495,285,26,9,22
rd53_131,10,1,494,283,25,10,22
rd53_131,10,1,501,288,32,11,22
rd53_131,10,1,502,294,33,14,22
rd53_131,10,1,497,279,28,1,23
rd53_131,10,1,500,284,31,2,23
rd53_131,10,1,507,293,38,3,23
rd53_131,10,1,504,287,35,4,23
rd53_131,10,1,503,289,34,5,23
rd53_131,10,1,504,283,35,6,23
rd53_131,10,1,501,280,32,11,23
rd53_131,10,1,506,289,37,7,23
rd53_131,10,1,499,279,30,8,23
rd53_131,10,1,503,287,34,9,23
rd53_131,10,1,500,287,31,10,23
rd53_131,10,1,500,284,31,12,23
rd53_131,10,1,500,284,31,13,23
rd53_131,10,1,495,282,26,14,23
rd53_131,10,1,509,289,40,15,23
rd53_131,10,1,496,283,27,6,24
rd53_131,10,1,498,280,29,7,24
rd53_131,10,1,511,292,42,1,24
rd53_131,10,1,512,291,43,3,24
rd53_131,10,1,509,296,40,2,24
rd53_131,10,1,498,283,29,5,24
rd53_131,10,1,506,294,37,4,24
rd53_131,10,1,509,292,40,8,24
rd53_131,10,1,507,291,38,9,24
rd53_131,10,1,497,282,28,10,24
rd53_131,10,1,498,280,29,11,24
rd53_131,10,1,506,289,37,12,24
rd53_131,10,1,512,290,43,13,24
rd53_131,10,1,508,293,39,14,24
rd53_131,10,1,496,280,27,15,24
rd53_131,10,1,498,282,29,1,25
rd53_131,10,1,499,282,30,4,25
rd53_131,10,1,506,285,37,5,25
rd53_131,10,1,504,293,35,8,25
rd53_131,10,1,496,280,27,9,25
rd53_131,10,1,498,282,29,10,25
rd53_131,10,1,500,287,31,2,25
rd53_131,10,1,498,287,29,12,25
rd53_131,10,1,499,281,30,11,25
rd53_131,10,1,498,287,29,13,25
rd53_131,10,1,499,283,30,14,25
rd53_131,10,1,507,287,38,15,25
rd53_131,10,1,497,278,28,6,25
rd53_131,10,1,499,280,30,3,25
rd53_131,10,1,502,283,33,7,25
rd53_131,10,1,507,290,38,1,26
rd53_131,10,1,515,300,46,2,26
rd53_131,10,1,515,290,46,7,26
rd53_131,10,1,514,296,45,3,26
rd53_131,10,1,518,295,49,4,26
rd53_131,10,1,516,300,47,10,26
rd53_131,10,1,520,302,51,5,26
rd53_131,10,1,503,282,34,12,26
rd53_131,10,1,520,295,51,6,26
rd53_131,10,1,520,304,51,13,26
rd53_131,10,1,515,293,46,14,26
rd53_131,10,1,519,294,50,8,26
rd53_131,10,1,506,284,37,9,26
rd53_131,10,1,516,297,47,11,26
rd53_131,10,1,517,298,48,15,26
rd53_131,10,1,508,286,39,2,27
rd53_131,10,1,503,288,34,6,27
rd53_131,10,1,506,284,37,9,27
rd53_131,10,1,509,295,40,1,27
rd53_131,10,1,506,291,37,3,27
rd53_131,10,1,511,291,42,4,27
rd53_131,10,1,506,291,37,5,27
rd53_131,10,1,506,282,37,7,27
rd53_131,10,1,506,289,37,12,27
rd53_131,10,1,505,289,36,8,27
rd53_131,10,1,506,282,37,13,27
rd53_131,10,1,502,276,33,10,27
rd53_131,10,1,506,291,37,11,27
rd53_131,10,1,509,294,40,14,27
rd53_131,10,1,508,292,39,15,27
rd53_131,10,1,494,276,25,1,28
rd53_131,10,1,502,282,33,2,28
rd53_131,10,1,505,287,36,4,28
rd53_131,10,1,501,282,32,7,28
rd53_131,10,1,515,294,46,9,28
rd53_131,10,1,500,279,31,3,28
rd53_131,10,1,495,275,26,13,28
rd53_131,10,1,506,288,37,14,28
rd53_131,10,1,502,290,33,15,28
rd53_131,10,1,510,289,41,5,28
rd53_131,10,1,510,287,41,12,28
rd53_131,10,1,512,285,43,6,28
rd53_131,10,1,505,282,36,8,28
rd53_131,10,1,502,285,33,10,28
rd53_131,10,1,506,282,37,11,28
rd53_131,10,1,511,294,42,4,29
rd53_131,10,1,509,291,40,5,29
rd53_131,10,1,513,293,44,8,29
rd53_131,10,1,503,282,34,10,29
rd53_131,10,1,507,291,38,1,29
rd53_131,10,1,514,297,45,2,29
rd53_131,10,1,509,290,40,3,29
rd53_131,10,1,519,287,50,9,29
rd53_131,10,1,514,296,45,15,29
rd53_131,10,1,517,294,48,6,29
rd53_131,10,1,517,292,48,7,29
rd53_131,10,1,501,279,32,11,29
rd53_131,10,1,516,296,47,12,29
rd53_131,10,1,515,295,46,13,29
rd53_131,10,1,506,285,37,14,29
rd53_131,10,1,507,291,38,2,30
rd53_131,10,1,502,288,33,1,30
rd53_131,10,1,503,284,34,3,30
rd53_131,10,1,513,293,44,5,30
rd53_131,10,1,507,283,38,8,30
rd53_131,10,1,509,296,40,11,30
rd53_131,10,1,507,294,38,12,30
rd53_131,10,1,504,286,35,4,30
rd53_131,10,1,508,283,39,14,30
rd53_131,10,1,509,293,40,15,30
rd53_131,10,1,515,298,46,6,30
rd53_131,10,1,503,282,34,7,30
rd53_131,10,1,506,288,37,9,30
rd53_131,10,1,507,290,38,10,30
rd53_131,10,1,507,293,38,13,30
rd53_131,10,1,507,290,38,1,31
rd53_131,10,1,505,285,36,3,31
rd53_131,10,1,493,268,24,9,31
rd53_131,10,1,506,287,37,2,31
rd53_131,10,1,509,291,40,5,31
rd53_131,10,1,511,290,42,11,31
rd53_131,10,1,505,291,36,13,31
rd53_131,10,1,516,296,47,4,31
rd53_131,10,1,500,279,31,6,31
rd53_131,10,1,504,283,35,7,31
rd53_131,10,1,502,284,33,15,31
rd53_131,10,1,506,287,37,8,31
rd53_131,10,1,499,280,30,10,31
rd53_131,10,1,510,294,41,12,31
rd53_131,10,1,497,282,28,14,31
rd53_131,10,1,492,276,23,1,32
rd53_131,10,1,503,288,34,2,32
rd53_131,10,1,492,276,23,3,32
rd53_131,10,1,496,278,27,6,32
rd53_131,10,1,503,283,34,7,32
rd53_131,10,1,496,280,27,8,32
rd53_131,10,1,501,288,32,9,32
rd53_131,10,1,497,282,28,4,32
rd53_131,10,1,499,281,30,14,32
rd53_131,10,1,501,287,32,15,32
rd53_131,10,1,494,279,25,5,32
rd53_131,10,1,490,273,21,10,32
rd53_131,10,1,498,284,29,11,32
rd53_131,10,1,498,287,29,12,32
rd53_131,10,1,501,288,32,13,32
rd53_131,10,1,507,290,38,1,33
rd53_131,10,1,500,283,31,3,33
rd53_131,10,1,500,283,31,4,33
rd53_131,10,1,506,287,37,5,33
rd53_131,10,1,504,286,35,8,33
rd53_131,10,1,505,290,36,9,33
rd53_131,10,1,505,285,36,10,33
rd53_131,10,1,495,271,26,11,33
rd53_131,10,1,499,285,30,2,33
rd53_131,10,1,503,290,34,13,33
rd53_131,10,1,505,280,36,14,33
rd53_131,10,1,505,290,36,15,33
rd53_131,10,1,499,278,30,6,33
rd53_131,10,1,502,282,33,7,33
rd53_131,10,1,506,287,37,12,33
rd53_131,10,1,512,294,43,1,34
rd53_131,10,1,503,285,34,4,34
rd53_131,10,1,503,285,34,8,34
rd53_131,10,1,502,287,33,7,34
rd53_131,10,1,506,284,37,2,34
rd53_131,10,1,500,278,31,3,34
rd53_131,10,1,508,290,39,5,34
rd53_131,10,1,502,286,33,6,34
rd53_131,10,1,512,292,43,9,34
rd53_131,10,1,504,285,35,10,34
rd53_131,10,1,505,285,36,11,34
rd53_131,10,1,504,283,35,12,34
rd53_131,10,1,503,286,34,13,34
rd53_131,10,1,512,291,43,14,34
rd53_131,10,1,506,285,37,15,34
rd53_131,10,1,503,291,34,1,35
rd53_131,10,1,494,283,25,3,35
rd53_131,10,1,508,291,39,9,35
rd53_131,10,1,498,287,29,10,35
rd53_131,10,1,496,285,27,2,35
rd53_131,10,1,503,290,34,4,35
rd53_131,10,1,497,285,28,5,35
rd53_131,10,1,502,287,33,12,35
rd53_131,10,1,491,281,22,6,35
rd53_131,10,1,506,294,37,13,35
rd53_131,10,1,499,286,30,7,35
rd53_131,10,1,503,285,34,14,35
rd53_131,10,1,504,292,35,8,35
rd53_131,10,1,504,285,35,15,35
rd53_131,10,1,501,284,32,11,35
rd53_131,10,1,512,288,43,1,36
rd53_131,10,1,508,287,39,2,36
rd53_131,10,1,500,285,31,3,36
rd53_131,10,1,503,284,34,4,36
rd53_131,10,1,496,275,27,5,36
rd53_131,10,1,511,294,42,6,36
rd53_131,10,1,511,289,42,10,36
rd53_131,10,1,509,291,40,12,36
rd53_131,10,1,495,271,26,13,36
rd53_131,10,1,506,283,37,14,36
rd53_131,10,1,506,284,37,15,36
rd53_131,10,1,519,303,50,7,36
rd53_131,10,1,511,289,42,8,36
rd53_131,10,1,515,299,46,9,36
rd53_131,10,1,498,284,29,11,36
rd53_131,10,1,505,290,36,1,37
rd53_131,10,1,507,290,38,5,37
rd53_131,10,1,508,292,39,7,37
rd53_131,10,1,501,287,32,8,37
rd53_131,10,1,508,291,39,2,37
rd53_131,10,1,505,289,36,3,37
rd53_131,10,1,508,290,39,4,37
rd53_131,10,1,508,291,39,12,37
rd53_131,10,1,506,286,37,6,37
rd53_131,10,1,499,284,30,11,37
rd53_131,10,1,506,281,37,9,37
rd53_131,10,1,501,281,32,13,37
rd53_131,10,1,509,289,40,10,37
rd53_131,10,1,496,284,27,14,37
rd53_131,10,1,503,289,34,15,37
rd53_131,10,1,507,296,38,1,38
rd53_131,10,1,502,284,33,3,38
rd53_131,10,1,498,284,29,4,38
rd53_131,10,1,504,283,35,6,38
rd53_131,10,1,506,289,37,7,38
rd53_131,10,1,501,285,32,8,38
rd53_131,10,1,496,279,27,2,38
rd53_131,10,1,502,287,33,5,38
rd53_131,10,1,509,292,40,13,38
rd53_131,10,1,507,288,38,14,38
rd53_131,10,1,495,273,26,12,38
rd53_131,10,1,500,284,31,9,38
rd53_131,10,1,496,282,27,15,38
rd53_131,10,1,503,291,34,10,38
rd53_131,10,1,498,281,29,11,38
rd53_131,10,1,494,279,25,1,39
rd53_131,10,1,508,293,39,2,39
rd53_131,10,1,499,279,30,3,39
rd53_131,10,1,507,295,38,4,39
rd53_131,10,1,505,282,36,5,39
rd53_131,10,1,506,285,37,6,39
rd53_131,10,1,501,284,32,9,39
rd53_131,10,1,493,274,24,12,39
rd53_131,10,1,505,291,36,11,39
rd53_131,10,1,500,285,31,13,39
rd53_131,10,1,500,281,31,14,39
rd53_131,10,1,504,287,35,7,39
rd53_131,10,1,509,295,40,8,39
rd53_131,10,1,502,283,33,10,39
rd53_131,10,1,504,292,35,15,39
rd53_131,10,1,508,290,39,1,40
rd53_131,10,1,505,281,36,2,40
rd53_131,10,1,500,281,31,4,40
rd53_131,10,1,497,279,28,3,40
rd53_131,10,1,508,287,39,5,40
rd53_131,10,1,509,290,40,6,40
rd53_131,10,1,508,295,39,7,40
rd53_131,10,1,501,286,32,14,40
rd53_131,10,1,503,287,34,8,40
rd53_131,10,1,498,279,29,9,40
rd53_131,10,1,507,283,38,10,40
rd53_131,10,1,498,280,29,15,40
rd53_131,10,1,506,288,37,11,40
rd53_131,10,1,510,295,41,12,40
rd53_131,10,1,498,281,29,13,40
rd53_131,10,1,516,301,47,1,41
rd53_131,10,1,516,294,47,3,41
rd53_131,10,1,502,284,33,4,41
rd53_131,10,1,517,300,48,5,41
rd53_131,10,1,505,287,36,6,41
rd53_131,10,1,514,290,45,7,41
rd53_131,10,1,513,291,44,10,41
rd53_131,10,1,514,290,45,11,41
rd53_131,10,1,512,295,43,12,41
rd53_131,10,1,518,306,49,2,41
rd53_131,10,1,500,281,31,9,41
rd53_131,10,1,500,282,31,8,41
rd53_131,10,1,519,296,50,13,41
rd53_131,10,1,500,277,31,14,41
rd53_131,10,1,513,296,44,15,41
rd53_131,10,1,505,286,36,2,42
rd53_131,10,1,496,283,27,4,42
rd53_131,10,1,497,277,28,6,42
rd53_131,10,1,502,289,33,7,42
rd53_131,10,1,498,282,29,8,42
rd53_131,10,1,498,287,29,10,42
rd53_131,10,1,505,289,36,1,42
rd53_131,10,1,498,282,29,3,42
rd53_131,10,1,500,285,31,12,42
rd53_131,10,1,499,281,30,5,42
rd53_131,10,1,500,281,31,15,42
rd53_131,10,1,498,281,29,9,42
rd53_131,10,1,504,297,35,11,42
rd53_131,10,1,500,282,31,13,42
rd53_131,10,1,500,283,31,14,42
rd53_131,10,1,514,297,45,1,43
rd53_131,10,1,512,303,43,2,43
rd53_131,10,1,516,302,47,3,43
rd53_131,10,1,507,294,38,5,43
rd53_131,10,1,515,303,46,6,43
rd53_131,10,1,514,299,45,7,43
rd53_131,10,1,515,303,46,9,43
rd53_131,10,1,516,303,47,10,43
rd53_131,10,1,507,292,38,12,43
rd53_131,10,1,508,294,39,13,43
rd53_131,10,1,512,301,43,4,43
rd53_131,10,1,515,301,46,8,43
rd53_131,10,1,511,297,42,11,43
rd53_131,10,1,513,299,44,14,43
rd53_131,10,1,512,299,43,15,43
rd53_131,10,1,506,286,37,1,44
rd53_131,10,1,501,282,32,2,44
rd53_131,10,1,513,295,44,3,44
rd53_131,10,1,499,283,30,4,44
rd53_131,10,1,505,292,36,5,44
rd53_131,10,1,508,285,39,6,44
rd53_131,10,1,507,293,38,7,44
rd53_131,10,1,500,288,31,8,44
rd53_131,10,1,500,284,31,12,44
rd53_131,10,1,501,284,32,13,44
rd53_131,10,1,497,276,28,14,44
rd53_131,10,1,491,274,22,15,44
rd53_131,10,1,497,283,28,9,44
rd53_131,10,1,506,289,37,10,44
rd53_131,10,1,505,293,36,11,44
rd53_131,10,1,507,292,38,1,45
rd53_131,10,1,501,290,32,2,45
rd53_131,10,1,499,284,30,5,45
rd53_131,10,1,510,297,41,6,45
rd53_131,10,1,507,294,38,7,45
rd53_131,10,1,504,290,35,8,45
rd53_131,10,1,507,294,38,9,45
rd53_131,10,1,504,293,35,3,45
rd53_131,10,1,507,288,38,14,45
rd53_131,10,1,505,288,36,15,45
rd53_131,10,1,504,287,35,4,45
rd53_131,10,1,503,290,34,13,45
rd53_131,10,1,509,296,40,10,45
rd53_131,10,1,506,292,37,11,45
rd53_131,10,1,515,297,46,12,45
rd53_131,10,1,514,295,45,1,46
rd53_131,10,1,503,291,34,2,46
rd53_131,10,1,500,282,31,3,46
rd53_131,10,1,515,298,46,4,46
rd53_131,10,1,508,291,39,5,46
rd53_131,10,1,498,281,29,6,46
rd53_131,10,1,504,284,35,7,46
rd53_131,10,1,502,281,33,8,46
rd53_131,10,1,509,289,40,14,46
rd53_131,10,1,502,291,33,13,46
rd53_131,10,1,500,281,31,9,46
rd53_131,10,1,504,286,35,10,46
rd53_131,10,1,510,295,41,11,46
rd53_131,10,1,504,282,35,12,46
rd53_131,10,1,501,284,32,15,46
rd53_131,10,1,500,283,31,2,47
rd53_131,10,1,497,285,28,3,47
rd53_131,10,1,505,289,36,4,47
rd53_131,10,1,491,273,22,7,47
rd53_131,10,1,493,276,24,8,47
rd53_131,10,1,496,279,27,9,47
rd53_131,10,1,500,283,31,1,47
rd53_131,10,1,490,276,21,12,47
rd53_131,10,1,504,286,35,13,47
rd53_131,10,1,494,278,25,15,47
rd53_131,10,1,502,288,33,5,47
rd53_131,10,1,490,278,21,6,47
rd53_131,10,1,494,278,25,10,47
rd53_131,10,1,493,277,24,11,47
rd53_131,10,1,497,287,28,14,47
rd53_131,10,1,507,287,38,1,48
rd53_131,10,1,512,287,43,5,48
rd53_131,10,1,498,283,29,2,48
rd53_131,10,1,498,279,29,3,48
rd53_131,10,1,500,285,31,4,48
rd53_131,10,1,509,285,40,12,48
rd53_131,10,1,504,288,35,7,48
rd53_131,10,1,489,273,20,8,48
rd53_131,10,1,503,283,34,9,48
rd53_131,10,1,491,275,22,6,48
rd53_131,10,1,508,286,39,13,48
rd53_131,10,1,499,280,30,14,48
rd53_131,10,1,504,295,35,11,48
rd53_131,10,1,497,274,28,10,48
rd53_131,10,1,503,293,34,15,48
rd53_131,10,1,501,285,32,1,49
rd53_131,10,1,495,282,26,2,49
rd53_131,10,1,510,294,41,3,49
rd53_131,10,1,502,286,33,4,49
rd53_131,10,1,495,279,26,6,49
rd53_131,10,1,507,292,38,7,49
rd53_131,10,1,510,294,41,8,49
rd53_131,10,1,505,294,36,9,49
rd53_131,10,1,507,295,38,12,49
rd53_131,10,1,508,293,39,5,49
rd53_131,10,1,503,285,34,13,49
rd53_131,10,1,505,287,36,14,49
rd53_131,10,1,507,293,38,10,49
rd53_131,10,1,509,290,40,15,49
rd53_131,10,1,507,294,38,11,49
rd53_131,10,1,491,274,22,1,50
rd53_131,10,1,503,287,34,2,50
rd53_131,10,1,508,288,39,3,50
rd53_131,10,1,501,284,32,4,50
rd53_131,10,1,511,289,42,5,50
rd53_131,10,1,499,277,30,7,50
rd53_131,10,1,511,288,42,8,50
rd53_131,10,1,499,282,30,9,50
rd53_131,10,1,512,295,43,12,50
rd53_131,10,1,513,299,44,11,50
rd53_131,10,1,507,292,38,13,50
rd53_131,10,1,516,293,47,14,50
rd53_131,10,1,505,285,36,6,50
rd53_131,10,1,496,278,27,10,50
rd53_131,10,1,503,285,34,15,50
rd53_251,10,20,1414,816,123,1,0
rd53_251,10,20,1395,798,104,2,0
rd53_251,10,20,1383,793,92,3,0
rd53_251,10,20,1401,810,110,4,0
rd53_251,10,20,1395,802,104,7,0
rd53_251,10,20,1391,786,100,6,0
rd53_251,10,20,1403,800,112,13,0
rd53_251,10,20,1400,796,109,12,0
rd53_251,10,20,1394,785,103,5,0
rd53_251,10,20,1417,804,126,9,0
rd53_251,10,20,1394,797,103,8,0
rd53_251,10,20,1395,787,104,11,0
rd53_251,10,20,1402,800,111,10,0
rd53_251,10,20,1404,807,113,14,0
rd53_251,10,20,1393,799,102,15,0
rd53_251,10,20,1368,778,77,1,1
rd53_251,10,20,1361,775,70,2,1
rd53_251,10,20,1369,780,78,3,1
rd53_251,10,20,1388,789,97,4,1
rd53_251,10,20,1390,801,99,6,1
rd53_251,10,20,1358,771,67,5,1
rd53_251,10,20,1364,775,73,7,1
rd53_251,10,20,1369,779,78,8,1
rd53_251,10,20,1361,769,70,9,1
rd53_251,10,20,1356,770,65,10,1
rd53_251,10,20,1358,764,67,11,1
rd53_251,10,20,1370,779,79,14,1
rd53_251,10,20,1368,769,77,12,1
rd53_251,10,20,1370,776,79,13,1
rd53_251,10,20,1375,784,84,15,1
rd53_251,10,20,1383,780,92,3,2
rd53_251,10,20,1372,782,81,4,2
rd53_251,10,20,1391,793,100,5,2
rd53_251,10,20,1381,789,90,6,2
rd53_251,10,20,1375,786,84,7,2
rd53_251,10,20,1373,764,82,9,2
rd53_251,10,20,1365,764,74,8,2
rd53_251,10,20,1373,784,82,12,2
rd53_251,10,20,1366,767,75,1,2
rd53_251,10,20,1375,782,84,13,2
rd53_251,10,20,1386,789,95,14,2
rd53_251,10,20,1394,786,103,15,2
rd53_251,10,20,1379,782,88,2,2
rd53_251,10,20,1400,818,109,10,2
rd53_251,10,20,1383,778,92,11,2
rd53_251,10,20,1364,767,73,1,3
rd53_251,10,20,1376,776,85,8,3
rd53_251,10,20,1376,772,85,9,3
rd53_251,10,20,1378,782,87,10,3
rd53_251,10,20,1379,789,88,2,3
rd53_251,10,20,1369,764,78,12,3
rd53_251,10,20,1369,777,78,14,3
rd53_251,10,20,1382,779,91,13,3
rd53_251,10,20,1370,774,79,15,3
rd53_251,10,20,1374,785,83,3,3
rd53_251,10,20,1372,773,81,4,3
rd53_251,10,20,1382,783,91,5,3
rd53_251,10,20,1370,778,79,11,3
rd53_251,10,20,1375,770,84,6,3
rd53_251,10,20,1383,780,92,7,3
rd53_251,10,20,1384,791,93,6,4
rd53_251,10,20,1373,776,82,7,4
rd53_251,10,20,1373,773,82,1,4
rd53_251,10,20,1379,791,88,8,4
rd53_251,10,20,1364,768,73,10,4
rd53_251,10,20,1412,810,121,4,4
rd53_251,10,20,1411,813,120,3,4
rd53_251,10,20,1365,769,74,5,4
rd53_251,10,20,1394,798,103,13,4
rd53_251,10,20,1369,786,78,12,4
rd53_251,10,20,1374,781,83,14,4
rd53_251,10,20,1369,773,78,11,4
rd53_251,10,20,1379,783,88,9,4
rd53_251,10,20,1375,784,84,2,4
rd53_251,10,20,1388,802,97,15,4
rd53_251,10,20,1394,804,103,4,5
rd53_251,10,20,1379,785,88,1,5
rd53_251,10,20,1402,809,111,5,5
rd53_251,10,20,1378,788,87,10,5
rd53_251,10,20,1398,811,107,2,5
rd53_251,10,20,1385,791,94,9,5
rd53_251,10,20,1388,793,97,11,5
rd53_251,10,20,1388,801,97,12,5
rd53_251,10,20,1407,824,116,13,5
rd53_251,10,20,1385,791,94,14,5
rd53_251,10,20,1398,816,107,15,5
rd53_251,10,20,1367,783,76,6,5
rd53_251,10,20,1368,777,77,7,5
rd53_251,10,20,1396,804,105,3,5
rd53_251,10,20,1373,793,82,8,5
rd53_251,10,20,1409,821,118,1,6
rd53_251,10,20,1378,792,87,9,6
rd53_251,10,20,1375,786,84,3,6
rd53_251,10,20,1370,778,79,2,6
rd53_251,10,20,1404,815,113,4,6
rd53_251,10,20,1399,818,108,5,6
rd53_251,10,20,1402,818,111,15,6
rd53_251,10,20,1388,805,97,13,6
rd53_251,10,20,1401,819,110,7,6
rd53_251,10,20,1409,821,118,11,6
rd53_251,10,20,1402,818,111,6,6
rd53_251,10,20,1383,797,92,8,6
rd53_251,10,20,1398,806,107,10,6
rd53_251,10,20,1398,815,107,12,6
rd53_251,10,20,1403,811,112,14,6
rd53_251,10,20,1379,781,88,1,7
rd53_251,10,20,1383,796,92,6,7
rd53_251,10,20,1367,771,76,7,7
rd53_251,10,20,1360,769,69,3,7
rd53_251,10,20,1364,773,73,2,7
rd53_251,10,20,1363,770,72,4,7
rd53_251,10,20,1360,773,69,5,7
rd53_251,10,20,1378,784,87,9,7
rd53_251,10,20,1380,781,89,8,7
rd53_251,10,20,1386,792,95,10,7
rd53_251,10,20,1383,789,92,11,7
rd53_251,10,20,1370,783,79,13,7
rd53_251,10,20,1382,775,91,12,7
rd53_251,10,20,1361,771,70,14,7
rd53_251,10,20,1368,781,77,15,7
rd53_251,10,20,1369,786,78,2,8
rd53_251,10,20,1371,784,80,6,8
rd53_251,10,20,1361,760,70,9,8
rd53_251,10,20,1367,769,76,10,8
rd53_251,10,20,1360,754,69,1,8
rd53_251,10,20,1364,764,73,8,8
rd53_251,10,20,1371,766,80,3,8
rd53_251,10,20,1356,760,65,5,8
rd53_251,10,20,1358,756,67,12,8
rd53_251,10,20,1387,788,96,13,8
rd53_251,10,20,1381,792,90,14,8
rd53_251,10,20,1376,778,85,7,8
rd53_251,10,20,1377,775,86,15,8
rd53_251,10,20,1380,784,89,11,8
rd53_251,10,20,1396,782,105,4,8
rd53_251,10,20,1398,798,107,1,9
rd53_251,10,20,1385,784,94,2,9
rd53_251,10,20,1402,804,111,8,9
rd53_251,10,20,1380,777,89,11,9
rd53_251,10,20,1405,797,114,5,9
rd53_251,10,20,1391,788,100,3,9
rd53_251,10,20,1398,789,107,12,9
rd53_251,10,20,1393,790,102,10,9
rd53_251,10,20,1408,804,117,13,9
rd53_251,10,20,1401,796,110,4,9
rd53_251,10,20,1386,778,95,9,9
rd53_251,10,20,1381,780,90,6,9
rd53_251,10,20,1396,806,105,14,9
rd53_251,10,20,1394,791,103,7,9
rd53_251,10,20,1375,776,84,15,9
rd53_251,10,20,1393,793,102,1,10
rd53_251,10,20,1399,810,108,5,10
rd53_251,10,20,1395,791,104,9,10
rd53_251,10,20,1367,782,76,2,10
rd53_251,10,20,1380,782,89,3,10
rd53_251,10,20,1390,800,99,4,10
rd53_251,10,20,1377,777,86,10,10
rd53_251,10,20,1384,790,93,7,10
rd53_251,10,20,1396,794,105,6,10
rd53_251,10,20,1377,778,86,8,10
rd53_251,10,20,1376,788,85,11,10
rd53_251,10,20,1395,808,104,12,10
rd53_251,10,20,1395,807,104,14,10
rd53_251,10,20,1385,789,94,13,10
rd53_251,10,20,1395,802,104,15,10
rd53_251,10,20,1369,770,78,5,11
rd53_251,10,20,1401,815,110,6,11
rd53_251,10,20,1372,782,81,14,11
rd53_251,10,20,1381,784,90,15,11
rd53_251,10,20,1361,763,70,7,11
rd53_251,10,20,1371,772,80,9,11
rd53_251,10,20,1379,770,88,1,11
rd53_251,10,20,1412,830,121,2,11
rd53_251,10,20,1384,780,93,3,11
rd53_251,10,20,1393,803,102,4,11
rd53_251,10,20,1391,796,100,8,11
rd53_251,10,20,1387,772,96,10,11
rd53_251,10,20,1387,795,96,11,11
rd53_251,10,20,1389,807,98,12,11
rd53_251,10,20,1388,783,97,13,11
rd53_251,10,20,1355,762,64,5,12
rd53_251,10,20,1355,757,64,1,12
rd53_251,10,20,1355,760,64,6,12
rd53_251,10,20,1367,772,76,7,12
rd53_251,10,20,1373,774,82,11,12
rd53_251,10,20,1381,795,90,12,12
rd53_251,10,20,1386,768,95,13,12
rd53_251,10,20,1381,782,90,2,12
rd53_251,10,20,1377,776,86,14,12
rd53_251,10,20,1378,791,87,3,12
rd53_251,10,20,1378,787,87,4,12
rd53_251,10,20,1388,787,97,8,12
rd53_251,10,20,1388,792,97,9,12
rd53_251,10,20,1384,781,93,10,12
rd53_251,10,20,1377,775,86,15,12
rd53_251,10,20,1395,816,104,4,13
rd53_251,10,20,1378,783,87,1,13
rd53_251,10,20,1387,807,96,5,13
rd53_251,10,20,1404,811,113,9,13
rd53_251,10,20,1394,817,103,12,13
rd53_251,10,20,1405,814,114,11,13
rd53_251,10,20,1392,796,101,13,13
rd53_251,10,20,1388,791,97,2,13
rd53_251,10,20,1397,811,106,3,13
rd53_251,10,20,1414,825,123,6,13
rd53_251,10,20,1390,789,99,7,13
rd53_251,10,20,1382,798,91,15,13
rd53_251,10,20,1396,811,105,10,13
rd53_251,10,20,1378,780,87,8,13
rd53_251,10,20,1381,800,90,14,13
rd53_251,10,20,1368,772,77,4,14
rd53_251,10,20,1392,799,101,5,14
rd53_251,10,20,1394,793,103,6,14
rd53_251,10,20,1387,804,96,15,14
rd53_251,10,20,1365,781,74,14,14
rd53_251,10,20,1375,784,84,13,14
rd53_251,10,20,1396,812,105,12,14
rd53_251,10,20,1376,780,85,7,14
rd53_251,10,20,1377,780,86,9,14
rd53_251,10,20,1373,777,82,2,14
rd53_251,10,20,1373,779,82,3,14
rd53_251,10,20,1396,805,105,11,14
rd53_251,10,20,1387,792,96,1,14
rd53_251,10,20,1372,783,81,8,14
rd53_251,10,20,1393,804,102,10,14
rd53_251,10,20,1384,787,93,4,15
rd53_251,10,20,1385,783,94,7,15
rd53_251,10,20,1380,781,89,6,15
rd53_251,10,20,1389,790,98,3,15
rd53_251,10,20,1370,771,79,5,15
rd53_251,10,20,1397,803,106,2,15
rd53_251,10,20,1400,811,109,8,15
rd53_251,10,20,1405,802,114,9,15
rd53_251,10,20,1385,785,94,1,15
rd53_251,10,20,1385,784,94,10,15
rd53_251,10,20,1392,791,101,11,15
rd53_251,10,20,1404,807,113,12,15
rd53_251,10,20,1374,778,83,13,15
rd53_251,10,20,1370,774,79,14,15
rd53_251,10,20,1378,786,87,15,15
rd53_251,10,20,1399,811,108,1,16
rd53_251,10,20,1404,818,113,8,16
rd53_251,10,20,1383,788,92,7,16
rd53_251,10,20,1418,812,127,9,16
rd53_251,10,20,1392,800,101,10,16
rd53_251,10,20,1426,833,135,15,16
rd53_251,10,20,1401,797,110,2,16
rd53_251,10,20,1401,811,110,3,16
rd53_251,10,20,1388,785,97,4,16
rd53_251,10,20,1396,793,105,5,16
rd53_251,10,20,1397,798,106,11,16
rd53_251,10,20,1398,788,107,6,16
rd53_251,10,20,1400,799,109,12,16
rd53_251,10,20,1415,802,124,13,16
rd53_251,10,20,1378,784,87,14,16
rd53_251,10,20,1378,793,87,5,17
rd53_251,10,20,1412,809,121,8,17
rd53_251,10,20,1384,797,93,7,17
rd53_251,10,20,1378,784,87,9,17
rd53_251,10,20,1399,798,108,12,17
rd53_251,10,20,1417,816,126,15,17
rd53_251,10,20,1396,797,105,14,17
rd53_251,10,20,1380,795,89,4,17
rd53_251,10,20,1398,801,107,13,17
rd53_251,10,20,1417,813,126,10,17
rd53_251,10,20,1378,783,87,3,17
rd53_251,10,20,1378,784,87,2,17
rd53_251,10,20,1417,815,126,1,17
rd53_251,10,20,1409,802,118,11,17
rd53_251,10,20,1402,804,111,6,17
rd53_251,10,20,1398,797,107,5,18
rd53_251,10,20,1373,783,82,2,18
rd53_251,10,20,1377,793,86,4,18
rd53_251,10,20,1366,781,75,3,18
rd53_251,10,20,1384,785,93,10,18
rd53_251,10,20,1387,789,96,1,18
rd53_251,10,20,1370,786,79,6,18
rd53_251,10,20,1423,820,132,12,18
rd53_251,10,20,1411,813,120,7,18
rd53_251,10,20,1370,783,79,9,18
rd53_251,10,20,1392,792,101,8,18
rd53_251,10,20,1354,764,63,13,18
rd53_251,10,20,1392,802,101,11,18
rd53_251,10,20,1371,787,80,14,18
rd53_251,10,20,1400,805,109,15,18
rd53_251,10,20,1373,779,82,3,19
rd53_251,10,20,1356,756,65,6,19
rd53_251,10,20,1363,779,72,8,19
rd53_251,10,20,1358,761,67,9,19
rd53_251,10,20,1370,777,79,7,19
rd53_251,10,20,1357,765,66,12,19
rd53_251,10,20,1367,776,76,11,19
rd53_251,10,20,1360,770,69,14,19
rd53_251,10,20,1382,781,91,1,19
rd53_251,10,20,1361,772,70,2,19
rd53_251,10,20,1354,762,63,4,19
rd53_251,10,20,1369,775,78,5,19
rd53_251,10,20,1367,771,76,10,19
rd53_251,10,20,1366,768,75,13,19
rd53_251,10,20,1368,772,77,15,19
rd53_251,10,20,1399,793,108,3,20
rd53_251,10,20,1381,777,90,4,20
rd53_251,10,20,1368,783,77,5,20
rd53_251,10,20,1382,785,91,6,20
rd53_251,10,20,1393,798,102,7,20
rd53_251,10,20,1381,785,90,12,20
rd53_251,10,20,1382,784,91,8,20
rd53_251,10,20,1383,786,92,1,20
rd53_251,10,20,1385,777,94,14,20
rd53_251,10,20,1386,789,95,2,20
rd53_251,10,20,1375,772,84,15,20
rd53_251,10,20,1372,781,81,9,20
rd53_251,10,20,1376,776,85,10,20
rd53_251,10,20,1390,785,99,11,20
rd53_251,10,20,1381,781,90,13,20
rd53_251,10,20,1370,792,79,1,21
rd53_251,10,20,1379,787,88,3,21
rd53_251,10,20,1364,784,73,8,21
rd53_251,10,20,1371,767,80,9,21
rd53_251,10,20,1380,780,89,12,21
rd53_251,10,20,1401,800,110,11,21
rd53_251,10,20,1394,796,103,13,21
rd53_251,10,20,1380,786,89,14,21
rd53_251,10,20,1402,800,111,2,21
rd53_251,10,20,1375,780,84,4,21
rd53_251,10,20,1384,781,93,7,21
rd53_251,10,20,1376,778,85,6,21
rd53_251,10,20,1396,813,105,10,21
rd53_251,10,20,1401,805,110,15,21
rd53_251,10,20,1360,766,69,5,21
rd53_251,10,20,1383,788,92,3,22
rd53_251,10,20,1403,814,112,4,22
rd53_251,10,20,1385,789,94,7,22
rd53_251,10,20,1394,791,103,1,22
rd53_251,10,20,1371,780,80,9,22
rd53_251,10,20,1393,799,102,5,22
rd53_251,10,20,1392,788,101,6,22
rd53_251,10,20,1409,822,118,8,22
rd53_251,10,20,1386,776,95,10,22
rd53_251,10,20,1395,796,104,14,22
rd53_251,10,20,1401,810,110,12,22
rd53_251,10,20,1387,795,96,15,22
rd53_251,10,20,1394,803,103,2,22
rd53_251,10,20,1389,795,98,13,22
rd53_251,10,20,1377,790,86,11,22
rd53_251,10,20,1365,772,74,4,23
rd53_251,10,20,1382,791,91,6,23
rd53_251,10,20,1373,784,82,7,23
rd53_251,10,20,1370,779,79,8,23
rd53_251,10,20,1356,765,65,1,23
rd53_251,10,20,1362,773,71,2,23
rd53_251,10,20,1370,779,79,3,23
rd53_251,10,20,1392,808,101,5,23
rd53_251,10,20,1373,778,82,9,23
rd53_251,10,20,1355,765,64,10,23
rd53_251,10,20,1354,761,63,11,23
rd53_251,10,20,1372,779,81,12,23
rd53_251,10,20,1366,774,75,13,23
rd53_251,10,20,1363,767,72,14,23
rd53_251,10,20,1370,776,79,15,23
rd53_251,10,20,1366,758,75,5,24
rd53_251,10,20,1388,774,97,6,24
rd53_251,10,20,1379,776,88,7,24
rd53_251,10,20,1375,777,84,2,24
rd53_251,10,20,1396,796,105,10,24
rd53_251,10,20,1397,789,106,13,24
rd53_251,10,20,1387,778,96,12,24
rd53_251,10,20,1368,768,77,8,24
rd53_251,10,20,1388,780,97,14,24
rd53_251,10,20,1402,798,111,15,24
rd53_251,10,20,1397,795,106,3,24
rd53_251,10,20,1396,789,105,4,24
rd53_251,10,20,1393,796,102,9,24
rd53_251,10,20,1377,770,86,11,24
rd53_251,10,20,1363,758,72,1,24
rd53_251,10,20,1404,815,113,1,25
rd53_251,10,20,1393,798,102,3,25
rd53_251,10,20,1372,772,81,2,25
rd53_251,10,20,1405,812,114,5,25
rd53_251,10,20,1382,786,91,6,25
rd53_251,10,20,1405,807,114,9,25
rd53_251,10,20,1382,783,91,11,25
rd53_251,10,20,1390,797,99,14,25
rd53_251,10,20,1382,782,91,15,25
rd53_251,10,20,1396,808,105,4,25
rd53_251,10,20,1379,779,88,7,25
rd53_251,10,20,1370,773,79,10,25
rd53_251,10,20,1412,819,121,8,25
rd53_251,10,20,1393,797,102,12,25
rd53_251,10,20,1398,807,107,13,25
rd53_251,10,20,1385,795,94,6,26
rd53_251,10,20,1394,809,103,7,26
rd53_251,10,20,1374,773,83,8,26
rd53_251,10,20,1360,763,69,9,26
rd53_251,10,20,1393,795,102,3,26
rd53_251,10,20,1374,779,83,1,26
rd53_251,10,20,1387,808,96,4,26
rd53_251,10,20,1403,814,112,13,26
rd53_251,10,20,1400,806,109,5,26
rd53_251,10,20,1380,784,89,15,26
rd53_251,10,20,1379,783,88,2,26
rd53_251,10,20,1388,794,97,14,26
rd53_251,10,20,1395,806,104,10,26
rd53_251,10,20,1397,791,106,11,26
rd53_251,10,20,1390,802,99,12,26
rd53_251,10,20,1380,795,89,7,27
rd53_251,10,20,1379,783,88,5,27
rd53_251,10,20,1391,792,100,6,27
rd53_251,10,20,1382,790,91,12,27
rd53_251,10,20,1393,792,102,4,27
rd53_251,10,20,1370,774,79,14,27
rd53_251,10,20,1373,775,82,9,27
rd53_251,10,20,1384,784,93,13,27
rd53_251,10,20,1388,801,97,15,27
rd53_251,10,20,1391,791,100,2,27
rd53_251,10,20,1402,797,111,1,27
rd53_251,10,20,1387,786,96,8,27
rd53_251,10,20,1391,801,100,10,27
rd53_251,10,20,1390,795,99,3,27
rd53_251,10,20,1384,784,93,11,27
rd53_251,10,20,1379,785,88,1,28
rd53_251,10,20,1387,788,96,10,28
rd53_251,10,20,1381,793,90,6,28
rd53_251,10,20,1380,787,89,2,28
rd53_251,10,20,1382,787,91,3,28
rd53_251,10,20,1386,786,95,7,28
rd53_251,10,20,1374,777,83,4,28
rd53_251,10,20,1394,792,103,5,28
rd53_251,10,20,1391,791,100,11,28
rd53_251,10,20,1397,803,106,8,28
rd53_251,10,20,1381,791,90,9,28
rd53_251,10,20,1395,783,104,12,28
rd53_251,10,20,1408,795,117,13,28
rd53_251,10,20,1398,804,107,14,28
rd53_251,10,20,1389,794,98,15,28
rd53_251,10,20,1401,801,110,3,29
rd53_251,10,20,1371,788,80,2,29
rd53_251,10,20,1381,801,90,8,29
rd53_251,10,20,1371,775,80,9,29
rd53_251,10,20,1404,811,113,1,29
rd53_251,10,20,1371,786,80,11,29
rd53_251,10,20,1381,787,90,7,29
rd53_251,10,20,1403,824,112,15,29
rd53_251,10,20,1397,809,106,6,29
rd53_251,10,20,1389,794,98,5,29
rd53_251,10,20,1388,804,97,4,29
rd53_251,10,20,1360,760,69,10,29
rd53_251,10,20,1413,829,122,12,29
rd53_251,10,20,1363,765,72,14,29
rd53_251,10,20,1404,809,113,13,29
rd53_251,10,20,1373,773,82,5,30
rd53_251,10,20,1393,799,102,6,30
rd53_251,10,20,1393,801,102,1,30
rd53_251,10,20,1388,794,97,2,30
rd53_251,10,20,1385,789,94,15,30
rd53_251,10,20,1374,766,83,10,30
rd53_251,10,20,1387,785,96,3,30
rd53_251,10,20,1395,800,104,13,30
rd53_251,10,20,1397,798,106,12,30
rd53_251,10,20,1388,792,97,4,30
rd53_251,10,20,1390,792,99,14,30
rd53_251,10,20,1385,787,94,8,30
rd53_251,10,20,1391,800,100,9,30
rd53_251,10,20,1393,800,102,11,30
rd53_251,10,20,1378,780,87,7,30
rd53_251,10,20,1369,765,78,1,31
rd53_251,10,20,1376,778,85,10,31
rd53_251,10,20,1371,785,80,2,31
rd53_251,10,20,1371,769,80,5,31
rd53_251,10,20,1382,771,91,12,31
rd53_251,10,20,1378,779,87,13,31
rd53_251,10,20,1379,783,88,14,31
rd53_251,10,20,1387,795,96,15,31
rd53_251,10,20,1384,777,93,8,31
rd53_251,10,20,1368,765,77,3,31
rd53_251,10,20,1372,773,81,4,31
rd53_251,10,20,1371,781,80,9,31
rd53_251,10,20,1377,784,86,7,31
rd53_251,10,20,1380,783,89,6,31
rd53_251,10,20,1380,777,89,11,31
rd53_251,10,20,1381,777,90,1,32
rd53_251,10,20,1369,790,78,2,32
rd53_251,10,20,1369,773,78,4,32
rd53_251,10,20,1367,777,76,3,32
rd53_251,10,20,1382,796,91,5,32
rd53_251,10,20,1389,800,98,7,32
rd53_251,10,20,1388,798,97,9,32
rd53_251,10,20,1369,780,78,6,32
rd53_251,10,20,1364,774,73,12,32
rd53_251,10,20,1394,787,103,14,32
rd53_251,10,20,1414,812,123,8,32
rd53_251,10,20,1376,787,85,10,32
rd53_251,10,20,1391,801,100,11,32
rd53_251,10,20,1390,797,99,15,32
rd53_251,10,20,1367,777,76,13,32
rd53_251,10,20,1409,835,118,2,33
rd53_251,10,20,1389,802,98,1,33
rd53_251,10,20,1384,795,93,3,33
rd53_251,10,20,1384,801,93,8,33
rd53_251,10,20,1394,803,103,9,33
rd53_251,10,20,1375,789,84,7,33
rd53_251,10,20,1396,806,105,5,33
rd53_251,10,20,1404,827,113,6,33
rd53_251,10,20,1397,802,106,4,33
rd53_251,10,20,1395,809,104,10,33
rd53_251,10,20,1406,829,115,11,33
rd53_251,10,20,1395,801,104,12,33
rd53_251,10,20,1377,781,86,13,33
rd53_251,10,20,1396,800,105,14,33
rd53_251,10,20,1385,788,94,15,33
rd53_251,10,20,1402,804,111,4,34
rd53_251,10,20,1394,804,103,6,34
rd53_251,10,20,1393,792,102,3,34
rd53_251,10,20,1403,808,112,15,34
rd53_251,10,20,1403,812,112,10,34
rd53_251,10,20,1403,796,112,12,34
rd53_251,10,20,1399,801,108,1,34
rd53_251,10,20,1397,796,106,14,34
rd53_251,10,20,1409,804,118,5,34
rd53_251,10,20,1402,795,111,11,34
rd53_251,10,20,1405,796,114,2,34
rd53_251,10,20,1415,814,124,7,34
rd53_251,10,20,1371,774,80,8,34
rd53_251,10,20,1399,810,108,9,34
rd53_251,10,20,1401,802,110,13,34
rd53_251,10,20,1381,785,90,1,35
rd53_251,10,20,1397,799,106,11,35
rd53_251,10,20,1369,776,78,6,35
rd53_251,10,20,1399,803,108,5,35
rd53_251,10,20,1364,775,73,15,35
rd53_251,10,20,1401,805,110,10,35
rd53_251,10,20,1379,780,88,14,35
rd53_251,10,20,1369,782,78,12,35
rd53_251,10,20,1370,774,79,7,35
rd53_251,10,20,1377,783,86,4,35
rd53_251,10,20,1377,785,86,3,35
rd53_251,10,20,1366,773,75,2,35
rd53_251,10,20,1382,793,91,9,35
rd53_251,10,20,1379,785,88,8,35
rd53_251,10,20,1386,791,95,13,35
rd53_251,10,20,1354,762,63,5,36
rd53_251,10,20,1374,788,83,9,36
rd53_251,10,20,1371,767,80,8,36
rd53_251,10,20,1386,783,95,1,36
rd53_251,10,20,1382,783,91,2,36
rd53_251,10,20,1375,775,84,3,36
rd53_251,10,20,1368,783,77,4,36
rd53_251,10,20,1374,778,83,15,36
rd53_251,10,20,1367,775,76,6,36
rd53_251,10,20,1369,779,78,10,36
rd53_251,10,20,1369,772,78,12,36
rd53_251,10,20,1368,774,77,7,36
rd53_251,10,20,1367,777,76,11,36
rd53_251,10,20,1348,762,57,13,36
rd53_251,10,20,1365,779,74,14,36
rd53_251,10,20,1372,780,81,3,37
rd53_251,10,20,1404,810,113,11,37
rd53_251,10,20,1388,783,97,13,37
rd53_251,10,20,1420,816,129,14,37
rd53_251,10,20,1380,784,89,15,37
rd53_251,10,20,1385,795,94,5,37
rd53_251,10,20,1358,769,67,4,37
rd53_251,10,20,1404,803,113,6,37
rd53_251,10,20,1378,776,87,7,37
rd53_251,10,20,1404,804,113,12,37
rd53_251,10,20,1404,798,113,10,37
rd53_251,10,20,1361,768,70,1,37
rd53_251,10,20,1371,782,80,2,37
rd53_251,10,20,1370,780,79,8,37
rd53_251,10,20,1380,787,89,9,37
rd53_251,10,20,1385,790,94,3,38
rd53_251,10,20,1381,786,90,2,38
rd53_251,10,20,1378,786,87,5,38
rd53_251,10,20,1378,776,87,7,38
rd53_251,10,20,1376,776,85,11,38
rd53_251,10,20,1385,795,94,1,38
rd53_251,10,20,1375,791,84,15,38
rd53_251,10,20,1392,794,101,12,38
rd53_251,10,20,1369,776,78,4,38
rd53_251,10,20,1390,788,99,6,38
rd53_251,10,20,1386,786,95,8,38
rd53_251,10,20,1385,796,94,9,38
rd53_251,10,20,1383,784,92,10,38
rd53_251,10,20,1383,788,92,13,38
rd53_251,10,20,1386,805,95,14,38
rd53_251,10,20,1393,785,102,2,39
rd53_251,10,20,1399,801,108,3,39
rd53_251,10,20,1383,778,92,6,39
rd53_251,10,20,1394,813,103,7,39
rd53_251,10,20,1419,817,128,8,39
rd53_251,10,20,1414,808,123,9,39
rd53_251,10,20,1399,797,108,11,39
rd53_251,10,20,1395,790,104,10,39
rd53_251,10,20,1371,772,80,12,39
rd53_251,10,20,1423,828,132,13,39
rd53_251,10,20,1388,782,97,14,39
rd53_251,10,20,1382,775,91,15,39
rd53_251,10,20,1395,815,104,4,39
rd53_251,10,20,1401,793,110,1,39
rd53_251,10,20,1431,851,140,5,39
rd53_251,10,20,1384,789,93,1,40
rd53_251,10,20,1400,792,109,2,40
rd53_251,10,20,1369,769,78,7,40
rd53_251,10,20,1397,796,106,10,40
rd53_251,10,20,1385,782,94,3,40
rd53_251,10,20,1404,792,113,4,40
rd53_251,10,20,1395,791,104,5,40
rd53_251,10,20,1387,786,96,15,40
rd53_251,10,20,1382,789,91,13,40
rd53_251,10,20,1384,778,93,9,40
rd53_251,10,20,1386,789,95,6,40
rd53_251,10,20,1389,786,98,11,40
rd53_251,10,20,1382,782,91,8,40
rd53_251,10,20,1386,785,95,12,40
rd53_251,10,20,1406,803,115,14,40
rd53_251,10,20,1405,810,114,2,41
rd53_251,10,20,1388,798,97,1,41
rd53_251,10,20,1383,787,92,3,41
rd53_251,10,20,1389,792,98,7,41
rd53_251,10,20,1393,800,102,10,41
rd53_251,10,20,1377,780,86,6,41
rd53_251,10,20,1398,803,107,11,41
rd53_251,10,20,1402,791,111,9,41
rd53_251,10,20,1376,786,85,4,41
rd53_251,10,20,1372,778,81,5,41
rd53_251,10,20,1375,786,84,12,41
rd53_251,10,20,1387,791,96,13,41
rd53_251,10,20,1389,802,98,14,41
rd53_251,10,20,1389,800,98,8,41
rd53_251,10,20,1379,787,88,15,41
rd53_251,10,20,1380,791,89,1,42
rd53_251,10,20,1380,795,89,3,42
rd53_251,10,20,1379,782,88,6,42
rd53_251,10,20,1383,796,92,2,42
rd53_251,10,20,1385,788,94,9,42
rd53_251,10,20,1383,787,92,10,42
rd53_251,10,20,1377,780,86,4,42
rd53_251,10,20,1377,778,86,5,42
rd53_251,10,20,1380,785,89,7,42
rd53_251,10,20,1380,795,89,8,42
rd53_251,10,20,1380,797,89,11,42
rd53_251,10,20,1380,788,89,12,42
rd53_251,10,20,1378,774,87,13,42
rd53_251,10,20,1379,790,88,14,42
rd53_251,10,20,1382,801,91,15,42
rd53_251,10,20,1369,777,78,3,43
rd53_251,10,20,1369,774,78,4,43
rd53_251,10,20,1390,781,99,2,43
rd53_251,10,20,1383,777,92,1,43
rd53_251,10,20,1383,780,92,9,43
rd53_251,10,20,1390,784,99,8,43
rd53_251,10,20,1379,790,88,7,43
rd53_251,10,20,1385,776,94,13,43
rd53_251,10,20,1376,778,85,14,43
rd53_251,10,20,1372,790,81,6,43
rd53_251,10,20,1364,774,73,15,43
rd53_251,10,20,1392,792,101,5,43
rd53_251,10,20,1379,777,88,11,43
rd53_251,10,20,1366,777,75,10,43
rd53_251,10,20,1387,780,96,12,43
rd53_251,10,20,1375,792,84,8,44
rd53_251,10,20,1361,785,70,10,44
rd53_251,10,20,1388,813,97,9,44
rd53_251,10,20,1375,783,84,11,44
rd53_251,10,20,1350,759,59,12,44
rd53_251,10,20,1360,764,69,2,44
rd53_251,10,20,1351,757,60,13,44
rd53_251,10,20,1369,774,78,5,44
rd53_251,10,20,1388,798,97,1,44
rd53_251,10,20,1387,798,96,7,44
rd53_251,10,20,1359,765,68,4,44
rd53_251,10,20,1346,751,55,6,44
rd53_251,10,20,1379,787,88,14,44
rd53_251,10,20,1380,783,89,15,44
rd53_251,10,20,1351,761,60,3,44
rd53_251,10,20,1386,786,95,2,45
rd53_251,10,20,1385,792,94,3,45
rd53_251,10,20,1365,769,74,5,45
rd53_251,10,20,1384,794,93,1,45
rd53_251,10,20,1376,786,85,6,45
rd53_251,10,20,1362,766,71,7,45
rd53_251,10,20,1373,787,82,4,45
rd53_251,10,20,1376,781,85,12,45
rd53_251,10,20,1380,792,89,9,45
rd53_251,10,20,1390,776,99,13,45
rd53_251,10,20,1387,790,96,8,45
rd53_251,10,20,1382,785,91,10,45
rd53_251,10,20,1371,775,80,11,45
rd53_251,10,20,1387,799,96,15,45
rd53_251,10,20,1387,800,96,14,45
rd53_251,10,20,1384,788,93,4,46
rd53_251,10,20,1372,778,81,6,46
rd53_251,10,20,1375,776,84,10,46
rd53_251,10,20,1381,785,90,7,46
rd53_251,10,20,1366,765,75,11,46
rd53_251,10,20,1376,790,85,9,46
rd53_251,10,20,1379,788,88,12,46
rd53_251,10,20,1372,780,81,15,46
rd53_251,10,20,1361,764,70,5,46
rd53_251,10,20,1373,783,82,2,46
rd53_251,10,20,1377,782,86,1,46
rd53_251,10,20,1391,782,100,14,46
rd53_251,10,20,1370,782,79,3,46
rd53_251,10,20,1369,780,78,8,46
rd53_251,10,20,1379,790,88,13,46
rd53_251,10,20,1373,780,82,3,47
rd53_251,10,20,1350,753,59,7,47
rd53_251,10,20,1379,791,88,2,47
rd53_251,10,20,1357,760,66,4,47
rd53_251,10,20,1385,793,94,1,47
rd53_251,10,20,1386,798,95,5,47
rd53_251,10,20,1391,803,100,12,47
rd53_251,10,20,1358,765,67,15,47
rd53_251,10,20,1361,766,70,6,47
rd53_251,10,20,1364,770,73,9,47
rd53_251,10,20,1391,804,100,8,47
rd53_251,10,20,1386,795,95,10,47
rd53_251,10,20,1355,761,64,11,47
rd53_251,10,20,1375,786,84,14,47
rd53_251,10,20,1380,791,89,13,47
rd53_251,10,20,1399,811,108,11,48
rd53_251,10,20,1396,795,105,12,48
rd53_251,10,20,1404,813,113,1,48
rd53_251,10,20,1395,818,104,3,48
rd53_251,10,20,1387,785,96,4,48
rd53_251,10,20,1388,809,97,2,48
rd53_251,10,20,1389,798,98,5,48
rd53_251,10,20,1411,812,120,6,48
rd53_251,10,20,1398,799,107,7,48
rd53_251,10,20,1411,802,120,8,48
rd53_251,10,20,1420,810,129,15,48
rd53_251,10,20,1391,791,100,9,48
rd53_251,10,20,1404,814,113,10,48
rd53_251,10,20,1401,818,110,13,48
rd53_251,10,20,1388,784,97,14,48
rd53_251,10,20,1394,789,103,4,49
rd53_251,10,20,1390,789,99,10,49
rd53_251,10,20,1392,806,101,5,49
rd53_251,10,20,1391,785,100,11,49
rd53_251,10,20,1391,790,100,2,49
rd53_251,10,20,1414,819,123,1,49
rd53_251,10,20,1398,808,107,13,49
rd53_251,10,20,1408,798,117,12,49
rd53_251,10,20,1386,777,95,14,49
rd53_251,10,20,1406,831,115,3,49
rd53_251,10,20,1399,807,108,15,49
rd53_251,10,20,1390,787,99,6,49
rd53_251,10,20,1382,799,91,7,49
rd53_251,10,20,1394,798,103,8,49
rd53_251,10,20,1395,813,104,9,49
rd53_251,10,20,1401,799,110,3,50
rd53_251,10,20,1419,801,128,1,50
rd53_251,10,20,1391,794,100,4,50
rd53_251,10,20,1407,798,116,5,50
rd53_251,10,20,1390,797,99,6,50
rd53_251,10,20,1413,803,122,9,50
rd53_251,10,20,1396,801,105,10,50
rd53_251,10,20,1409,810,118,13,50
rd53_251,10,20,1421,831,130,2,50
rd53_251,10,20,1406,818,115,7,50
rd53_251,10,20,1385,783,94,11,50
rd53_251,10,20,1406,802,115,8,50
rd53_251,10,20,1430,839,139,12,50
rd53_251,10,20,1393,795,102,14,50
rd53_251,10,20,1413,829,122,15,50
sqrt8_260,10,20,3282,1880,273,3,0
sqrt8_260,10,20,3282,1868,273,2,0
sqrt8_260,10,20,3257,1857,248,4,0
sqrt8_260,10,20,3270,1875,261,7,0
sqrt8_260,10,20,3262,1832,253,11,0
sqrt8_260,10,20,3277,1858,268,15,0
sqrt8_260,10,20,3294,1880,285,14,0
sqrt8_260,10,20,3291,1886,282,1,0
sqrt8_260,10,20,3261,1862,252,5,0
sqrt8_260,10,20,3279,1857,270,6,0
sqrt8_260,10,20,3274,1899,265,9,0
sqrt8_260,10,20,3335,1901,326,8,0
sqrt8_260,10,20,3289,1876,280,12,0
sqrt8_260,10,20,3294,1873,285,10,0
sqrt8_260,10,20,3326,1910,317,13,0
sqrt8_260,10,20,3288,1872,279,8,1
sqrt8_260,10,20,3246,1864,237,9,1
sqrt8_260,10,20,3275,1862,266,10,1
sqrt8_260,10,20,3259,1868,250,6,1
sqrt8_260,10,20,3237,1847,228,7,1
sqrt8_260,10,20,3257,1860,248,11,1
sqrt8_260,10,20,3236,1833,227,12,1
sqrt8_260,10,20,3260,1865,251,13,1
sqrt8_260,10,20,3262,1858,253,1,1
sqrt8_260,10,20,3261,1846,252,14,1
sqrt8_260,10,20,3227,1818,218,3,1
sqrt8_260,10,20,3240,1827,231,5,1
sqrt8_260,10,20,3251,1855,242,15,1
sqrt8_260,10,20,3266,1873,257,2,1
sqrt8_260,10,20,3259,1860,250,4,1
sqrt8_260,10,20,3235,1821,226,3,2
sqrt8_260,10,20,3279,1889,270,2,2
sqrt8_260,10,20,3218,1801,209,9,2
sqrt8_260,10,20,3254,1854,245,14,2
sqrt8_260,10,20,3249,1861,240,10,2
sqrt8_260,10,20,3237,1826,228,1,2
sqrt8_260,10,20,3225,1830,216,5,2
sqrt8_260,10,20,3235,1849,226,12,2
sqrt8_260,10,20,3237,1840,228,11,2
sqrt8_260,10,20,3261,1869,252,7,2
sqrt8_260,10,20,3245,1847,236,4,2
sqrt8_260,10,20,3281,1896,272,13,2
sqrt8_260,10,20,3244,1851,235,15,2
sqrt8_260,10,20,3264,1836,255,8,2
sqrt8_260,10,20,3270,1858,261,6,2
sqrt8_260,10,20,3253,1851,244,1,3
sqrt8_260,10,20,3250,1850,241,5,3
sqrt8_260,10,20,3248,1858,239,2,3
sqrt8_260,10,20,3253,1810,244,8,3
sqrt8_260,10,20,3257,1856,248,4,3
sqrt8_260,10,20,3296,1889,287,3,3
sqrt8_260,10,20,3255,1868,246,6,3
sqrt8_260,10,20,3213,1813,204,7,3
sqrt8_260,10,20,3222,1842,213,11,3
sqrt8_260,10,20,3250,1838,241,10,3
sqrt8_260,10,20,3309,1897,300,12,3
sqrt8_260,10,20,3238,1836,229,9,3
sqrt8_260,10,20,3190,1804,181,13,3
sqrt8_260,10,20,3222,1808,213,14,3
sqrt8_260,10,20,3311,1895,302,15,3
sqrt8_260,10,20,3256,1841,247,2,4
sqrt8_260,10,20,3270,1868,261,15,4
sqrt8_260,10,20,3273,1846,264,11,4
sqrt8_260,10,20,3255,1870,246,7,4
sqrt8_260,10,20,3203,1822,194,10,4
sqrt8_260,10,20,3199,1807,190,8,4
sqrt8_260,10,20,3267,1890,258,1,4
sqrt8_260,10,20,3262,1864,253,4,4
sqrt8_260,10,20,3219,1796,210,3,4
sqrt8_260,10,20,3234,1842,225,5,4
sqrt8_260,10,20,3233,1846,224,9,4
sqrt8_260,10,20,3215,1824,206,12,4
sqrt8_260,10,20,3266,1858,257,6,4
sqrt8_260,10,20,3238,1843,229,13,4
sqrt8_260,10,20,3241,1841,232,14,4
sqrt8_260,10,20,3271,1882,262,3,5
sqrt8_260,10,20,3250,1853,241,4,5
sqrt8_260,10,20,3300,1866,291,5,5
sqrt8_260,10,20,3240,1841,231,11,5
sqrt8_260,10,20,3262,1823,253,2,5
sqrt8_260,10,20,3259,1860,250,12,5
sqrt8_260,10,20,3273,1859,264,13,5
sqrt8_260,10,20,3246,1842,237,6,5
sqrt8_260,10,20,3260,1864,251,7,5
sqrt8_260,10,20,3224,1797,215,1,5
sqrt8_260,10,20,3254,1868,245,9,5
sqrt8_260,10,20,3289,1871,280,8,5
sqrt8_260,10,20,3242,1836,233,15,5
sqrt8_260,10,20,3271,1865,262,14,5
sqrt8_260,10,20,3269,1864,260,10,5
sqrt8_260,10,20,3244,1862,235,4,6
sqrt8_260,10,20,3259,1846,250,9,6
sqrt8_260,10,20,3266,1846,257,14,6
sqrt8_260,10,20,3257,1837,248,15,6
sqrt8_260,10,20,3264,1842,255,13,6
sqrt8_260,10,20,3302,1914,293,1,6
sqrt8_260,10,20,3258,1845,249,2,6
sqrt8_260,10,20,3268,1870,259,3,6
sqrt8_260,10,20,3269,1850,260,6,6
sqrt8_260,10,20,3275,1863,266,8,6
sqrt8_260,10,20,3280,1853,271,7,6
sqrt8_260,10,20,3243,1829,234,10,6
sqrt8_260,10,20,3252,1859,243,11,6
sqrt8_260,10,20,3251,1859,242,12,6
sqrt8_260,10,20,3268,1844,259,5,6
sqrt8_260,10,20,3213,1819,204,3,7
sqrt8_260,10,20,3284,1873,275,1,7
sqrt8_260,10,20,3244,1876,235,6,7
sqrt8_260,10,20,3265,1866,256,10,7
sqrt8_260,10,20,3229,1840,220,7,7
sqrt8_260,10,20,3227,1808,218,2,7
sqrt8_260,10,20,3248,1856,239,4,7
sqrt8_260,10,20,3271,1878,262,5,7
sqrt8_260,10,20,3244,1854,235,14,7
sqrt8_260,10,20,3275,1877,266,13,7
sqrt8_260,10,20,3272,1855,263,8,7
sqrt8_260,10,20,3250,1830,241,11,7
sqrt8_260,10,20,3256,1851,247,12,7
sqrt8_260,10,20,3252,1858,243,9,7
sqrt8_260,10,20,3231,1826,222,15,7
sqrt8_260,10,20,3282,1855,273,5,8
sqrt8_260,10,20,3252,1848,243,6,8
sqrt8_260,10,20,3262,1849,253,7,8
sqrt8_260,10,20,3302,1873,293,8,8
sqrt8_260,10,20,3209,1794,200,10,8
sqrt8_260,10,20,3257,1872,248,14,8
sqrt8_260,10,20,3291,1894,282,12,8
sqrt8_260,10,20,3234,1833,225,15,8
sqrt8_260,10,20,3299,1906,290,1,8
sqrt8_260,10,20,3264,1871,255,3,8
sqrt8_260,10,20,3264,1861,255,13,8
sqrt8_260,10,20,3292,1890,283,4,8
sqrt8_260,10,20,3219,1815,210,9,8
sqrt8_260,10,20,3280,1860,271,11,8
sqrt8_260,10,20,3274,1859,265,2,8
sqrt8_260,10,20,3227,1849,218,4,9
sqrt8_260,10,20,3233,1816,224,2,9
sqrt8_260,10,20,3272,1832,263,10,9
sqrt8_260,10,20,3234,1854,225,1,9
sqrt8_260,10,20,3281,1868,272,5,9
sqrt8_260,10,20,3245,1856,236,6,9
sqrt8_260,10,20,3231,1835,222,7,9
sqrt8_260,10,20,3238,1853,229,11,9
sqrt8_260,10,20,3257,1856,248,8,9
sqrt8_260,10,20,3247,1839,238,3,9
sqrt8_260,10,20,3270,1868,261,15,9
sqrt8_260,10,20,3285,1864,276,9,9
sqrt8_260,10,20,3268,1851,259,12,9
sqrt8_260,10,20,3280,1871,271,13,9
sqrt8_260,10,20,3251,1844,242,14,9
sqrt8_260,10,20,3246,1841,237,4,10
sqrt8_260,10,20,3276,1858,267,5,10
sqrt8_260,10,20,3237,1859,228,7,10
sqrt8_260,10,20,3269,1855,260,6,10
sqrt8_260,10,20,3249,1842,240,1,10
sqrt8_260,10,20,3261,1840,252,8,10
sqrt8_260,10,20,3237,1827,228,11,10
sqrt8_260,10,20,3273,1886,264,15,10
sqrt8_260,10,20,3252,1854,243,2,10
sqrt8_260,10,20,3232,1825,223,9,10
sqrt8_260,10,20,3224,1833,215,10,10
sqrt8_260,10,20,3270,1850,261,12,10
sqrt8_260,10,20,3273,1856,264,14,10
sqrt8_260,10,20,3253,1856,244,13,10
sqrt8_260,10,20,3236,1823,227,3,10
sqrt8_260,10,20,3277,1889,268,1,11
sqrt8_260,10,20,3268,1856,259,2,11
sqrt8_260,10,20,3230,1821,221,5,11
sqrt8_260,10,20,3236,1840,227,7,11
sqrt8_260,10,20,3228,1813,219,8,11
sqrt8_260,10,20,3245,1848,236,9,11
sqrt8_260,10,20,3234,1825,225,4,11
sqrt8_260,10,20,3242,1830,233,3,11
sqrt8_260,10,20,3254,1877,245,13,11
sqrt8_260,10,20,3244,1839,235,15,11
sqrt8_260,10,20,3252,1863,243,10,11
sqrt8_260,10,20,3230,1831,221,6,11
sqrt8_260,10,20,3248,1822,239,12,11
sqrt8_260,10,20,3265,1852,256,11,11
sqrt8_260,10,20,3246,1822,237,14,11
sqrt8_260,10,20,3275,1881,266,1,12
sqrt8_260,10,20,3240,1815,231,15,12
sqrt8_260,10,20,3185,1777,176,6,12
sqrt8_260,10,20,3208,1805,199,3,12
sqrt8_260,10,20,3250,1845,241,7,12
sqrt8_260,10,20,3221,1813,212,8,12
sqrt8_260,10,20,3232,1858,223,2,12
sqrt8_260,10,20,3219,1842,210,10,12
sqrt8_260,10,20,3228,1846,219,9,12
sqrt8_260,10,20,3236,1827,227,14,12
sqrt8_260,10,20,3225,1834,216,11,12
sqrt8_260,10,20,3260,1874,251,4,12
sqrt8_260,10,20,3214,1839,205,12,12
sqrt8_260,10,20,3245,1854,236,5,12
sqrt8_260,10,20,3251,1858,242,13,12
sqrt8_260,10,20,3235,1862,226,1,13
sqrt8_260,10,20,3225,1855,216,7,13
sqrt8_260,10,20,3245,1841,236,10,13
sqrt8_260,10,20,3265,1854,256,8,13
sqrt8_260,10,20,3253,1874,244,12,13
sqrt8_260,10,20,3268,1863,259,2,13
sqrt8_260,10,20,3264,1843,255,3,13
sqrt8_260,10,20,3271,1842,262,14,13
sqrt8_260,10,20,3280,1870,271,6,13
sqrt8_260,10,20,3278,1884,269,4,13
sqrt8_260,10,20,3248,1846,239,9,13
sqrt8_260,10,20,3298,1903,289,5,13
sqrt8_260,10,20,3286,1875,277,11,13
sqrt8_260,10,20,3253,1847,244,13,13
sqrt8_260,10,20,3276,1855,267,15,13
sqrt8_260,10,20,3214,1816,205,3,14
sqrt8_260,10,20,3243,1850,234,13,14
sqrt8_260,10,20,3240,1837,231,10,14
sqrt8_260,10,20,3237,1851,228,14,14
sqrt8_260,10,20,3226,1837,217,8,14
sqrt8_260,10,20,3234,1846,225,9,14
sqrt8_260,10,20,3297,1873,288,15,14
sqrt8_260,10,20,3252,1852,243,1,14
sqrt8_260,10,20,3222,1835,213,2,14
sqrt8_260,10,20,3194,1796,185,5,14
sqrt8_260,10,20,3235,1831,226,4,14
sqrt8_260,10,20,3247,1862,238,6,14
sqrt8_260,10,20,3241,1874,232,11,14
sqrt8_260,10,20,3206,1823,197,7,14
sqrt8_260,10,20,3255,1852,246,12,14
sqrt8_260,10,20,3241,1852,232,1,15
sqrt8_260,10,20,3235,1847,226,2,15
sqrt8_260,10,20,3261,1858,252,3,15
sqrt8_260,10,20,3221,1811,212,13,15
sqrt8_260,10,20,3250,1850,241,7,15
sqrt8_260,10,20,3248,1820,239,14,15
sqrt8_260,10,20,3271,1856,262,9,15
sqrt8_260,10,20,3195,1811,186,8,15
sqrt8_260,10,20,3234,1829,225,15,15
sqrt8_260,10,20,3293,1891,284,4,15
sqrt8_260,10,20,3242,1821,233,5,15
sqrt8_260,10,20,3266,1831,257,11,15
sqrt8_260,10,20,3273,1860,264,6,15
sqrt8_260,10,20,3275,1859,266,10,15
sqrt8_260,10,20,3238,1834,229,12,15
sqrt8_260,10,20,3222,1848,213,4,16
sqrt8_260,10,20,3240,1833,231,5,16
sqrt8_260,10,20,3259,1878,250,1,16
sqrt8_260,10,20,3274,1871,265,7,16
sqrt8_260,10,20,3280,1866,271,8,16
sqrt8_260,10,20,3264,1865,255,9,16
sqrt8_260,10,20,3239,1859,230,3,16
sqrt8_260,10,20,3252,1849,243,12,16
sqrt8_260,10,20,3239,1835,230,13,16
sqrt8_260,10,20,3238,1843,229,15,16
sqrt8_260,10,20,3224,1824,215,6,16
sqrt8_260,10,20,3278,1881,269,14,16
sqrt8_260,10,20,3236,1859,227,10,16
sqrt8_260,10,20,3260,1851,251,2,16
sqrt8_260,10,20,3241,1839,232,11,16
sqrt8_260,10,20,3263,1895,254,1,17
sqrt8_260,10,20,3241,1859,232,2,17
sqrt8_260,10,20,3270,1866,261,3,17
sqrt8_260,10,20,3303,1910,294,11,17
sqrt8_260,10,20,3260,1847,251,6,17
sqrt8_260,10,20,3282,1884,273,5,17
sqrt8_260,10,20,3270,1868,261,13,17
sqrt8_260,10,20,3244,1859,235,12,17
sqrt8_260,10,20,3257,1860,248,4,17
sqrt8_260,10,20,3239,1855,230,14,17
sqrt8_260,10,20,3262,1860,253,7,17
sqrt8_260,10,20,3320,1940,311,15,17
sqrt8_260,10,20,3250,1828,241,8,17
sqrt8_260,10,20,3259,1863,250,9,17
sqrt8_260,10,20,3255,1864,246,10,17
sqrt8_260,10,20,3265,1855,256,1,18
sqrt8_260,10,20,3261,1853,252,8,18
sqrt8_260,10,20,3249,1855,240,11,18
sqrt8_260,10,20,3262,1859,253,9,18
sqrt8_260,10,20,3235,1834,226,2,18
sqrt8_260,10,20,3290,1894,281,4,18
sqrt8_260,10,20,3279,1853,270,10,18
sqrt8_260,10,20,3268,1856,259,3,18
sqrt8_260,10,20,3248,1854,239,13,18
sqrt8_260,10,20,3298,1870,289,6,18
sqrt8_260,10,20,3247,1837,238,5,18
sqrt8_260,10,20,3271,1880,262,7,18
sqrt8_260,10,20,3280,1851,271,15,18
sqrt8_260,10,20,3250,1840,241,14,18
sqrt8_260,10,20,3271,1862,262,12,18
sqrt8_260,10,20,3269,1875,260,6,19
sqrt8_260,10,20,3207,1819,198,8,19
sqrt8_260,10,20,3295,1881,286,9,19
sqrt8_260,10,20,3239,1840,230,5,19
sqrt8_260,10,20,3247,1834,238,11,19
sqrt8_260,10,20,3239,1828,230,15,19
sqrt8_260,10,20,3239,1847,230,4,19
sqrt8_260,10,20,3276,1884,267,13,19
sqrt8_260,10,20,3272,1885,263,1,19
sqrt8_260,10,20,3251,1849,242,2,19
sqrt8_260,10,20,3240,1868,231,10,19
sqrt8_260,10,20,3238,1831,229,3,19
sqrt8_260,10,20,3262,1867,253,14,19
sqrt8_260,10,20,3214,1817,205,12,19
sqrt8_260,10,20,3279,1878,270,7,19
sqrt8_260,10,20,3243,1854,234,6,20
sqrt8_260,10,20,3276,1871,267,5,20
sqrt8_260,10,20,3254,1851,245,8,20
sqrt8_260,10,20,3268,1880,259,7,20
sqrt8_260,10,20,3230,1830,221,11,20
sqrt8_260,10,20,3251,1872,242,2,20
sqrt8_260,10,20,3244,1838,235,15,20
sqrt8_260,10,20,3272,1880,263,14,20
sqrt8_260,10,20,3261,1890,252,1,20
sqrt8_260,10,20,3252,1864,243,13,20
sqrt8_260,10,20,3255,1830,246,9,20
sqrt8_260,10,20,3260,1863,251,10,20
sqrt8_260,10,20,3248,1855,239,4,20
sqrt8_260,10,20,3229,1833,220,12,20
sqrt8_260,10,20,3259,1839,250,3,20
sqrt8_260,10,20,3262,1866,253,2,21
sqrt8_260,10,20,3264,1864,255,4,21
sqrt8_260,10,20,3285,1891,276,6,21
sqrt8_260,10,20,3290,1878,281,8,21
sqrt8_260,10,20,3289,1887,280,5,21
sqrt8_260,10,20,3296,1895,287,7,21
sqrt8_260,10,20,3217,1830,208,12,21
sqrt8_260,10,20,3275,1880,266,15,21
sqrt8_260,10,20,3261,1863,252,1,21
sqrt8_260,10,20,3274,1862,265,3,21
sqrt8_260,10,20,3257,1838,248,9,21
sqrt8_260,10,20,3273,1894,264,11,21
sqrt8_260,10,20,3270,1866,261,13,21
sqrt8_260,10,20,3254,1853,245,10,21
sqrt8_260,10,20,3255,1847,246,14,21
sqrt8_260,10,20,3266,1864,257,1,22
sqrt8_260,10,20,3259,1859,250,3,22
sqrt8_260,10,20,3276,1882,267,4,22
sqrt8_260,10,20,3251,1835,242,6,22
sqrt8_260,10,20,3276,1863,267,9,22
sqrt8_260,10,20,3213,1824,204,5,22
sqrt8_260,10,20,3262,1869,253,7,22
sqrt8_260,10,20,3262,1869,253,13,22
sqrt8_260,10,20,3216,1846,207,12,22
sqrt8_260,10,20,3245,1849,236,2,22
sqrt8_260,10,20,3230,1838,221,11,22
sqrt8_260,10,20,3273,1893,264,15,22
sqrt8_260,10,20,3264,1873,255,14,22
sqrt8_260,10,20,3241,1830,232,8,22
sqrt8_260,10,20,3259,1857,250,10,22
sqrt8_260,10,20,3251,1842,242,4,23
sqrt8_260,10,20,3268,1867,259,1,23
sqrt8_260,10,20,3233,1826,224,7,23
sqrt8_260,10,20,3219,1796,210,10,23
sqrt8_260,10,20,3217,1826,208,14,23
sqrt8_260,10,20,3221,1818,212,15,23
sqrt8_260,10,20,3265,1865,256,13,23
sqrt8_260,10,20,3268,1863,259,3,23
sqrt8_260,10,20,3198,1812,189,6,23
sqrt8_260,10,20,3254,1857,245,2,23
sqrt8_260,10,20,3242,1844,233,5,23
sqrt8_260,10,20,3216,1827,207,8,23
sqrt8_260,10,20,3210,1821,201,9,23
sqrt8_260,10,20,3247,1855,238,12,23
sqrt8_260,10,20,3212,1818,203,11,23
sqrt8_260,10,20,3255,1857,246,5,24
sqrt8_260,10,20,3284,1872,275,6,24
sqrt8_260,10,20,3255,1828,246,7,24
sqrt8_260,10,20,3296,1875,287,8,24
sqrt8_260,10,20,3246,1864,237,2,24
sqrt8_260,10,20,3230,1817,221,9,24
sqrt8_260,10,20,3259,1842,250,11,24
sqrt8_260,10,20,3251,1882,242,1,24
sqrt8_260,10,20,3283,1873,274,10,24
sqrt8_260,10,20,3309,1897,300,4,24
sqrt8_260,10,20,3296,1878,287,3,24
sqrt8_260,10,20,3259,1867,250,12,24
sqrt8_260,10,20,3252,1836,243,13,24
sqrt8_260,10,20,3221,1828,212,14,24
sqrt8_260,10,20,3260,1852,251,15,24
sqrt8_260,10,20,3240,1856,231,4,25
sqrt8_260,10,20,3245,1831,236,3,25
sqrt8_260,10,20,3211,1820,202,2,25
sqrt8_260,10,20,3272,1854,263,1,25
sqrt8_260,10,20,3272,1869,263,10,25
sqrt8_260,10,20,3272,1876,263,7,25
sqrt8_260,10,20,3231,1831,222,13,25
sqrt8_260,10,20,3239,1835,230,11,25
sqrt8_260,10,20,3248,1834,239,6,25
sqrt8_260,10,20,3251,1843,242,12,25
sqrt8_260,10,20,3235,1851,226,8,25
sqrt8_260,10,20,3218,1800,209,14,25
sqrt8_260,10,20,3198,1804,189,15,25
sqrt8_260,10,20,3226,1826,217,9,25
sqrt8_260,10,20,3263,1868,254,5,25
sqrt8_260,10,20,3271,1847,262,7,26
sqrt8_260,10,20,3283,1891,274,8,26
sqrt8_260,10,20,3234,1830,225,10,26
sqrt8_260,10,20,3268,1881,259,9,26
sqrt8_260,10,20,3268,1848,259,4,26
sqrt8_260,10,20,3257,1838,248,13,26
sqrt8_260,10,20,3257,1845,248,15,26
sqrt8_260,10,20,3255,1846,246,3,26
sqrt8_260,10,20,3261,1886,252,2,26
sqrt8_260,10,20,3267,1865,258,1,26
sqrt8_260,10,20,3258,1851,249,5,26
sqrt8_260,10,20,3284,1895,275,6,26
sqrt8_260,10,20,3277,1871,268,11,26
sqrt8_260,10,20,3255,1847,246,12,26
sqrt8_260,10,20,3267,1856,258,14,26
sqrt8_260,10,20,3253,1845,244,7,27
sqrt8_260,10,20,3260,1842,251,6,27
sqrt8_260,10,20,3284,1896,275,8,27
sqrt8_260,10,20,3260,1859,251,1,27
sqrt8_260,10,20,3249,1838,240,9,27
sqrt8_260,10,20,3273,1864,264,2,27
sqrt8_260,10,20,3251,1845,242,14,27
sqrt8_260,10,20,3247,1842,238,13,27
sqrt8_260,10,20,3220,1814,211,3,27
sqrt8_260,10,20,3278,1855,269,10,27
sqrt8_260,10,20,3269,1862,260,5,27
sqrt8_260,10,20,3241,1838,232,11,27
sqrt8_260,10,20,3233,1823,224,12,27
sqrt8_260,10,20,3232,1811,223,15,27
sqrt8_260,10,20,3274,1841,265,4,27
sqrt8_260,10,20,3239,1833,230,3,28
sqrt8_260,10,20,3277,1866,268,10,28
sqrt8_260,10,20,3288,1876,279,13,28
sqrt8_260,10,20,3240,1836,231,14,28
sqrt8_260,10,20,3269,1878,260,2,28
sqrt8_260,10,20,3248,1858,239,8,28
sqrt8_260,10,20,3242,1844,233,9,28
sqrt8_260,10,20,3250,1827,241,12,28
sqrt8_260,10,20,3285,1871,276,11,28
sqrt8_260,10,20,3276,1882,267,15,28
sqrt8_260,10,20,3254,1843,245,4,28
sqrt8_260,10,20,3264,1840,255,7,28
sqrt8_260,10,20,3243,1828,234,5,28
sqrt8_260,10,20,3305,1892,296,1,28
sqrt8_260,10,20,3300,1892,291,6,28
sqrt8_260,10,20,3239,1871,230,2,29
sqrt8_260,10,20,3240,1839,231,7,29
sqrt8_260,10,20,3248,1852,239,6,29
sqrt8_260,10,20,3261,1857,252,10,29
sqrt8_260,10,20,3199,1796,190,1,29
sqrt8_260,10,20,3274,1870,265,4,29
sqrt8_260,10,20,3232,1829,223,9,29
sqrt8_260,10,20,3211,1816,202,13,29
sqrt8_260,10,20,3246,1855,237,15,29
sqrt8_260,10,20,3247,1863,238,8,29
sqrt8_260,10,20,3208,1805,199,11,29
sqrt8_260,10,20,3209,1807,200,12,29
sqrt8_260,10,20,3248,1857,239,5,29
sqrt8_260,10,20,3239,1826,230,14,29
sqrt8_260,10,20,3260,1859,251,3,29
sqrt8_260,10,20,3275,1886,266,1,30
sqrt8_260,10,20,3267,1868,258,6,30
sqrt8_260,10,20,3273,1864,264,3,30
sqrt8_260,10,20,3226,1832,217,8,30
sqrt8_260,10,20,3247,1822,238,7,30
sqrt8_260,10,20,3265,1840,256,10,30
sqrt8_260,10,20,3260,1840,251,12,30
sqrt8_260,10,20,3254,1847,245,2,30
sqrt8_260,10,20,3246,1844,237,14,30
sqrt8_260,10,20,3273,1858,264,5,30
sqrt8_260,10,20,3224,1798,215,4,30
sqrt8_260,10,20,3252,1827,243,13,30
sqrt8_260,10,20,3273,1876,264,11,30
sqrt8_260,10,20,3289,1855,280,15,30
sqrt8_260,10,20,3255,1837,246,9,30
sqrt8_260,10,20,3251,1846,242,4,31
sqrt8_260,10,20,3236,1830,227,5,31
sqrt8_260,10,20,3220,1822,211,1,31
sqrt8_260,10,20,3268,1848,259,13,31
sqrt8_260,10,20,3258,1866,249,15,31
sqrt8_260,10,20,3252,1839,243,12,31
sqrt8_260,10,20,3229,1832,220,3,31
sqrt8_260,10,20,3240,1867,231,6,31
sqrt8_260,10,20,3300,1882,291,11,31
sqrt8_260,10,20,3247,1825,238,7,31
sqrt8_260,10,20,3229,1837,220,8,31
sqrt8_260,10,20,3262,1846,253,9,31
sqrt8_260,10,20,3215,1811,206,14,31
sqrt8_260,10,20,3221,1826,212,2,31
sqrt8_260,10,20,3241,1847,232,10,31
sqrt8_260,10,20,3266,1846,257,1,32
sqrt8_260,10,20,3224,1799,215,7,32
sqrt8_260,10,20,3250,1853,241,12,32
sqrt8_260,10,20,3237,1862,228,14,32
sqrt8_260,10,20,3235,1819,226,13,32
sqrt8_260,10,20,3218,1813,209,3,32
sqrt8_260,10,20,3208,1817,199,2,32
sqrt8_260,10,20,3239,1833,230,10,32
sqrt8_260,10,20,3241,1813,232,4,32
sqrt8_260,10,20,3252,1834,243,6,32
sqrt8_260,10,20,3252,1848,243,8,32
sqrt8_260,10,20,3194,1816,185,15,32
sqrt8_260,10,20,3243,1860,234,9,32
sqrt8_260,10,20,3228,1826,219,11,32
sqrt8_260,10,20,3245,1835,236,5,32
sqrt8_260,10,20,3229,1841,220,1,33
sqrt8_260,10,20,3253,1819,244,2,33
sqrt8_260,10,20,3287,1878,278,9,33
sqrt8_260,10,20,3251,1847,242,7,33
sqrt8_260,10,20,3286,1867,277,14,33
sqrt8_260,10,20,3233,1830,224,8,33
sqrt8_260,10,20,3249,1842,240,10,33
sqrt8_260,10,20,3243,1834,234,15,33
sqrt8_260,10,20,3266,1864,257,6,33
sqrt8_260,10,20,3247,1840,238,3,33
sqrt8_260,10,20,3238,1832,229,5,33
sqrt8_260,10,20,3235,1828,226,11,33
sqrt8_260,10,20,3267,1859,258,4,33
sqrt8_260,10,20,3264,1852,255,13,33
sqrt8_260,10,20,3289,1880,280,12,33
sqrt8_260,10,20,3239,1834,230,2,34
sqrt8_260,10,20,3282,1867,273,4,34
sqrt8_260,10,20,3259,1860,250,1,34
sqrt8_260,10,20,3259,1869,250,5,34
sqrt8_260,10,20,3259,1862,250,9,34
sqrt8_260,10,20,3252,1840,243,10,34
sqrt8_260,10,20,3257,1839,248,11,34
sqrt8_260,10,20,3236,1825,227,15,34
sqrt8_260,10,20,3275,1867,266,14,34
sqrt8_260,10,20,3253,1851,244,8,34
sqrt8_260,10,20,3250,1848,241,6,34
sqrt8_260,10,20,3269,1873,260,12,34
sqrt8_260,10,20,3264,1865,255,7,34
sqrt8_260,10,20,3295,1876,286,3,34
sqrt8_260,10,20,3283,1889,274,13,34
sqrt8_260,10,20,3249,1837,240,4,35
sqrt8_260,10,20,3242,1842,233,6,35
sqrt8_260,10,20,3220,1832,211,8,35
sqrt8_260,10,20,3244,1856,235,1,35
sqrt8_260,10,20,3218,1805,209,7,35
sqrt8_260,10,20,3230,1831,221,5,35
sqrt8_260,10,20,3222,1838,213,13,35
sqrt8_260,10,20,3243,1833,234,14,35
sqrt8_260,10,20,3236,1827,227,15,35
sqrt8_260,10,20,3245,1836,236,12,35
sqrt8_260,10,20,3230,1839,221,2,35
sqrt8_260,10,20,3218,1820,209,3,35
sqrt8_260,10,20,3206,1797,197,9,35
sqrt8_260,10,20,3219,1830,210,11,35
sqrt8_260,10,20,3217,1835,208,10,35
sqrt8_260,10,20,3276,1851,267,3,36
sqrt8_260,10,20,3218,1850,209,4,36
sqrt8_260,10,20,3281,1851,272,6,36
sqrt8_260,10,20,3237,1840,228,7,36
sqrt8_260,10,20,3253,1851,244,8,36
sqrt8_260,10,20,3273,1876,264,9,36
sqrt8_260,10,20,3245,1855,236,11,36
sqrt8_260,10,20,3281,1873,272,5,36
sqrt8_260,10,20,3294,1891,285,10,36
sqrt8_260,10,20,3267,1868,258,1,36
sqrt8_260,10,20,3295,1917,286,2,36
sqrt8_260,10,20,3287,1892,278,12,36
sqrt8_260,10,20,3237,1832,228,13,36
sqrt8_260,10,20,3232,1832,223,15,36
sqrt8_260,10,20,3269,1860,260,14,36
sqrt8_260,10,20,3208,1831,199,2,37
sqrt8_260,10,20,3197,1780,188,5,37
sqrt8_260,10,20,3213,1810,204,4,37
sqrt8_260,10,20,3192,1821,183,9,37
sqrt8_260,10,20,3184,1803,175,1,37
sqrt8_260,10,20,3201,1841,192,6,37
sqrt8_260,10,20,3179,1795,170,11,37
sqrt8_260,10,20,3209,1827,200,14,37
sqrt8_260,10,20,3193,1805,184,15,37
sqrt8_260,10,20,3195,1813,186,3,37
sqrt8_260,10,20,3213,1817,204,7,37
sqrt8_260,10,20,3202,1821,193,13,37
sqrt8_260,10,20,3215,1822,206,8,37
sqrt8_260,10,20,3203,1818,194,10,37
sqrt8_260,10,20,3219,1836,210,12,37
sqrt8_260,10,20,3255,1842,246,1,38
sqrt8_260,10,20,3258,1861,249,2,38
sqrt8_260,10,20,3257,1876,248,11,38
sqrt8_260,10,20,3221,1840,212,9,38
sqrt8_260,10,20,3260,1846,251,3,38
sqrt8_260,10,20,3244,1849,235,5,38
sqrt8_260,10,20,3278,1867,269,15,38
sqrt8_260,10,20,3251,1850,242,6,38
sqrt8_260,10,20,3251,1840,242,4,38
sqrt8_260,10,20,3241,1845,232,7,38
sqrt8_260,10,20,3269,1857,260,12,38
sqrt8_260,10,20,3270,1860,261,10,38
sqrt8_260,10,20,3237,1833,228,13,38
sqrt8_260,10,20,3281,1881,272,8,38
sqrt8_260,10,20,3238,1846,229,14,38
sqrt8_260,10,20,3259,1833,250,1,39
sqrt8_260,10,20,3289,1899,280,2,39
sqrt8_260,10,20,3287,1882,278,3,39
sqrt8_260,10,20,3247,1839,238,10,39
sqrt8_260,10,20,3259,1863,250,6,39
sqrt8_260,10,20,3281,1858,272,7,39
sqrt8_260,10,20,3270,1876,261,13,39
sqrt8_260,10,20,3250,1854,241,14,39
sqrt8_260,10,20,3253,1838,244,4,39
sqrt8_260,10,20,3271,1865,262,8,39
sqrt8_260,10,20,3271,1867,262,5,39
sqrt8_260,10,20,3272,1854,263,15,39
sqrt8_260,10,20,3250,1837,241,9,39
sqrt8_260,10,20,3283,1860,274,11,39
sqrt8_260,10,20,3263,1867,254,12,39
sqrt8_260,10,20,3270,1875,261,4,40
sqrt8_260,10,20,3253,1873,244,5,40
sqrt8_260,10,20,3265,1861,256,8,40
sqrt8_260,10,20,3244,1847,235,6,40
sqrt8_260,10,20,3245,1854,236,7,40
sqrt8_260,10,20,3242,1838,233,10,40
sqrt8_260,10,20,3265,1866,256,13,40
sqrt8_260,10,20,3248,1858,239,2,40
sqrt8_260,10,20,3247,1852,238,1,40
sqrt8_260,10,20,3288,1879,279,9,40
sqrt8_260,10,20,3236,1841,227,11,40
sqrt8_260,10,20,3222,1828,213,15,40
sqrt8_260,10,20,3240,1844,231,12,40
sqrt8_260,10,20,3278,1899,269,14,40
sqrt8_260,10,20,3259,1855,250,3,40
sqrt8_260,10,20,3271,1871,262,3,41
sqrt8_260,10,20,3252,1862,243,6,41
sqrt8_260,10,20,3248,1842,239,8,41
sqrt8_260,10,20,3252,1838,243,9,41
sqrt8_260,10,20,3277,1858,268,7,41
sqrt8_260,10,20,3262,1828,253,11,41
sqrt8_260,10,20,3251,1840,242,13,41
sqrt8_260,10,20,3255,1853,246,1,41
sqrt8_260,10,20,3247,1853,238,2,41
sqrt8_260,10,20,3248,1847,239,12,41
sqrt8_260,10,20,3281,1871,272,4,41
sqrt8_260,10,20,3245,1843,236,5,41
sqrt8_260,10,20,3276,1877,267,15,41
sqrt8_260,10,20,3268,1863,259,14,41
sqrt8_260,10,20,3238,1826,229,10,41
sqrt8_260,10,20,3214,1814,205,1,42
sqrt8_260,10,20,3248,1851,239,2,42
sqrt8_260,10,20,3201,1813,192,6,42
sqrt8_260,10,20,3208,1830,199,4,42
sqrt8_260,10,20,3229,1857,220,5,42
sqrt8_260,10,20,3224,1849,215,7,42
sqrt8_260,10,20,3217,1839,208,15,42
sqrt8_260,10,20,3216,1833,207,10,42
sqrt8_260,10,20,3211,1837,202,3,42
sqrt8_260,10,20,3225,1810,216,12,42
sqrt8_260,10,20,3189,1795,180,11,42
sqrt8_260,10,20,3217,1832,208,8,42
sqrt8_260,10,20,3197,1832,188,13,42
sqrt8_260,10,20,3209,1839,200,9,42
sqrt8_260,10,20,3224,1830,215,14,42
sqrt8_260,10,20,3251,1877,242,3,43
sqrt8_260,10,20,3286,1867,277,1,43
sqrt8_260,10,20,3271,1875,262,2,43
sqrt8_260,10,20,3272,1876,263,4,43
sqrt8_260,10,20,3262,1867,253,8,43
sqrt8_260,10,20,3262,1855,253,6,43
sqrt8_260,10,20,3262,1866,253,5,43
sqrt8_260,10,20,3274,1887,265,15,43
sqrt8_260,10,20,3268,1860,259,7,43
sqrt8_260,10,20,3239,1818,230,9,43
sqrt8_260,10,20,3271,1843,262,10,43
sqrt8_260,10,20,3261,1849,252,11,43
sqrt8_260,10,20,3278,1875,269,12,43
sqrt8_260,10,20,3268,1846,259,14,43
sqrt8_260,10,20,3269,1837,260,13,43
sqrt8_260,10,20,3233,1835,224,5,44
sqrt8_260,10,20,3223,1836,214,6,44
sqrt8_260,10,20,3215,1822,206,3,44
sqrt8_260,10,20,3274,1856,265,9,44
sqrt8_260,10,20,3286,1890,277,2,44
sqrt8_260,10,20,3264,1844,255,13,44
sqrt8_260,10,20,3211,1820,202,15,44
sqrt8_260,10,20,3267,1881,258,10,44
sqrt8_260,10,20,3220,1809,211,7,44
sqrt8_260,10,20,3235,1841,226,11,44
sqrt8_260,10,20,3275,1875,266,14,44
sqrt8_260,10,20,3259,1856,250,8,44
sqrt8_260,10,20,3232,1820,223,1,44
sqrt8_260,10,20,3309,1873,300,4,44
sqrt8_260,10,20,3225,1821,216,12,44
sqrt8_260,10,20,3289,1859,280,2,45
sqrt8_260,10,20,3264,1861,255,1,45
sqrt8_260,10,20,3226,1816,217,6,45
sqrt8_260,10,20,3253,1860,244,13,45
sqrt8_260,10,20,3287,1876,278,10,45
sqrt8_260,10,20,3262,1856,253,3,45
sqrt8_260,10,20,3216,1838,207,11,45
sqrt8_260,10,20,3271,1871,262,8,45
sqrt8_260,10,20,3287,1881,278,4,45
sqrt8_260,10,20,3279,1878,270,12,45
sqrt8_260,10,20,3273,1885,264,15,45
sqrt8_260,10,20,3284,1881,275,9,45
sqrt8_260,10,20,3264,1862,255,14,45
sqrt8_260,10,20,3247,1838,238,5,45
sqrt8_260,10,20,3277,1840,268,7,45
sqrt8_260,10,20,3259,1866,250,4,46
sqrt8_260,10,20,3238,1838,229,3,46
sqrt8_260,10,20,3203,1818,194,13,46
sqrt8_260,10,20,3221,1824,212,5,46
sqrt8_260,10,20,3205,1815,196,2,46
sqrt8_260,10,20,3238,1854,229,6,46
sqrt8_260,10,20,3210,1806,201,11,46
sqrt8_260,10,20,3252,1856,243,10,46
sqrt8_260,10,20,3243,1845,234,1,46
sqrt8_260,10,20,3246,1860,237,7,46
sqrt8_260,10,20,3237,1837,228,8,46
sqrt8_260,10,20,3225,1843,216,14,46
sqrt8_260,10,20,3178,1794,169,12,46
sqrt8_260,10,20,3231,1845,222,9,46
sqrt8_260,10,20,3274,1850,265,15,46
sqrt8_260,10,20,3203,1836,194,6,47
sqrt8_260,10,20,3219,1836,210,8,47
sqrt8_260,10,20,3225,1825,216,9,47
sqrt8_260,10,20,3195,1819,186,10,47
sqrt8_260,10,20,3238,1841,229,7,47
sqrt8_260,10,20,3206,1827,197,14,47
sqrt8_260,10,20,3202,1817,193,3,47
sqrt8_260,10,20,3220,1843,211,1,47
sqrt8_260,10,20,3193,1783,184,2,47
sqrt8_260,10,20,3237,1830,228,4,47
sqrt8_260,10,20,3223,1830,214,11,47
sqrt8_260,10,20,3229,1813,220,5,47
sqrt8_260,10,20,3221,1830,212,13,47
sqrt8_260,10,20,3229,1827,220,15,47
sqrt8_260,10,20,3207,1807,198,12,47
sqrt8_260,10,20,3249,1842,240,4,48
sqrt8_260,10,20,3259,1859,250,8,48
sqrt8_260,10,20,3237,1839,228,5,48
sqrt8_260,10,20,3237,1832,228,9,48
sqrt8_260,10,20,3278,1850,269,1,48
sqrt8_260,10,20,3270,1841,261,2,48
sqrt8_260,10,20,3229,1816,220,3,48
sqrt8_260,10,20,3224,1827,215,6,48
sqrt8_260,10,20,3263,1874,254,10,48
sqrt8_260,10,20,3247,1837,238,7,48
sqrt8_260,10,20,3254,1871,245,13,48
sqrt8_260,10,20,3230,1839,221,15,48
sqrt8_260,10,20,3261,1862,252,11,48
sqrt8_260,10,20,3256,1865,247,12,48
sqrt8_260,10,20,3230,1815,221,14,48
sqrt8_260,10,20,3260,1876,251,2,49
sqrt8_260,10,20,3204,1808,195,4,49
sqrt8_260,10,20,3256,1847,247,5,49
sqrt8_260,10,20,3259,1841,250,7,49
sqrt8_260,10,20,3220,1826,211,3,49
sqrt8_260,10,20,3240,1841,231,1,49
sqrt8_260,10,20,3248,1857,239,14,49
sqrt8_260,10,20,3257,1849,248,10,49
sqrt8_260,10,20,3209,1818,200,11,49
sqrt8_260,10,20,3248,1871,239,12,49
sqrt8_260,10,20,3250,1874,241,13,49
sqrt8_260,10,20,3257,1872,248,6,49
sqrt8_260,10,20,3217,1834,208,15,49
sqrt8_260,10,20,3221,1828,212,9,49
sqrt8_260,10,20,3213,1813,204,8,49
sqrt8_260,10,20,3274,1860,265,3,50
sqrt8_260,10,20,3283,1885,274,5,50
sqrt8_260,10,20,3252,1850,243,4,50
sqrt8_260,10,20,3255,1869,246,11,50
sqrt8_260,10,20,3299,1906,290,8,50
sqrt8_260,10,20,3239,1825,230,15,50
sqrt8_260,10,20,3232,1821,223,14,50
sqrt8_260,10,20,3288,1872,279,2,50
sqrt8_260,10,20,3233,1850,224,6,50
sqrt8_260,10,20,3271,1866,262,1,50
sqrt8_260,10,20,3243,1857,234,9,50
sqrt8_260,10,20,3262,1862,253,7,50
sqrt8_260,10,20,3247,1840,238,13,50
sqrt8_260,10,20,3277,1878,268,10,50
sqrt8_260,10,20,3271,1874,262,12,50
misex1_241,10,20,5084,2889,271,1,0
misex1_241,10,20,5045,2846,232,10,0
misex1_241,10,20,5088,2864,275,7,0
misex1_241,10,20,5088,2887,275,5,0
misex1_241,10,20,5099,2904,286,2,0
misex1_241,10,20,5050,2843,237,13,0
misex1_241,10,20,5033,2827,220,9,0
misex1_241,10,20,5093,2894,280,3,0
misex1_241,10,20,5100,2895,287,4,0
misex1_241,10,20,5044,2828,231,8,0
misex1_241,10,20,5121,2901,308,11,0
misex1_241,10,20,5062,2860,249,12,0
misex1_241,10,20,5058,2868,245,15,0
misex1_241,10,20,5044,2837,231,14,0
misex1_241,10,20,5132,2909,319,6,0
misex1_241,10,20,5094,2877,281,2,1
misex1_241,10,20,5100,2906,287,15,1
misex1_241,10,20,5018,2811,205,14,1
misex1_241,10,20,5109,2911,296,3,1
misex1_241,10,20,5081,2866,268,4,1
misex1_241,10,20,5044,2843,231,5,1
misex1_241,10,20,5065,2858,252,9,1
misex1_241,10,20,5065,2859,252,11,1
misex1_241,10,20,5059,2847,246,6,1
misex1_241,10,20,5085,2887,272,8,1
misex1_241,10,20,5108,2906,295,7,1
misex1_241,10,20,5054,2855,241,13,1
misex1_241,10,20,5032,2821,219,1,1
misex1_241,10,20,5053,2832,240,10,1
misex1_241,10,20,5069,2891,256,12,1
misex1_241,10,20,5073,2869,260,5,2
misex1_241,10,20,5044,2822,231,6,2
misex1_241,10,20,5046,2838,233,4,2
misex1_241,10,20,5064,2862,251,1,2
misex1_241,10,20,5122,2906,309,14,2
misex1_241,10,20,5054,2854,241,11,2
misex1_241,10,20,5116,2916,303,3,2
misex1_241,10,20,5054,2873,241,8,2
misex1_241,10,20,5013,2828,200,9,2
misex1_241,10,20,5044,2839,231,10,2
misex1_241,10,20,5053,2853,240,13,2
misex1_241,10,20,5074,2871,261,7,2
misex1_241,10,20,5040,2831,227,15,2
misex1_241,10,20,5048,2852,235,12,2
misex1_241,10,20,5022,2823,209,2,2
misex1_241,10,20,5038,2840,225,2,3
misex1_241,10,20,5008,2802,195,4,3
misex1_241,10,20,5105,2912,292,8,3
misex1_241,10,20,5105,2892,292,10,3
misex1_241,10,20,5041,2837,228,3,3
misex1_241,10,20,5110,2912,297,13,3
misex1_241,10,20,5096,2903,283,9,3
misex1_241,10,20,5037,2833,224,1,3
misex1_241,10,20,5021,2818,208,5,3
misex1_241,10,20,5013,2821,200,15,3
misex1_241,10,20,5040,2836,227,14,3
misex1_241,10,20,5116,2930,303,12,3
misex1_241,10,20,5031,2851,218,6,3
misex1_241,10,20,5083,2882,270,11,3
misex1_241,10,20,5044,2835,231,7,3
misex1_241,10,20,5038,2844,225,4,4
misex1_241,10,20,5082,2881,269,5,4
misex1_241,10,20,5055,2847,242,1,4
misex1_241,10,20,5104,2902,291,10,4
misex1_241,10,20,5113,2909,300,8,4
misex1_241,10,20,5014,2811,201,13,4
misex1_241,10,20,4999,2798,186,14,4
misex1_241,10,20,5070,2886,257,2,4
misex1_241,10,20,5131,2931,318,12,4
misex1_241,10,20,5113,2878,300,15,4
misex1_241,10,20,5099,2900,286,6,4
misex1_241,10,20,5072,2888,259,3,4
misex1_241,10,20,5109,2897,296,7,4
misex1_241,10,20,5171,2965,358,9,4
misex1_241,10,20,5120,2931,307,11,4
misex1_241,10,20,5045,2844,232,6,5
misex1_241,10,20,5018,2831,205,7,5
misex1_241,10,20,5015,2822,202,8,5
misex1_241,10,20,5028,2829,215,11,5
misex1_241,10,20,5051,2848,238,1,5
misex1_241,10,20,5045,2841,232,4,5
misex1_241,10,20,5098,2898,285,12,5
misex1_241,10,20,5012,2826,199,3,5
misex1_241,10,20,4998,2807,185,9,5
misex1_241,10,20,5127,2936,314,5,5
misex1_241,10,20,5012,2810,199,13,5
misex1_241,10,20,5031,2845,218,10,5
misex1_241,10,20,5024,2846,211,14,5
misex1_241,10,20,5021,2833,208,15,5
misex1_241,10,20,5062,2859,249,2,5
misex1_241,10,20,5092,2888,279,2,6
misex1_241,10,20,4999,2801,186,7,6
misex1_241,10,20,5050,2835,237,1,6
misex1_241,10,20,5082,2885,269,9,6
misex1_241,10,20,4982,2787,169,6,6
misex1_241,10,20,5095,2864,282,5,6
misex1_241,10,20,5016,2833,203,10,6
misex1_241,10,20,5057,2848,244,3,6
misex1_241,10,20,5109,2891,296,4,6
misex1_241,10,20,4996,2803,183,12,6
misex1_241,10,20,5019,2807,206,14,6
misex1_241,10,20,5024,2810,211,15,6
misex1_241,10,20,5115,2910,302,13,6
misex1_241,10,20,5040,2823,227,8,6
misex1_241,10,20,5060,2873,247,11,6
misex1_241,10,20,5031,2827,218,1,7
misex1_241,10,20,5044,2837,231,4,7
misex1_241,10,20,5046,2833,233,14,7
misex1_241,10,20,5030,2817,217,15,7
misex1_241,10,20,5075,2886,262,7,7
misex1_241,10,20,5105,2895,292,3,7
misex1_241,10,20,5190,2963,377,6,7
misex1_241,10,20,5026,2821,213,2,7
misex1_241,10,20,5131,2913,318,13,7
misex1_241,10,20,5072,2874,259,12,7
misex1_241,10,20,5070,2871,257,11,7
misex1_241,10,20,5078,2868,265,10,7
misex1_241,10,20,5033,2824,220,8,7
misex1_241,10,20,5097,2893,284,5,7
misex1_241,10,20,5035,2844,222,9,7
misex1_241,10,20,5124,2938,311,3,8
misex1_241,10,20,4993,2807,180,7,8
misex1_241,10,20,5086,2868,273,2,8
misex1_241,10,20,5079,2885,266,11,8
misex1_241,10,20,5054,2871,241,9,8
misex1_241,10,20,5127,2903,314,8,8
misex1_241,10,20,5058,2861,245,1,8
misex1_241,10,20,5067,2882,254,15,8
misex1_241,10,20,5066,2868,253,4,8
misex1_241,10,20,5082,2875,269,14,8
misex1_241,10,20,5100,2887,287,5,8
misex1_241,10,20,5097,2884,284,6,8
misex1_241,10,20,5007,2829,194,13,8
misex1_241,10,20,5084,2880,271,10,8
misex1_241,10,20,5088,2880,275,12,8
misex1_241,10,20,5118,2901,305,4,9
misex1_241,10,20,5064,2866,251,1,9
misex1_241,10,20,5067,2866,254,10,9
misex1_241,10,20,5049,2851,236,12,9
misex1_241,10,20,5067,2874,254,2,9
misex1_241,10,20,5040,2847,227,13,9
misex1_241,10,20,5047,2838,234,11,9
misex1_241,10,20,5018,2831,205,8,9
misex1_241,10,20,5016,2802,203,3,9
misex1_241,10,20,5022,2833,209,14,9
misex1_241,10,20,5099,2912,286,9,9
misex1_241,10,20,5120,2915,307,15,9
misex1_241,10,20,5055,2844,242,7,9
misex1_241,10,20,5083,2887,270,5,9
misex1_241,10,20,5067,2881,254,6,9
misex1_241,10,20,5068,2869,255,2,10
misex1_241,10,20,5053,2840,240,5,10
misex1_241,10,20,5100,2900,287,15,10
misex1_241,10,20,5122,2936,309,3,10
misex1_241,10,20,5075,2885,262,4,10
misex1_241,10,20,5029,2835,216,8,10
misex1_241,10,20,5109,2888,296,9,10
misex1_241,10,20,5104,2928,291,6,10
misex1_241,10,20,5055,2873,242,12,10
misex1_241,10,20,5088,2903,275,11,10
misex1_241,10,20,5107,2936,294,10,10
misex1_241,10,20,5149,2947,336,13,10
misex1_241,10,20,5142,2930,329,7,10
misex1_241,10,20,5121,2905,308,14,10
misex1_241,10,20,5123,2921,310,1,10
misex1_241,10,20,5126,2924,313,2,11
misex1_241,10,20,5099,2913,286,7,11
misex1_241,10,20,5145,2937,332,3,11
misex1_241,10,20,5058,2851,245,9,11
misex1_241,10,20,5109,2899,296,10,11
misex1_241,10,20,5084,2877,271,14,11
misex1_241,10,20,5073,2870,260,15,11
misex1_241,10,20,5085,2879,272,4,11
misex1_241,10,20,4989,2795,176,6,11
misex1_241,10,20,5119,2905,306,5,11
misex1_241,10,20,5057,2857,244,13,11
misex1_241,10,20,5065,2855,252,12,11
misex1_241,10,20,5069,2838,256,11,11
misex1_241,10,20,5081,2869,268,8,11
misex1_241,10,20,5093,2904,280,1,11
misex1_241,10,20,5070,2856,257,2,12
misex1_241,10,20,5109,2900,296,3,12
misex1_241,10,20,5014,2814,201,8,12
misex1_241,10,20,5064,2868,251,7,12
misex1_241,10,20,5043,2839,230,5,12
misex1_241,10,20,5067,2872,254,12,12
misex1_241,10,20,5066,2869,253,11,12
misex1_241,10,20,5056,2842,243,1,12
misex1_241,10,20,5010,2810,197,14,12
misex1_241,10,20,5052,2856,239,9,12
misex1_241,10,20,5004,2808,191,13,12
misex1_241,10,20,5031,2824,218,4,12
misex1_241,10,20,5032,2837,219,15,12
misex1_241,10,20,5083,2864,270,10,12
misex1_241,10,20,5050,2852,237,6,12
misex1_241,10,20,5054,2882,241,7,13
misex1_241,10,20,5055,2865,242,2,13
misex1_241,10,20,5074,2868,261,8,13
misex1_241,10,20,4995,2805,182,9,13
misex1_241,10,20,5006,2814,193,14,13
misex1_241,10,20,5052,2861,239,13,13
misex1_241,10,20,5102,2901,289,12,13
misex1_241,10,20,5058,2860,245,15,13
misex1_241,10,20,5061,2877,248,1,13
misex1_241,10,20,5053,2845,240,3,13
misex1_241,10,20,5036,2845,223,5,13
misex1_241,10,20,5009,2818,196,10,13
misex1_241,10,20,5091,2887,278,4,13
misex1_241,10,20,5027,2824,214,6,13
misex1_241,10,20,5032,2835,219,11,13
misex1_241,10,20,5020,2825,207,1,14
misex1_241,10,20,5031,2838,218,4,14
misex1_241,10,20,5014,2808,201,12,14
misex1_241,10,20,5040,2827,227,6,14
misex1_241,10,20,5068,2885,255,5,14
misex1_241,10,20,4996,2799,183,7,14
misex1_241,10,20,5027,2812,214,2,14
misex1_241,10,20,5020,2812,207,11,14
misex1_241,10,20,5028,2842,215,3,14
misex1_241,10,20,5050,2846,237,8,14
misex1_241,10,20,5012,2803,199,9,14
misex1_241,10,20,5078,2882,265,10,14
misex1_241,10,20,5003,2798,190,13,14
misex1_241,10,20,5036,2828,223,14,14
misex1_241,10,20,5030,2851,217,15,14
misex1_241,10,20,5080,2894,267,5,15
misex1_241,10,20,5092,2904,279,7,15
misex1_241,10,20,5078,2877,265,8,15
misex1_241,10,20,5078,2881,265,6,15
misex1_241,10,20,5049,2834,236,14,15
misex1_241,10,20,5051,2853,238,9,15
misex1_241,10,20,5055,2847,242,10,15
misex1_241,10,20,5087,2882,274,12,15
misex1_241,10,20,5070,2880,257,15,15
misex1_241,10,20,5146,2941,333,13,15
misex1_241,10,20,5103,2903,290,2,15
misex1_241,10,20,5046,2842,233,11,15
misex1_241,10,20,5115,2893,302,3,15
misex1_241,10,20,5063,2860,250,4,15
misex1_241,10,20,5103,2892,290,1,15
misex1_241,10,20,5108,2897,295,2,16
misex1_241,10,20,5069,2864,256,12,16
misex1_241,10,20,5059,2856,246,13,16
misex1_241,10,20,5033,2842,220,15,16
misex1_241,10,20,5078,2865,265,4,16
misex1_241,10,20,5020,2816,207,1,16
misex1_241,10,20,5054,2844,241,7,16
misex1_241,10,20,5053,2864,240,3,16
misex1_241,10,20,5031,2840,218,6,16
misex1_241,10,20,5033,2834,220,5,16
misex1_241,10,20,5022,2815,209,10,16
misex1_241,10,20,5072,2866,259,11,16
misex1_241,10,20,5044,2851,231,14,16
misex1_241,10,20,5083,2890,270,9,16
misex1_241,10,20,5070,2877,257,8,16
misex1_241,10,20,5162,2953,349,2,17
misex1_241,10,20,5051,2846,238,5,17
misex1_241,10,20,5109,2910,296,4,17
misex1_241,10,20,5103,2885,290,8,17
misex1_241,10,20,5065,2858,252,14,17
misex1_241,10,20,5043,2838,230,9,17
misex1_241,10,20,5170,2963,357,12,17
misex1_241,10,20,5072,2879,259,15,17
misex1_241,10,20,5109,2886,296,11,17
misex1_241,10,20,5064,2858,251,3,17
misex1_241,10,20,5066,2874,253,6,17
misex1_241,10,20,5089,2884,276,1,17
misex1_241,10,20,5094,2905,281,10,17
misex1_241,10,20,5032,2845,219,13,17
misex1_241,10,20,5116,2901,303,7,17
misex1_241,10,20,5108,2906,295,1,18
misex1_241,10,20,5073,2873,260,2,18
misex1_241,10,20,5067,2852,254,5,18
misex1_241,10,20,5049,2837,236,6,18
misex1_241,10,20,5028,2842,215,9,18
misex1_241,10,20,5057,2851,244,7,18
misex1_241,10,20,5039,2841,226,13,18
misex1_241,10,20,5033,2821,220,12,18
misex1_241,10,20,5102,2916,289,14,18
misex1_241,10,20,5041,2842,228,3,18
misex1_241,10,20,5100,2869,287,15,18
misex1_241,10,20,5027,2836,214,10,18
misex1_241,10,20,5044,2842,231,4,18
misex1_241,10,20,5075,2885,262,11,18
misex1_241,10,20,5055,2863,242,8,18
misex1_241,10,20,5048,2836,235,2,19
misex1_241,10,20,5067,2858,254,4,19
misex1_241,10,20,5063,2865,250,3,19
misex1_241,10,20,5066,2858,253,10,19
misex1_241,10,20,5037,2833,224,9,19
misex1_241,10,20,5057,2865,244,1,19
misex1_241,10,20,5056,2854,243,6,19
misex1_241,10,20,5105,2903,292,8,19
misex1_241,10,20,5018,2813,205,7,19
misex1_241,10,20,5032,2832,219,11,19
misex1_241,10,20,5051,2846,238,12,19
misex1_241,10,20,5066,2853,253,14,19
misex1_241,10,20,5006,2806,193,13,19
misex1_241,10,20,5068,2872,255,15,19
misex1_241,10,20,5022,2825,209,5,19
misex1_241,10,20,5062,2896,249,2,20
misex1_241,10,20,5019,2818,206,6,20
misex1_241,10,20,5048,2841,235,3,20
misex1_241,10,20,5044,2853,231,1,20
misex1_241,10,20,5047,2845,234,8,20
misex1_241,10,20,5044,2842,231,9,20
misex1_241,10,20,4992,2811,179,14,20
misex1_241,10,20,5132,2929,319,7,20
misex1_241,10,20,5059,2859,246,13,20
misex1_241,10,20,5072,2856,259,11,20
misex1_241,10,20,5101,2911,288,15,20
misex1_241,10,20,5072,2887,259,12,20
misex1_241,10,20,5030,2833,217,10,20
misex1_241,10,20,5055,2867,242,4,20
misex1_241,10,20,5068,2851,255,5,20
misex1_241,10,20,5070,2861,257,1,21
misex1_241,10,20,5054,2852,241,15,21
misex1_241,10,20,5065,2847,252,9,21
misex1_241,10,20,5093,2893,280,10,21
misex1_241,10,20,5104,2914,291,2,21
misex1_241,10,20,5083,2870,270,3,21
misex1_241,10,20,5087,2869,274,4,21
misex1_241,10,20,5065,2849,252,13,21
misex1_241,10,20,5111,2918,298,5,21
misex1_241,10,20,5086,2874,273,6,21
misex1_241,10,20,5041,2830,228,11,21
misex1_241,10,20,5083,2867,270,8,21
misex1_241,10,20,5102,2908,289,12,21
misex1_241,10,20,5103,2897,290,7,21
misex1_241,10,20,5062,2858,249,14,21
misex1_241,10,20,5092,2868,279,2,22
misex1_241,10,20,5043,2829,230,5,22
misex1_241,10,20,5081,2889,268,1,22
misex1_241,10,20,5042,2842,229,7,22
misex1_241,10,20,5096,2880,283,9,22
misex1_241,10,20,5121,2908,308,13,22
misex1_241,10,20,5067,2881,254,14,22
misex1_241,10,20,5057,2849,244,12,22
misex1_241,10,20,5079,2866,266,15,22
misex1_241,10,20,5063,2864,250,11,22
misex1_241,10,20,5118,2899,305,6,22
misex1_241,10,20,5068,2875,255,4,22
misex1_241,10,20,5078,2890,265,3,22
misex1_241,10,20,5104,2896,291,10,22
misex1_241,10,20,5073,2878,260,8,22
misex1_241,10,20,5043,2858,230,1,23
misex1_241,10,20,5029,2831,216,8,23
misex1_241,10,20,5055,2872,242,10,23
misex1_241,10,20,5048,2861,235,9,23
misex1_241,10,20,5003,2817,190,12,23
misex1_241,10,20,5030,2834,217,2,23
misex1_241,10,20,5050,2850,237,13,23
misex1_241,10,20,5100,2890,287,14,23
misex1_241,10,20,5058,2867,245,11,23
misex1_241,10,20,5035,2856,222,6,23
misex1_241,10,20,5008,2811,195,15,23
misex1_241,10,20,5019,2830,206,7,23
misex1_241,10,20,5001,2822,188,3,23
misex1_241,10,20,5018,2832,205,5,23
misex1_241,10,20,5043,2865,230,4,23
misex1_241,10,20,5037,2831,224,3,24
misex1_241,10,20,5097,2893,284,7,24
misex1_241,10,20,5068,2879,255,9,24
misex1_241,10,20,5046,2858,233,8,24
misex1_241,10,20,5014,2813,201,14,24
misex1_241,10,20,5059,2862,246,13,24
misex1_241,10,20,5016,2805,203,15,24
misex1_241,10,20,5062,2843,249,11,24
misex1_241,10,20,5126,2910,313,6,24
misex1_241,10,20,5002,2792,189,2,24
misex1_241,10,20,5097,2895,284,5,24
misex1_241,10,20,5068,2882,255,4,24
misex1_241,10,20,5004,2799,191,10,24
misex1_241,10,20,5024,2826,211,12,24
misex1_241,10,20,5065,2864,252,1,24
misex1_241,10,20,5077,2885,264,1,25
misex1_241,10,20,5083,2891,270,2,25
misex1_241,10,20,5041,2834,228,6,25
misex1_241,10,20,5032,2852,219,14,25
misex1_241,10,20,5149,2944,336,7,25
misex1_241,10,20,5081,2890,268,9,25
misex1_241,10,20,5052,2852,239,5,25
misex1_241,10,20,5028,2826,215,15,25
misex1_241,10,20,5074,2870,261,8,25
misex1_241,10,20,5044,2832,231,11,25
misex1_241,10,20,5027,2815,214,3,25
misex1_241,10,20,5177,2962,364,12,25
misex1_241,10,20,5082,2882,269,13,25
misex1_241,10,20,5095,2881,282,10,25
misex1_241,10,20,5133,2937,320,4,25
misex1_241,10,20,5009,2811,196,3,26
misex1_241,10,20,5000,2813,187,10,26
misex1_241,10,20,5045,2856,232,1,26
misex1_241,10,20,5028,2825,215,6,26
misex1_241,10,20,4989,2811,176,5,26
misex1_241,10,20,4994,2805,181,13,26
misex1_241,10,20,5026,2827,213,15,26
misex1_241,10,20,5119,2920,306,9,26
misex1_241,10,20,4986,2812,173,2,26
misex1_241,10,20,5031,2837,218,4,26
misex1_241,10,20,5049,2857,236,12,26
misex1_241,10,20,5078,2874,265,11,26
misex1_241,10,20,4984,2803,171,8,26
misex1_241,10,20,5083,2897,270,14,26
misex1_241,10,20,5039,2844,226,7,26
misex1_241,10,20,5021,2821,208,4,27
misex1_241,10,20,5138,2947,325,5,27
misex1_241,10,20,5182,2966,369,7,27
misex1_241,10,20,5152,2964,339,9,27
misex1_241,10,20,5099,2900,286,10,27
misex1_241,10,20,5112,2907,299,1,27
misex1_241,10,20,5079,2867,266,15,27
misex1_241,10,20,5053,2841,240,11,27
misex1_241,10,20,5129,2904,316,3,27
misex1_241,10,20,5132,2936,319,6,27
misex1_241,10,20,5158,2947,345,2,27
misex1_241,10,20,5052,2866,239,8,27
misex1_241,10,20,5072,2869,259,12,27
misex1_241,10,20,5110,2903,297,13,27
misex1_241,10,20,5098,2865,285,14,27
misex1_241,10,20,5079,2887,266,5,28
misex1_241,10,20,5031,2839,218,2,28
misex1_241,10,20,5077,2870,264,13,28
misex1_241,10,20,5119,2901,306,14,28
misex1_241,10,20,5087,2898,274,15,28
misex1_241,10,20,5029,2827,216,12,28
misex1_241,10,20,5099,2887,286,8,28
misex1_241,10,20,5162,2949,349,11,28
misex1_241,10,20,5134,2935,321,9,28
misex1_241,10,20,5062,2875,249,7,28
misex1_241,10,20,5080,2871,267,3,28
misex1_241,10,20,5085,2879,272,4,28
misex1_241,10,20,5108,2885,295,1,28
misex1_241,10,20,5036,2831,223,6,28
misex1_241,10,20,5062,2842,249,10,28
misex1_241,10,20,5049,2835,236,1,29
misex1_241,10,20,5036,2834,223,3,29
misex1_241,10,20,5058,2856,245,2,29
misex1_241,10,20,5055,2853,242,4,29
misex1_241,10,20,5079,2874,266,7,29
misex1_241,10,20,5141,2919,328,11,29
misex1_241,10,20,5056,2854,243,15,29
misex1_241,10,20,5016,2808,203,12,29
misex1_241,10,20,5086,2875,273,14,29
misex1_241,10,20,5102,2902,289,13,29
misex1_241,10,20,5059,2856,246,10,29
misex1_241,10,20,5027,2813,214,9,29
misex1_241,10,20,5080,2862,267,8,29
misex1_241,10,20,5070,2850,257,6,29
misex1_241,10,20,5101,2907,288,5,29
misex1_241,10,20,5052,2856,239,3,30
misex1_241,10,20,5106,2908,293,2,30
misex1_241,10,20,5052,2851,239,4,30
misex1_241,10,20,5088,2883,275,9,30
misex1_241,10,20,5079,2872,266,1,30
misex1_241,10,20,5099,2880,286,7,30
misex1_241,10,20,5113,2897,300,8,30
misex1_241,10,20,5024,2831,211,10,30
misex1_241,10,20,5030,2841,217,5,30
misex1_241,10,20,5031,2826,218,14,30
misex1_241,10,20,5031,2832,218,11,30
misex1_241,10,20,5012,2809,199,12,30
misex1_241,10,20,5045,2842,232,13,30
misex1_241,10,20,5062,2855,249,15,30
misex1_241,10,20,5102,2898,289,6,30
misex1_241,10,20,5040,2843,227,1,31
misex1_241,10,20,5079,2860,266,7,31
misex1_241,10,20,5029,2840,216,8,31
misex1_241,10,20,5044,2835,231,9,31
misex1_241,10,20,5119,2932,306,6,31
misex1_241,10,20,5036,2851,223,10,31
misex1_241,10,20,5086,2907,273,13,31
misex1_241,10,20,5077,2872,264,11,31
misex1_241,10,20,5116,2919,303,2,31
misex1_241,10,20,5044,2839,231,3,31
misex1_241,10,20,5084,2876,271,5,31
misex1_241,10,20,5044,2846,231,12,31
misex1_241,10,20,5075,2868,262,4,31
misex1_241,10,20,5054,2861,241,15,31
misex1_241,10,20,5104,2889,291,14,31
misex1_241,10,20,5055,2872,242,1,32
misex1_241,10,20,5013,2808,200,4,32
misex1_241,10,20,5033,2845,220,7,32
misex1_241,10,20,5059,2862,246,8,32
misex1_241,10,20,5055,2846,242,13,32
misex1_241,10,20,5089,2900,276,2,32
misex1_241,10,20,5069,2875,256,15,32
misex1_241,10,20,5082,2921,269,3,32
misex1_241,10,20,5031,2833,218,12,32
misex1_241,10,20,5018,2812,205,10,32
misex1_241,10,20,4987,2791,174,9,32
misex1_241,10,20,5016,2808,203,11,32
misex1_241,10,20,5032,2855,219,14,32
misex1_241,10,20,5043,2855,230,5,32
misex1_241,10,20,4996,2799,183,6,32
misex1_241,10,20,5078,2865,265,1,33
misex1_241,10,20,5089,2883,276,6,33
misex1_241,10,20,5045,2843,232,2,33
misex1_241,10,20,5086,2889,273,13,33
misex1_241,10,20,5097,2896,284,12,33
misex1_241,10,20,5053,2848,240,14,33
misex1_241,10,20,5031,2830,218,15,33
misex1_241,10,20,5065,2860,252,5,33
misex1_241,10,20,5097,2883,284,3,33
misex1_241,10,20,5129,2921,316,4,33
misex1_241,10,20,5086,2858,273,7,33
misex1_241,10,20,5070,2876,257,8,33
misex1_241,10,20,5050,2829,237,9,33
misex1_241,10,20,5065,2870,252,10,33
misex1_241,10,20,5106,2890,293,11,33
misex1_241,10,20,5125,2905,312,2,34
misex1_241,10,20,5040,2847,227,4,34
misex1_241,10,20,5094,2881,281,6,34
misex1_241,10,20,5068,2859,255,10,34
misex1_241,10,20,5033,2829,220,3,34
misex1_241,10,20,5041,2853,228,9,34
misex1_241,10,20,5122,2929,309,13,34
misex1_241,10,20,5050,2872,237,1,34
misex1_241,10,20,5035,2834,222,8,34
misex1_241,10,20,5069,2871,256,5,34
misex1_241,10,20,5091,2906,278,12,34
misex1_241,10,20,5063,2859,250,11,34
misex1_241,10,20,5089,2892,276,15,34
misex1_241,10,20,5142,2947,329,14,34
misex1_241,10,20,5041,2831,228,7,34
misex1_241,10,20,5117,2919,304,5,35
misex1_241,10,20,5083,2893,270,14,35
misex1_241,10,20,5059,2850,246,3,35
misex1_241,10,20,5057,2846,244,8,35
misex1_241,10,20,5010,2810,197,13,35
misex1_241,10,20,5059,2864,246,1,35
misex1_241,10,20,5042,2848,229,15,35
misex1_241,10,20,4986,2797,173,2,35
misex1_241,10,20,5008,2823,195,7,35
misex1_241,10,20,4989,2812,176,6,35
misex1_241,10,20,5003,2813,190,4,35
misex1_241,10,20,5028,2816,215,11,35
misex1_241,10,20,5014,2823,201,9,35
misex1_241,10,20,4996,2806,183,10,35
misex1_241,10,20,5040,2858,227,12,35
misex1_241,10,20,5062,2865,249,2,36
misex1_241,10,20,5046,2846,233,9,36
misex1_241,10,20,5170,2985,357,8,36
misex1_241,10,20,5073,2868,260,10,36
misex1_241,10,20,5165,2947,352,12,36
misex1_241,10,20,5062,2856,249,14,36
misex1_241,10,20,5033,2842,220,11,36
misex1_241,10,20,5116,2906,303,13,36
misex1_241,10,20,5031,2830,218,4,36
misex1_241,10,20,5135,2931,322,1,36
misex1_241,10,20,5116,2893,303,7,36
misex1_241,10,20,5120,2911,307,3,36
misex1_241,10,20,5101,2884,288,6,36
misex1_241,10,20,5121,2934,308,15,36
misex1_241,10,20,5055,2845,242,5,36
misex1_241,10,20,5020,2822,207,7,37
misex1_241,10,20,5053,2888,240,13,37
misex1_241,10,20,5040,2842,227,2,37
misex1_241,10,20,5046,2847,233,1,37
misex1_241,10,20,5047,2858,234,5,37
misex1_241,10,20,5140,2947,327,6,37
misex1_241,10,20,5060,2853,247,10,37
misex1_241,10,20,5007,2809,194,4,37
misex1_241,10,20,5059,2849,246,8,37
misex1_241,10,20,5022,2809,209,9,37
misex1_241,10,20,5022,2836,209,11,37
misex1_241,10,20,5018,2814,205,12,37
misex1_241,10,20,5069,2878,256,15,37
misex1_241,10,20,5132,2904,319,14,37
misex1_241,10,20,5085,2888,272,3,37
misex1_241,10,20,5103,2888,290,4,38
misex1_241,10,20,5015,2828,202,7,38
misex1_241,10,20,5076,2870,263,8,38
misex1_241,10,20,5057,2853,244,13,38
misex1_241,10,20,5085,2882,272,15,38
misex1_241,10,20,5088,2878,275,6,38
misex1_241,10,20,5104,2886,291,9,38
misex1_241,10,20,5060,2850,247,12,38
misex1_241,10,20,5098,2887,285,14,38
misex1_241,10,20,5051,2868,238,10,38
misex1_241,10,20,5091,2879,278,3,38
misex1_241,10,20,5104,2888,291,1,38
misex1_241,10,20,5081,2875,268,2,38
misex1_241,10,20,5085,2886,272,11,38
misex1_241,10,20,5082,2873,269,5,38
misex1_241,10,20,5108,2901,295,4,39
misex1_241,10,20,5073,2870,260,5,39
misex1_241,10,20,5090,2884,277,7,39
misex1_241,10,20,5067,2866,254,11,39
misex1_241,10,20,5058,2860,245,12,39
misex1_241,10,20,5113,2914,300,13,39
misex1_241,10,20,5132,2903,319,3,39
misex1_241,10,20,5104,2912,291,2,39
misex1_241,10,20,5090,2892,277,10,39
misex1_241,10,20,5108,2891,295,9,39
misex1_241,10,20,5087,2855,274,14,39
misex1_241,10,20,5040,2845,227,6,39
misex1_241,10,20,5069,2874,256,15,39
misex1_241,10,20,5050,2858,237,1,39
misex1_241,10,20,5160,2968,347,8,39
misex1_241,10,20,5126,2915,313,2,40
misex1_241,10,20,5127,2920,314,4,40
misex1_241,10,20,5173,2974,360,13,40
misex1_241,10,20,5056,2852,243,6,40
misex1_241,10,20,5140,2951,327,11,40
misex1_241,10,20,5129,2912,316,1,40
misex1_241,10,20,5043,2829,230,12,40
misex1_241,10,20,5118,2919,305,3,40
misex1_241,10,20,5016,2818,203,8,40
misex1_241,10,20,5067,2877,254,7,40
misex1_241,10,20,5094,2892,281,15,40
misex1_241,10,20,5137,2932,324,5,40
misex1_241,10,20,5092,2860,279,9,40
misex1_241,10,20,5083,2871,270,10,40
misex1_241,10,20,5029,2835,216,14,40
misex1_241,10,20,5046,2830,233,7,41
misex1_241,10,20,5067,2877,254,1,41
misex1_241,10,20,5111,2915,298,8,41
misex1_241,10,20,5060,2851,247,3,41
misex1_241,10,20,5074,2890,261,2,41
misex1_241,10,20,5094,2906,281,5,41
misex1_241,10,20,5110,2899,297,4,41
misex1_241,10,20,5068,2889,255,11,41
misex1_241,10,20,5062,2868,249,12,41
misex1_241,10,20,5039,2833,226,15,41
misex1_241,10,20,5102,2905,289,6,41
misex1_241,10,20,5144,2931,331,9,41
misex1_241,10,20,5061,2855,248,14,41
misex1_241,10,20,5069,2866,256,10,41
misex1_241,10,20,5044,2838,231,13,41
misex1_241,10,20,5024,2819,211,7,42
misex1_241,10,20,5050,2852,237,14,42
misex1_241,10,20,5064,2872,251,15,42
misex1_241,10,20,5031,2837,218,2,42
misex1_241,10,20,5068,2851,255,5,42
misex1_241,10,20,5081,2873,268,4,42
misex1_241,10,20,5091,2889,278,3,42
misex1_241,10,20,5124,2916,311,1,42
misex1_241,10,20,5065,2865,252,8,42
misex1_241,10,20,5039,2846,226,12,42
misex1_241,10,20,5002,2817,189,11,42
misex1_241,10,20,5039,2839,226,10,42
misex1_241,10,20,5046,2834,233,9,42
misex1_241,10,20,5052,2848,239,13,42
misex1_241,10,20,5037,2844,224,6,42
misex1_241,10,20,5058,2853,245,6,43
misex1_241,10,20,5116,2905,303,14,43
misex1_241,10,20,5061,2853,248,10,43
misex1_241,10,20,5045,2848,232,5,43
misex1_241,10,20,5037,2821,224,12,43
misex1_241,10,20,5074,2865,261,13,43
misex1_241,10,20,5075,2876,262,2,43
misex1_241,10,20,5050,2834,237,15,43
misex1_241,10,20,5098,2906,285,1,43
misex1_241,10,20,5091,2904,278,3,43
misex1_241,10,20,5063,2857,250,4,43
misex1_241,10,20,5105,2930,292,7,43
misex1_241,10,20,5136,2932,323,9,43
misex1_241,10,20,5059,2881,246,11,43
misex1_241,10,20,5081,2881,268,8,43
misex1_241,10,20,5033,2846,220,6,44
misex1_241,10,20,5151,2923,338,7,44
misex1_241,10,20,5074,2862,261,5,44
misex1_241,10,20,5095,2912,282,1,44
misex1_241,10,20,5119,2916,306,2,44
misex1_241,10,20,5046,2852,233,3,44
misex1_241,10,20,5052,2854,239,8,44
misex1_241,10,20,5003,2810,190,4,44
misex1_241,10,20,5060,2880,247,12,44
misex1_241,10,20,5099,2897,286,9,44
misex1_241,10,20,5043,2846,230,13,44
misex1_241,10,20,5094,2887,281,10,44
misex1_241,10,20,5061,2881,248,11,44
misex1_241,10,20,5099,2882,286,14,44
misex1_241,10,20,5072,2876,259,15,44
misex1_241,10,20,5105,2889,292,3,45
misex1_241,10,20,5122,2919,309,7,45
misex1_241,10,20,5078,2870,265,6,45
misex1_241,10,20,5091,2880,278,12,45
misex1_241,10,20,5131,2915,318,11,45
misex1_241,10,20,5053,2860,240,10,45
misex1_241,10,20,5084,2880,271,9,45
misex1_241,10,20,5129,2920,316,2,45
misex1_241,10,20,5097,2906,284,8,45
misex1_241,10,20,5065,2848,252,1,45
misex1_241,10,20,5181,2964,368,5,45
misex1_241,10,20,5078,2883,265,4,45
misex1_241,10,20,5068,2889,255,13,45
misex1_241,10,20,5148,2965,335,14,45
misex1_241,10,20,5148,2944,335,15,45
misex1_241,10,20,5046,2852,233,5,46
misex1_241,10,20,5100,2882,287,2,46
misex1_241,10,20,5063,2853,250,1,46
misex1_241,10,20,5131,2937,318,10,46
misex1_241,10,20,5113,2923,300,9,46
misex1_241,10,20,5132,2921,319,14,46
misex1_241,10,20,5100,2895,287,15,46
misex1_241,10,20,5139,2935,326,7,46
misex1_241,10,20,5065,2864,252,6,46
misex1_241,10,20,5149,2950,336,3,46
misex1_241,10,20,5069,2857,256,4,46
misex1_241,10,20,5079,2881,266,12,46
misex1_241,10,20,5112,2896,299,13,46
misex1_241,10,20,5127,2937,314,11,46
misex1_241,10,20,5076,2875,263,8,46
misex1_241,10,20,5151,2941,338,6,47
misex1_241,10,20,5021,2813,208,12,47
misex1_241,10,20,5100,2891,287,13,47
misex1_241,10,20,5118,2902,305,15,47
misex1_241,10,20,5004,2810,191,7,47
misex1_241,10,20,5044,2855,231,14,47
misex1_241,10,20,5084,2903,271,8,47
misex1_241,10,20,5125,2927,312,11,47
misex1_241,10,20,5123,2898,310,2,47
misex1_241,10,20,5093,2880,280,5,47
misex1_241,10,20,5110,2918,297,1,47
misex1_241,10,20,5112,2918,299,3,47
misex1_241,10,20,5038,2846,225,10,47
misex1_241,10,20,5095,2890,282,9,47
misex1_241,10,20,5084,2871,271,4,47
misex1_241,10,20,5099,2880,286,4,48
misex1_241,10,20,5072,2879,259,5,48
misex1_241,10,20,5094,2884,281,8,48
misex1_241,10,20,5130,2924,317,9,48
misex1_241,10,20,5069,2872,256,3,48
misex1_241,10,20,5069,2859,256,1,48
misex1_241,10,20,5043,2838,230,2,48
misex1_241,10,20,5085,2891,272,11,48
misex1_241,10,20,5081,2868,268,13,48
misex1_241,10,20,5066,2859,253,12,48
misex1_241,10,20,5053,2868,240,7,48
misex1_241,10,20,5078,2888,265,15,48
misex1_241,10,20,5087,2877,274,14,48
misex1_241,10,20,5011,2811,198,6,48
misex1_241,10,20,5043,2843,230,10,48
misex1_241,10,20,5059,2831,246,4,49
misex1_241,10,20,5098,2860,285,10,49
misex1_241,10,20,5042,2834,229,12,49
misex1_241,10,20,5057,2873,244,11,49
misex1_241,10,20,5059,2842,246,14,49
misex1_241,10,20,5015,2821,202,5,49
misex1_241,10,20,5047,2848,234,2,49
misex1_241,10,20,5018,2831,205,3,49
misex1_241,10,20,5126,2901,313,1,49
misex1_241,10,20,5072,2856,259,6,49
misex1_241,10,20,5055,2839,242,8,49
misex1_241,10,20,5060,2852,247,7,49
misex1_241,10,20,5069,2858,256,9,49
misex1_241,10,20,4996,2807,183,13,49
misex1_241,10,20,5096,2901,283,15,49
misex1_241,10,20,5061,2877,248,2,50
misex1_241,10,20,5036,2817,223,5,50
misex1_241,10,20,5037,2856,224,15,50
misex1_241,10,20,5090,2877,277,12,50
misex1_241,10,20,5045,2859,232,1,50
misex1_241,10,20,5067,2857,254,3,50
misex1_241,10,20,5048,2856,235,7,50
misex1_241,10,20,5103,2878,290,4,50
misex1_241,10,20,5029,2817,216,9,50
misex1_241,10,20,5042,2854,229,13,50
misex1_241,10,20,5034,2830,221,8,50
misex1_241,10,20,5093,2877,280,14,50
misex1_241,10,20,5027,2844,214,11,50
misex1_241,10,20,5007,2806,194,10,50
misex1_241,10,20,5080,2897,267,6,50
miller_11,10,1,59,39,9,1,0
miller_11,10,1,59,39,9,2,0
miller_11,10,1,59,37,9,3,0
miller_11,10,1,59,38,9,4,0
miller_11,10,1,59,37,9,6,0
miller_11,10,1,59,38,9,5,0
miller_11,10,1,59,38,9,7,0
miller_11,10,1,59,38,9,9,0
miller_11,10,1,59,38,9,8,0
miller_11,10,1,59,38,9,10,0
miller_11,10,1,59,40,9,11,0
miller_11,10,1,59,40,9,12,0
miller_11,10,1,59,40,9,13,0
miller_11,10,1,59,39,9,14,0
miller_11,10,1,59,39,9,15,0
cycle10_2_110,10,20,6685,3917,635,3,0
cycle10_2_110,10,20,6698,3915,648,1,0
cycle10_2_110,10,20,6770,3987,720,7,0
cycle10_2_110,10,20,6683,3918,633,6,0
cycle10_2_110,10,20,6660,3892,610,2,0
cycle10_2_110,10,20,6674,3911,624,4,0
cycle10_2_110,10,20,6733,3944,683,5,0
cycle10_2_110,10,20,6655,3899,605,8,0
cycle10_2_110,10,20,6712,3957,662,9,0
cycle10_2_110,10,20,6741,3969,691,10,0
cycle10_2_110,10,20,6690,3955,640,11,0
cycle10_2_110,10,20,6692,3903,642,12,0
cycle10_2_110,10,20,6791,4003,741,13,0
cycle10_2_110,10,20,6655,3866,605,14,0
cycle10_2_110,10,20,6780,4020,730,15,0
cycle10_2_110,10,20,6610,3864,560,3,1
cycle10_2_110,10,20,6615,3870,565,5,1
cycle10_2_110,10,20,6627,3853,577,12,1
cycle10_2_110,10,20,6661,3895,611,6,1
cycle10_2_110,10,20,6644,3897,594,8,1
cycle10_2_110,10,20,6626,3882,576,9,1
cycle10_2_110,10,20,6723,3937,673,13,1
cycle10_2_110,10,20,6683,3893,633,2,1
cycle10_2_110,10,20,6641,3889,591,10,1
cycle10_2_110,10,20,6625,3871,575,4,1
cycle10_2_110,10,20,6649,3882,599,11,1
cycle10_2_110,10,20,6773,4009,723,1,1
cycle10_2_110,10,20,6652,3873,602,7,1
cycle10_2_110,10,20,6607,3837,557,14,1
cycle10_2_110,10,20,6647,3883,597,15,1
cycle10_2_110,10,20,6651,3868,601,3,2
cycle10_2_110,10,20,6637,3842,587,5,2
cycle10_2_110,10,20,6574,3820,524,7,2
cycle10_2_110,10,20,6487,3729,437,4,2
cycle10_2_110,10,20,6613,3833,563,1,2
cycle10_2_110,10,20,6671,3879,621,6,2
cycle10_2_110,10,20,6627,3871,577,9,2
cycle10_2_110,10,20,6563,3811,513,10,2
cycle10_2_110,10,20,6590,3834,540,11,2
cycle10_2_110,10,20,6625,3853,575,8,2
cycle10_2_110,10,20,6509,3748,459,13,2
cycle10_2_110,10,20,6577,3846,527,12,2
cycle10_2_110,10,20,6567,3822,517,14,2
cycle10_2_110,10,20,6707,3910,657,15,2
cycle10_2_110,10,20,6616,3825,566,2,2
cycle10_2_110,10,20,6697,3936,647,6,3
cycle10_2_110,10,20,6565,3806,515,14,3
cycle10_2_110,10,20,6577,3800,527,12,3
cycle10_2_110,10,20,6444,3700,394,8,3
cycle10_2_110,10,20,6629,3859,579,15,3
cycle10_2_110,10,20,6715,3910,665,13,3
cycle10_2_110,10,20,6554,3803,504,7,3
cycle10_2_110,10,20,6594,3835,544,5,3
cycle10_2_110,10,20,6590,3835,540,9,3
cycle10_2_110,10,20,6540,3797,490,3,3
cycle10_2_110,10,20,6568,3819,518,4,3
cycle10_2_110,10,20,6720,3951,670,2,3
cycle10_2_110,10,20,6615,3842,565,1,3
cycle10_2_110,10,20,6643,3843,593,11,3
cycle10_2_110,10,20,6631,3844,581,10,3
cycle10_2_110,10,20,6540,3785,490,4,4
cycle10_2_110,10,20,6612,3862,562,10,4
cycle10_2_110,10,20,6630,3853,580,7,4
cycle10_2_110,10,20,6760,3934,710,5,4
cycle10_2_110,10,20,6568,3814,518,13,4
cycle10_2_110,10,20,6580,3812,530,12,4
cycle10_2_110,10,20,6645,3895,595,11,4
cycle10_2_110,10,20,6743,3977,693,9,4
cycle10_2_110,10,20,6499,3733,449,2,4
cycle10_2_110,10,20,6587,3795,537,8,4
cycle10_2_110,10,20,6643,3877,593,3,4
cycle10_2_110,10,20,6595,3843,545,6,4
cycle10_2_110,10,20,6537,3793,487,1,4
cycle10_2_110,10,20,6606,3831,556,15,4
cycle10_2_110,10,20,6660,3903,610,14,4
cycle10_2_110,10,20,6670,3887,620,14,5
cycle10_2_110,10,20,6540,3808,490,9,5
cycle10_2_110,10,20,6591,3849,541,15,5
cycle10_2_110,10,20,6643,3885,593,10,5
cycle10_2_110,10,20,6627,3869,577,1,5
cycle10_2_110,10,20,6661,3894,611,2,5
cycle10_2_110,10,20,6591,3845,541,3,5
cycle10_2_110,10,20,6562,3810,512,6,5
cycle10_2_110,10,20,6603,3795,553,7,5
cycle10_2_110,10,20,6596,3849,546,5,5
cycle10_2_110,10,20,6643,3856,593,8,5
cycle10_2_110,10,20,6620,3846,570,4,5
cycle10_2_110,10,20,6727,3946,677,11,5
cycle10_2_110,10,20,6556,3798,506,12,5
cycle10_2_110,10,20,6718,3917,668,13,5
cycle10_2_110,10,20,6686,3886,636,1,6
cycle10_2_110,10,20,6675,3931,625,6,6
cycle10_2_110,10,20,6772,3972,722,8,6
cycle10_2_110,10,20,6644,3894,594,12,6
cycle10_2_110,10,20,6677,3919,627,14,6
cycle10_2_110,10,20,6636,3883,586,4,6
cycle10_2_110,10,20,6689,3901,639,9,6
cycle10_2_110,10,20,6654,3878,604,10,6
cycle10_2_110,10,20,6628,3894,578,3,6
cycle10_2_110,10,20,6652,3893,602,7,6
cycle10_2_110,10,20,6672,3914,622,5,6
cycle10_2_110,10,20,6675,3920,625,15,6
cycle10_2_110,10,20,6697,3929,647,11,6
cycle10_2_110,10,20,6755,3985,705,13,6
cycle10_2_110,10,20,6671,3873,621,2,6
cycle10_2_110,10,20,6702,3902,652,4,7
cycle10_2_110,10,20,6638,3894,588,11,7
cycle10_2_110,10,20,6479,3740,429,7,7
cycle10_2_110,10,20,6609,3866,559,5,7
cycle10_2_110,10,20,6664,3879,614,1,7
cycle10_2_110,10,20,6544,3806,494,3,7
cycle10_2_110,10,20,6469,3723,419,13,7
cycle10_2_110,10,20,6635,3887,585,12,7
cycle10_2_110,10,20,6724,3994,674,2,7
cycle10_2_110,10,20,6522,3765,472,15,7
cycle10_2_110,10,20,6670,3870,620,14,7
cycle10_2_110,10,20,6609,3865,559,6,7
cycle10_2_110,10,20,6558,3812,508,10,7
cycle10_2_110,10,20,6638,3857,588,9,7
cycle10_2_110,10,20,6676,3880,626,8,7
cycle10_2_110,10,20,6690,3905,640,1,8
cycle10_2_110,10,20,6605,3819,555,4,8
cycle10_2_110,10,20,6692,3886,642,5,8
cycle10_2_110,10,20,6638,3892,588,8,8
cycle10_2_110,10,20,6628,3873,578,10,8
cycle10_2_110,10,20,6652,3883,602,14,8
cycle10_2_110,10,20,6655,3902,605,13,8
cycle10_2_110,10,20,6685,3907,635,15,8
cycle10_2_110,10,20,6636,3865,586,2,8
cycle10_2_110,10,20,6696,3927,646,3,8
cycle10_2_110,10,20,6650,3897,600,6,8
cycle10_2_110,10,20,6707,3942,657,7,8
cycle10_2_110,10,20,6686,3950,636,9,8
cycle10_2_110,10,20,6678,3920,628,11,8
cycle10_2_110,10,20,6681,3911,631,12,8
cycle10_2_110,10,20,6567,3800,517,3,9
cycle10_2_110,10,20,6564,3842,514,14,9
cycle10_2_110,10,20,6697,3906,647,15,9
cycle10_2_110,10,20,6696,3903,646,13,9
cycle10_2_110,10,20,6651,3875,601,5,9
cycle10_2_110,10,20,6670,3894,620,1,9
cycle10_2_110,10,20,6619,3885,569,12,9
cycle10_2_110,10,20,6709,3935,659,11,9
cycle10_2_110,10,20,6612,3873,562,7,9
cycle10_2_110,10,20,6644,3890,594,8,9
cycle10_2_110,10,20,6578,3828,528,9,9
cycle10_2_110,10,20,6776,3985,726,10,9
cycle10_2_110,10,20,6714,3918,664,2,9
cycle10_2_110,10,20,6595,3836,545,4,9
cycle10_2_110,10,20,6604,3844,554,6,9
cycle10_2_110,10,20,6685,3893,635,1,10
cycle10_2_110,10,20,6671,3909,621,15,10
cycle10_2_110,10,20,6703,3930,653,13,10
cycle10_2_110,10,20,6627,3868,577,11,10
cycle10_2_110,10,20,6595,3842,545,2,10
cycle10_2_110,10,20,6801,3975,751,5,10
cycle10_2_110,10,20,6789,3998,739,6,10
cycle10_2_110,10,20,6614,3845,564,9,10
cycle10_2_110,10,20,6684,3893,634,8,10
cycle10_2_110,10,20,6637,3869,587,10,10
cycle10_2_110,10,20,6778,3960,728,12,10
cycle10_2_110,10,20,6690,3924,640,4,10
cycle10_2_110,10,20,6579,3805,529,3,10
cycle10_2_110,10,20,6713,3912,663,14,10
cycle10_2_110,10,20,6587,3822,537,7,10
cycle10_2_110,10,20,6654,3861,604,5,11
cycle10_2_110,10,20,6603,3820,553,1,11
cycle10_2_110,10,20,6667,3883,617,6,11
cycle10_2_110,10,20,6671,3870,621,11,11
cycle10_2_110,10,20,6600,3838,550,9,11
cycle10_2_110,10,20,6633,3859,583,2,11
cycle10_2_110,10,20,6639,3843,589,4,11
cycle10_2_110,10,20,6592,3821,542,3,11
cycle10_2_110,10,20,6576,3833,526,10,11
cycle10_2_110,10,20,6622,3868,572,7,11
cycle10_2_110,10,20,6600,3822,550,8,11
cycle10_2_110,10,20,6603,3838,553,13,11
cycle10_2_110,10,20,6684,3921,634,12,11
cycle10_2_110,10,20,6642,3879,592,14,11
cycle10_2_110,10,20,6546,3798,496,15,11
cycle10_2_110,10,20,6561,3826,511,1,12
cycle10_2_110,10,20,6541,3793,491,2,12
cycle10_2_110,10,20,6562,3830,512,7,12
cycle10_2_110,10,20,6581,3830,531,12,12
cycle10_2_110,10,20,6647,3891,597,13,12
cycle10_2_110,10,20,6561,3786,511,3,12
cycle10_2_110,10,20,6596,3860,546,10,12
cycle10_2_110,10,20,6631,3886,581,4,12
cycle10_2_110,10,20,6679,3898,629,11,12
cycle10_2_110,10,20,6560,3817,510,8,12
cycle10_2_110,10,20,6574,3808,524,14,12
cycle10_2_110,10,20,6737,3926,687,9,12
cycle10_2_110,10,20,6569,3817,519,5,12
cycle10_2_110,10,20,6603,3817,553,15,12
cycle10_2_110,10,20,6754,3976,704,6,12
cycle10_2_110,10,20,6614,3858,564,3,13
cycle10_2_110,10,20,6630,3870,580,2,13
cycle10_2_110,10,20,6661,3918,611,10,13
cycle10_2_110,10,20,6667,3926,617,6,13
cycle10_2_110,10,20,6629,3856,579,4,13
cycle10_2_110,10,20,6560,3817,510,1,13
cycle10_2_110,10,20,6632,3867,582,13,13
cycle10_2_110,10,20,6534,3806,484,11,13
cycle10_2_110,10,20,6684,3918,634,12,13
cycle10_2_110,10,20,6694,3927,644,7,13
cycle10_2_110,10,20,6711,3927,661,9,13
cycle10_2_110,10,20,6627,3844,577,14,13
cycle10_2_110,10,20,6663,3920,613,15,13
cycle10_2_110,10,20,6580,3832,530,5,13
cycle10_2_110,10,20,6686,3930,636,8,13
cycle10_2_110,10,20,6579,3814,529,2,14
cycle10_2_110,10,20,6614,3857,564,8,14
cycle10_2_110,10,20,6635,3896,585,9,14
cycle10_2_110,10,20,6673,3889,623,6,14
cycle10_2_110,10,20,6656,3872,606,13,14
cycle10_2_110,10,20,6699,3904,649,14,14
cycle10_2_110,10,20,6627,3894,577,15,14
cycle10_2_110,10,20,6590,3847,540,10,14
cycle10_2_110,10,20,6580,3837,530,1,14
cycle10_2_110,10,20,6592,3843,542,12,14
cycle10_2_110,10,20,6617,3891,567,3,14
cycle10_2_110,10,20,6652,3893,602,4,14
cycle10_2_110,10,20,6564,3794,514,5,14
cycle10_2_110,10,20,6596,3851,546,7,14
cycle10_2_110,10,20,6594,3883,544,11,14
cycle10_2_110,10,20,6707,3943,657,6,15
cycle10_2_110,10,20,6723,3907,673,5,15
cycle10_2_110,10,20,6688,3923,638,1,15
cycle10_2_110,10,20,6626,3882,576,12,15
cycle10_2_110,10,20,6731,3972,681,13,15
cycle10_2_110,10,20,6677,3896,627,11,15
cycle10_2_110,10,20,6709,3928,659,14,15
cycle10_2_110,10,20,6670,3915,620,4,15
cycle10_2_110,10,20,6560,3798,510,15,15
cycle10_2_110,10,20,6603,3841,553,2,15
cycle10_2_110,10,20,6599,3831,549,10,15
cycle10_2_110,10,20,6627,3882,577,8,15
cycle10_2_110,10,20,6672,3887,622,3,15
cycle10_2_110,10,20,6558,3791,508,9,15
cycle10_2_110,10,20,6676,3875,626,7,15
cycle10_2_110,10,20,6574,3831,524,1,16
cycle10_2_110,10,20,6661,3929,611,7,16
cycle10_2_110,10,20,6650,3894,600,8,16
cycle10_2_110,10,20,6628,3840,578,13,16
cycle10_2_110,10,20,6546,3787,496,5,16
cycle10_2_110,10,20,6710,3933,660,14,16
cycle10_2_110,10,20,6579,3844,529,3,16
cycle10_2_110,10,20,6601,3847,551,2,16
cycle10_2_110,10,20,6578,3828,528,4,16
cycle10_2_110,10,20,6693,3899,643,9,16
cycle10_2_110,10,20,6591,3812,541,10,16
cycle10_2_110,10,20,6734,3953,684,12,16
cycle10_2_110,10,20,6607,3854,557,15,16
cycle10_2_110,10,20,6727,3946,677,6,16
cycle10_2_110,10,20,6606,3838,556,11,16
cycle10_2_110,10,20,6684,3922,634,3,17
cycle10_2_110,10,20,6716,3916,666,13,17
cycle10_2_110,10,20,6716,3960,666,14,17
cycle10_2_110,10,20,6589,3855,539,4,17
cycle10_2_110,10,20,6614,3852,564,2,17
cycle10_2_110,10,20,6559,3824,509,1,17
cycle10_2_110,10,20,6592,3826,542,6,17
cycle10_2_110,10,20,6576,3827,526,12,17
cycle10_2_110,10,20,6717,3958,667,5,17
cycle10_2_110,10,20,6661,3919,611,11,17
cycle10_2_110,10,20,6589,3813,539,8,17
cycle10_2_110,10,20,6634,3871,584,10,17
cycle10_2_110,10,20,6566,3820,516,9,17
cycle10_2_110,10,20,6631,3865,581,7,17
cycle10_2_110,10,20,6676,3855,626,15,17
cycle10_2_110,10,20,6686,3930,636,7,18
cycle10_2_110,10,20,6637,3903,587,8,18
cycle10_2_110,10,20,6662,3864,612,9,18
cycle10_2_110,10,20,6755,3958,705,13,18
cycle10_2_110,10,20,6624,3862,574,11,18
cycle10_2_110,10,20,6745,3971,695,1,18
cycle10_2_110,10,20,6774,3986,724,3,18
cycle10_2_110,10,20,6723,3932,673,5,18
cycle10_2_110,10,20,6669,3888,619,14,18
cycle10_2_110,10,20,6453,3727,403,4,18
cycle10_2_110,10,20,6578,3799,528,12,18
cycle10_2_110,10,20,6666,3871,616,2,18
cycle10_2_110,10,20,6748,3948,698,6,18
cycle10_2_110,10,20,6687,3904,637,15,18
cycle10_2_110,10,20,6702,3935,652,10,18
cycle10_2_110,10,20,6659,3894,609,2,19
cycle10_2_110,10,20,6704,3890,654,3,19
cycle10_2_110,10,20,6661,3889,611,9,19
cycle10_2_110,10,20,6706,3910,656,14,19
cycle10_2_110,10,20,6751,3973,701,5,19
cycle10_2_110,10,20,6708,3942,658,1,19
cycle10_2_110,10,20,6682,3905,632,15,19
cycle10_2_110,10,20,6733,3936,683,4,19
cycle10_2_110,10,20,6741,3964,691,6,19
cycle10_2_110,10,20,6668,3911,618,7,19
cycle10_2_110,10,20,6733,3959,683,8,19
cycle10_2_110,10,20,6651,3901,601,12,19
cycle10_2_110,10,20,6665,3896,615,11,19
cycle10_2_110,10,20,6748,3910,698,10,19
cycle10_2_110,10,20,6740,3949,690,13,19
cycle10_2_110,10,20,6700,3896,650,4,20
cycle10_2_110,10,20,6680,3893,630,6,20
cycle10_2_110,10,20,6556,3836,506,8,20
cycle10_2_110,10,20,6588,3819,538,14,20
cycle10_2_110,10,20,6595,3849,545,9,20
cycle10_2_110,10,20,6771,3977,721,13,20
cycle10_2_110,10,20,6593,3812,543,2,20
cycle10_2_110,10,20,6567,3818,517,10,20
cycle10_2_110,10,20,6578,3795,528,11,20
cycle10_2_110,10,20,6635,3874,585,3,20
cycle10_2_110,10,20,6770,3954,720,1,20
cycle10_2_110,10,20,6717,3937,667,12,20
cycle10_2_110,10,20,6664,3870,614,5,20
cycle10_2_110,10,20,6596,3862,546,15,20
cycle10_2_110,10,20,6661,3887,611,7,20
cycle10_2_110,10,20,6609,3846,559,2,21
cycle10_2_110,10,20,6566,3801,516,4,21
cycle10_2_110,10,20,6548,3825,498,12,21
cycle10_2_110,10,20,6629,3837,579,3,21
cycle10_2_110,10,20,6613,3837,563,7,21
cycle10_2_110,10,20,6550,3790,500,13,21
cycle10_2_110,10,20,6597,3821,547,8,21
cycle10_2_110,10,20,6617,3837,567,15,21
cycle10_2_110,10,20,6620,3857,570,14,21
cycle10_2_110,10,20,6589,3842,539,1,21
cycle10_2_110,10,20,6653,3872,603,11,21
cycle10_2_110,10,20,6599,3798,549,5,21
cycle10_2_110,10,20,6628,3861,578,10,21
cycle10_2_110,10,20,6685,3839,635,6,21
cycle10_2_110,10,20,6703,3928,653,9,21
cycle10_2_110,10,20,6718,3929,668,5,22
cycle10_2_110,10,20,6641,3830,591,8,22
cycle10_2_110,10,20,6638,3871,588,1,22
cycle10_2_110,10,20,6728,3947,678,15,22
cycle10_2_110,10,20,6702,3928,652,7,22
cycle10_2_110,10,20,6664,3883,614,6,22
cycle10_2_110,10,20,6714,3932,664,4,22
cycle10_2_110,10,20,6718,3949,668,2,22
cycle10_2_110,10,20,6682,3901,632,3,22
cycle10_2_110,10,20,6539,3785,489,9,22
cycle10_2_110,10,20,6700,3926,650,14,22
cycle10_2_110,10,20,6736,3941,686,13,22
cycle10_2_110,10,20,6601,3839,551,11,22
cycle10_2_110,10,20,6658,3858,608,12,22
cycle10_2_110,10,20,6688,3907,638,10,22
cycle10_2_110,10,20,6596,3839,546,7,23
cycle10_2_110,10,20,6630,3869,580,4,23
cycle10_2_110,10,20,6638,3880,588,5,23
cycle10_2_110,10,20,6538,3777,488,8,23
cycle10_2_110,10,20,6721,3897,671,3,23
cycle10_2_110,10,20,6619,3829,569,6,23
cycle10_2_110,10,20,6650,3883,600,2,23
cycle10_2_110,10,20,6762,3985,712,9,23
cycle10_2_110,10,20,6562,3772,512,10,23
cycle10_2_110,10,20,6521,3765,471,13,23
cycle10_2_110,10,20,6683,3914,633,15,23
cycle10_2_110,10,20,6734,3955,684,12,23
cycle10_2_110,10,20,6569,3821,519,11,23
cycle10_2_110,10,20,6611,3850,561,14,23
cycle10_2_110,10,20,6645,3867,595,1,23
cycle10_2_110,10,20,6740,3930,690,1,24
cycle10_2_110,10,20,6621,3856,571,4,24
cycle10_2_110,10,20,6621,3872,571,2,24
cycle10_2_110,10,20,6723,3934,673,6,24
cycle10_2_110,10,20,6580,3803,530,9,24
cycle10_2_110,10,20,6680,3886,630,14,24
cycle10_2_110,10,20,6603,3858,553,5,24
cycle10_2_110,10,20,6703,3923,653,12,24
cycle10_2_110,10,20,6760,3974,710,8,24
cycle10_2_110,10,20,6569,3824,519,7,24
cycle10_2_110,10,20,6496,3761,446,11,24
cycle10_2_110,10,20,6636,3884,586,15,24
cycle10_2_110,10,20,6659,3865,609,13,24
cycle10_2_110,10,20,6627,3843,577,10,24
cycle10_2_110,10,20,6648,3886,598,3,24
cycle10_2_110,10,20,6612,3851,562,3,25
cycle10_2_110,10,20,6591,3831,541,7,25
cycle10_2_110,10,20,6599,3826,549,9,25
cycle10_2_110,10,20,6570,3813,520,11,25
cycle10_2_110,10,20,6568,3810,518,14,25
cycle10_2_110,10,20,6514,3762,464,2,25
cycle10_2_110,10,20,6753,3966,703,12,25
cycle10_2_110,10,20,6745,3945,695,13,25
cycle10_2_110,10,20,6731,3965,681,15,25
cycle10_2_110,10,20,6732,3960,682,1,25
cycle10_2_110,10,20,6576,3806,526,4,25
cycle10_2_110,10,20,6711,3933,661,5,25
cycle10_2_110,10,20,6729,3928,679,8,25
cycle10_2_110,10,20,6514,3785,464,6,25
cycle10_2_110,10,20,6648,3895,598,10,25
cycle10_2_110,10,20,6597,3851,547,6,26
cycle10_2_110,10,20,6773,4010,723,7,26
cycle10_2_110,10,20,6579,3810,529,12,26
cycle10_2_110,10,20,6728,3960,678,13,26
cycle10_2_110,10,20,6593,3810,543,3,26
cycle10_2_110,10,20,6602,3853,552,14,26
cycle10_2_110,10,20,6556,3782,506,15,26
cycle10_2_110,10,20,6639,3844,589,5,26
cycle10_2_110,10,20,6617,3850,567,1,26
cycle10_2_110,10,20,6546,3808,496,2,26
cycle10_2_110,10,20,6657,3898,607,8,26
cycle10_2_110,10,20,6655,3873,605,11,26
cycle10_2_110,10,20,6526,3781,476,4,26
cycle10_2_110,10,20,6604,3846,554,10,26
cycle10_2_110,10,20,6611,3821,561,9,26
cycle10_2_110,10,20,6688,3895,638,5,27
cycle10_2_110,10,20,6619,3866,569,7,27
cycle10_2_110,10,20,6663,3920,613,8,27
cycle10_2_110,10,20,6661,3849,611,6,27
cycle10_2_110,10,20,6736,3890,686,2,27
cycle10_2_110,10,20,6593,3812,543,1,27
cycle10_2_110,10,20,6666,3914,616,9,27
cycle10_2_110,10,20,6616,3817,566,4,27
cycle10_2_110,10,20,6630,3876,580,10,27
cycle10_2_110,10,20,6707,3979,657,12,27
cycle10_2_110,10,20,6674,3885,624,3,27
cycle10_2_110,10,20,6594,3843,544,11,27
cycle10_2_110,10,20,6737,3960,687,13,27
cycle10_2_110,10,20,6695,3922,645,14,27
cycle10_2_110,10,20,6630,3871,580,15,27
cycle10_2_110,10,20,6670,3879,620,6,28
cycle10_2_110,10,20,6718,3902,668,8,28
cycle10_2_110,10,20,6722,3924,672,7,28
cycle10_2_110,10,20,6582,3803,532,9,28
cycle10_2_110,10,20,6771,3983,721,10,28
cycle10_2_110,10,20,6733,3970,683,1,28
cycle10_2_110,10,20,6648,3884,598,12,28
cycle10_2_110,10,20,6724,3945,674,13,28
cycle10_2_110,10,20,6672,3907,622,14,28
cycle10_2_110,10,20,6650,3879,600,5,28
cycle10_2_110,10,20,6576,3837,526,4,28
cycle10_2_110,10,20,6721,3926,671,2,28
cycle10_2_110,10,20,6718,3947,668,15,28
cycle10_2_110,10,20,6696,3893,646,11,28
cycle10_2_110,10,20,6673,3892,623,3,28
cycle10_2_110,10,20,6596,3850,546,1,29
cycle10_2_110,10,20,6628,3857,578,4,29
cycle10_2_110,10,20,6606,3872,556,2,29
cycle10_2_110,10,20,6562,3797,512,10,29
cycle10_2_110,10,20,6584,3822,534,3,29
cycle10_2_110,10,20,6563,3818,513,8,29
cycle10_2_110,10,20,6669,3892,619,5,29
cycle10_2_110,10,20,6725,3945,675,9,29
cycle10_2_110,10,20,6467,3705,417,6,29
cycle10_2_110,10,20,6606,3859,556,14,29
cycle10_2_110,10,20,6578,3809,528,13,29
cycle10_2_110,10,20,6572,3795,522,12,29
cycle10_2_110,10,20,6696,3898,646,15,29
cycle10_2_110,10,20,6693,3878,643,11,29
cycle10_2_110,10,20,6770,3958,720,7,29
cycle10_2_110,10,20,6623,3849,573,2,30
cycle10_2_110,10,20,6591,3835,541,14,30
cycle10_2_110,10,20,6665,3904,615,15,30
cycle10_2_110,10,20,6661,3910,611,13,30
cycle10_2_110,10,20,6677,3893,627,11,30
cycle10_2_110,10,20,6616,3867,566,4,30
cycle10_2_110,10,20,6690,3895,640,1,30
cycle10_2_110,10,20,6615,3868,565,6,30
cycle10_2_110,10,20,6714,3950,664,5,30
cycle10_2_110,10,20,6650,3899,600,9,30
cycle10_2_110,10,20,6685,3917,635,12,30
cycle10_2_110,10,20,6639,3862,589,3,30
cycle10_2_110,10,20,6671,3876,621,10,30
cycle10_2_110,10,20,6665,3933,615,8,30
cycle10_2_110,10,20,6665,3885,615,7,30
cycle10_2_110,10,20,6528,3817,478,1,31
cycle10_2_110,10,20,6657,3895,607,2,31
cycle10_2_110,10,20,6711,3892,661,7,31
cycle10_2_110,10,20,6528,3791,478,5,31
cycle10_2_110,10,20,6543,3792,493,6,31
cycle10_2_110,10,20,6664,3875,614,8,31
cycle10_2_110,10,20,6773,3974,723,13,31
cycle10_2_110,10,20,6606,3847,556,10,31
cycle10_2_110,10,20,6564,3805,514,9,31
cycle10_2_110,10,20,6720,3942,670,11,31
cycle10_2_110,10,20,6596,3836,546,12,31
cycle10_2_110,10,20,6657,3875,607,14,31
cycle10_2_110,10,20,6778,3968,728,15,31
cycle10_2_110,10,20,6643,3881,593,4,31
cycle10_2_110,10,20,6622,3841,572,3,31
cycle10_2_110,10,20,6638,3873,588,4,32
cycle10_2_110,10,20,6580,3823,530,7,32
cycle10_2_110,10,20,6689,3911,639,9,32
cycle10_2_110,10,20,6595,3835,545,13,32
cycle10_2_110,10,20,6726,3939,676,1,32
cycle10_2_110,10,20,6651,3850,601,3,32
cycle10_2_110,10,20,6604,3824,554,15,32
cycle10_2_110,10,20,6693,3923,643,2,32
cycle10_2_110,10,20,6675,3916,625,5,32
cycle10_2_110,10,20,6673,3890,623,10,32
cycle10_2_110,10,20,6672,3885,622,8,32
cycle10_2_110,10,20,6693,3900,643,12,32
cycle10_2_110,10,20,6700,3909,650,11,32
cycle10_2_110,10,20,6637,3877,587,14,32
cycle10_2_110,10,20,6715,3958,665,6,32
cycle10_2_110,10,20,6527,3769,477,7,33
cycle10_2_110,10,20,6632,3869,582,8,33
cycle10_2_110,10,20,6604,3866,554,9,33
cycle10_2_110,10,20,6602,3834,552,6,33
cycle10_2_110,10,20,6614,3835,564,10,33
cycle10_2_110,10,20,6638,3871,588,11,33
cycle10_2_110,10,20,6587,3854,537,15,33
cycle10_2_110,10,20,6684,3900,634,2,33
cycle10_2_110,10,20,6607,3829,557,3,33
cycle10_2_110,10,20,6629,3861,579,5,33
cycle10_2_110,10,20,6581,3799,531,4,33
cycle10_2_110,10,20,6589,3834,539,13,33
cycle10_2_110,10,20,6632,3889,582,14,33
cycle10_2_110,10,20,6623,3845,573,1,33
cycle10_2_110,10,20,6506,3750,456,12,33
cycle10_2_110,10,20,6720,3936,670,7,34
cycle10_2_110,10,20,6606,3874,556,9,34
cycle10_2_110,10,20,6614,3846,564,10,34
cycle10_2_110,10,20,6620,3875,570,4,34
cycle10_2_110,10,20,6750,3945,700,8,34
cycle10_2_110,10,20,6715,3937,665,12,34
cycle10_2_110,10,20,6735,3945,685,15,34
cycle10_2_110,10,20,6717,3940,667,13,34
cycle10_2_110,10,20,6703,3920,653,14,34
cycle10_2_110,10,20,6678,3909,628,1,34
cycle10_2_110,10,20,6597,3836,547,5,34
cycle10_2_110,10,20,6675,3914,625,3,34
cycle10_2_110,10,20,6627,3877,577,6,34
cycle10_2_110,10,20,6718,3951,668,11,34
cycle10_2_110,10,20,6686,3920,636,2,34
cycle10_2_110,10,20,6710,3952,660,5,35
cycle10_2_110,10,20,6674,3912,624,4,35
cycle10_2_110,10,20,6594,3816,544,10,35
cycle10_2_110,10,20,6615,3884,565,9,35
cycle10_2_110,10,20,6610,3865,560,12,35
cycle10_2_110,10,20,6615,3825,565,13,35
cycle10_2_110,10,20,6596,3855,546,2,35
cycle10_2_110,10,20,6589,3816,539,8,35
cycle10_2_110,10,20,6531,3789,481,14,35
cycle10_2_110,10,20,6674,3919,624,15,35
cycle10_2_110,10,20,6661,3850,611,11,35
cycle10_2_110,10,20,6695,3922,645,3,35
cycle10_2_110,10,20,6664,3917,614,1,35
cycle10_2_110,10,20,6661,3869,611,6,35
cycle10_2_110,10,20,6564,3834,514,7,35
cycle10_2_110,10,20,6694,3890,644,6,36
cycle10_2_110,10,20,6674,3925,624,7,36
cycle10_2_110,10,20,6611,3833,561,1,36
cycle10_2_110,10,20,6622,3845,572,9,36
cycle10_2_110,10,20,6677,3886,627,10,36
cycle10_2_110,10,20,6546,3792,496,15,36
cycle10_2_110,10,20,6691,3911,641,2,36
cycle10_2_110,10,20,6677,3884,627,13,36
cycle10_2_110,10,20,6718,3950,668,14,36
cycle10_2_110,10,20,6588,3810,538,11,36
cycle10_2_110,10,20,6756,3970,706,8,36
cycle10_2_110,10,20,6661,3921,611,3,36
cycle10_2_110,10,20,6650,3847,600,4,36
cycle10_2_110,10,20,6646,3868,596,5,36
cycle10_2_110,10,20,6788,3976,738,12,36
cycle10_2_110,10,20,6604,3860,554,7,37
cycle10_2_110,10,20,6543,3783,493,8,37
cycle10_2_110,10,20,6469,3743,419,9,37
cycle10_2_110,10,20,6555,3807,505,2,37
cycle10_2_110,10,20,6549,3798,499,6,37
cycle10_2_110,10,20,6474,3713,424,1,37
cycle10_2_110,10,20,6594,3835,544,5,37
cycle10_2_110,10,20,6600,3835,550,4,37
cycle10_2_110,10,20,6574,3796,524,15,37
cycle10_2_110,10,20,6483,3744,433,10,37
cycle10_2_110,10,20,6492,3757,442,3,37
cycle10_2_110,10,20,6609,3858,559,14,37
cycle10_2_110,10,20,6541,3787,491,13,37
cycle10_2_110,10,20,6543,3798,493,11,37
cycle10_2_110,10,20,6517,3782,467,12,37
cycle10_2_110,10,20,6540,3776,490,5,38
cycle10_2_110,10,20,6639,3862,589,4,38
cycle10_2_110,10,20,6670,3898,620,3,38
cycle10_2_110,10,20,6552,3777,502,6,38
cycle10_2_110,10,20,6714,3923,664,2,38
cycle10_2_110,10,20,6593,3802,543,10,38
cycle10_2_110,10,20,6579,3810,529,9,38
cycle10_2_110,10,20,6571,3809,521,14,38
cycle10_2_110,10,20,6659,3855,609,13,38
cycle10_2_110,10,20,6633,3873,583,1,38
cycle10_2_110,10,20,6517,3744,467,8,38
cycle10_2_110,10,20,6596,3837,546,7,38
cycle10_2_110,10,20,6585,3829,535,11,38
cycle10_2_110,10,20,6603,3823,553,12,38
cycle10_2_110,10,20,6627,3856,577,15,38
cycle10_2_110,10,20,6659,3876,609,3,39
cycle10_2_110,10,20,6742,3961,692,7,39
cycle10_2_110,10,20,6656,3885,606,4,39
cycle10_2_110,10,20,6637,3881,587,2,39
cycle10_2_110,10,20,6641,3856,591,8,39
cycle10_2_110,10,20,6719,3936,669,10,39
cycle10_2_110,10,20,6639,3847,589,12,39
cycle10_2_110,10,20,6662,3892,612,14,39
cycle10_2_110,10,20,6646,3858,596,11,39
cycle10_2_110,10,20,6734,3904,684,15,39
cycle10_2_110,10,20,6643,3883,593,9,39
cycle10_2_110,10,20,6657,3870,607,13,39
cycle10_2_110,10,20,6603,3851,553,1,39
cycle10_2_110,10,20,6685,3896,635,6,39
cycle10_2_110,10,20,6630,3872,580,5,39
cycle10_2_110,10,20,6642,3899,592,14,40
cycle10_2_110,10,20,6575,3814,525,6,40
cycle10_2_110,10,20,6665,3911,615,5,40
cycle10_2_110,10,20,6660,3881,610,7,40
cycle10_2_110,10,20,6708,3929,658,8,40
cycle10_2_110,10,20,6583,3830,533,2,40
cycle10_2_110,10,20,6668,3891,618,4,40
cycle10_2_110,10,20,6527,3766,477,3,40
cycle10_2_110,10,20,6617,3863,567,12,40
cycle10_2_110,10,20,6638,3889,588,1,40
cycle10_2_110,10,20,6631,3858,581,10,40
cycle10_2_110,10,20,6589,3817,539,13,40
cycle10_2_110,10,20,6595,3809,545,9,40
cycle10_2_110,10,20,6655,3874,605,15,40
cycle10_2_110,10,20,6764,3929,714,11,40
cycle10_2_110,10,20,6663,3847,613,3,41
cycle10_2_110,10,20,6669,3897,619,4,41
cycle10_2_110,10,20,6606,3849,556,14,41
cycle10_2_110,10,20,6634,3880,584,9,41
cycle10_2_110,10,20,6707,3949,657,8,41
cycle10_2_110,10,20,6550,3787,500,10,41
cycle10_2_110,10,20,6521,3765,471,6,41
cycle10_2_110,10,20,6560,3794,510,2,41
cycle10_2_110,10,20,6572,3833,522,5,41
cycle10_2_110,10,20,6612,3831,562,12,41
cycle10_2_110,10,20,6651,3877,601,11,41
cycle10_2_110,10,20,6554,3790,504,1,41
cycle10_2_110,10,20,6646,3878,596,13,41
cycle10_2_110,10,20,6732,3960,682,15,41
cycle10_2_110,10,20,6621,3845,571,7,41
cycle10_2_110,10,20,6645,3870,595,6,42
cycle10_2_110,10,20,6471,3715,421,9,42
cycle10_2_110,10,20,6519,3786,469,8,42
cycle10_2_110,10,20,6510,3767,460,7,42
cycle10_2_110,10,20,6520,3754,470,14,42
cycle10_2_110,10,20,6602,3831,552,15,42
cycle10_2_110,10,20,6645,3895,595,2,42
cycle10_2_110,10,20,6659,3874,609,4,42
cycle10_2_110,10,20,6471,3736,421,10,42
cycle10_2_110,10,20,6567,3816,517,1,42
cycle10_2_110,10,20,6574,3855,524,11,42
cycle10_2_110,10,20,6636,3885,586,5,42
cycle10_2_110,10,20,6647,3849,597,12,42
cycle10_2_110,10,20,6631,3863,581,3,42
cycle10_2_110,10,20,6514,3792,464,13,42
cycle10_2_110,10,20,6630,3849,580,5,43
cycle10_2_110,10,20,6702,3936,652,4,43
cycle10_2_110,10,20,6686,3896,636,6,43
cycle10_2_110,10,20,6661,3879,611,10,43
cycle10_2_110,10,20,6655,3883,605,12,43
cycle10_2_110,10,20,6613,3843,563,7,43
cycle10_2_110,10,20,6748,3951,698,14,43
cycle10_2_110,10,20,6818,3974,768,13,43
cycle10_2_110,10,20,6742,3937,692,15,43
cycle10_2_110,10,20,6652,3876,602,11,43
cycle10_2_110,10,20,6575,3811,525,9,43
cycle10_2_110,10,20,6755,3971,705,1,43
cycle10_2_110,10,20,6769,4004,719,2,43
cycle10_2_110,10,20,6748,3944,698,3,43
cycle10_2_110,10,20,6651,3845,601,8,43
cycle10_2_110,10,20,6555,3796,505,6,44
cycle10_2_110,10,20,6623,3849,573,9,44
cycle10_2_110,10,20,6564,3811,514,14,44
cycle10_2_110,10,20,6564,3789,514,15,44
cycle10_2_110,10,20,6643,3892,593,13,44
cycle10_2_110,10,20,6520,3775,470,12,44
cycle10_2_110,10,20,6571,3807,521,11,44
cycle10_2_110,10,20,6553,3804,503,1,44
cycle10_2_110,10,20,6692,3894,642,7,44
cycle10_2_110,10,20,6574,3834,524,2,44
cycle10_2_110,10,20,6714,3938,664,5,44
cycle10_2_110,10,20,6717,3913,667,4,44
cycle10_2_110,10,20,6609,3870,559,10,44
cycle10_2_110,10,20,6673,3914,623,3,44
cycle10_2_110,10,20,6629,3858,579,8,44
cycle10_2_110,10,20,6730,3944,680,15,45
cycle10_2_110,10,20,6721,3944,671,7,45
cycle10_2_110,10,20,6716,3942,666,10,45
cycle10_2_110,10,20,6628,3830,578,9,45
cycle10_2_110,10,20,6539,3783,489,5,45
cycle10_2_110,10,20,6620,3850,570,3,45
cycle10_2_110,10,20,6664,3880,614,4,45
cycle10_2_110,10,20,6666,3894,616,1,45
cycle10_2_110,10,20,6627,3821,577,12,45
cycle10_2_110,10,20,6677,3921,627,11,45
cycle10_2_110,10,20,6757,3982,707,6,45
cycle10_2_110,10,20,6689,3938,639,2,45
cycle10_2_110,10,20,6611,3804,561,14,45
cycle10_2_110,10,20,6681,3906,631,8,45
cycle10_2_110,10,20,6754,3957,704,13,45
cycle10_2_110,10,20,6574,3829,524,1,46
cycle10_2_110,10,20,6605,3840,555,9,46
cycle10_2_110,10,20,6486,3744,436,10,46
cycle10_2_110,10,20,6648,3896,598,2,46
cycle10_2_110,10,20,6682,3885,632,8,46
cycle10_2_110,10,20,6656,3869,606,7,46
cycle10_2_110,10,20,6583,3804,533,4,46
cycle10_2_110,10,20,6636,3863,586,6,46
cycle10_2_110,10,20,6568,3809,518,3,46
cycle10_2_110,10,20,6597,3848,547,15,46
cycle10_2_110,10,20,6562,3819,512,5,46
cycle10_2_110,10,20,6719,3980,669,12,46
cycle10_2_110,10,20,6569,3814,519,11,46
cycle10_2_110,10,20,6536,3783,486,14,46
cycle10_2_110,10,20,6642,3871,592,13,46
cycle10_2_110,10,20,6563,3783,513,1,47
cycle10_2_110,10,20,6594,3825,544,10,47
cycle10_2_110,10,20,6565,3798,515,4,47
cycle10_2_110,10,20,6564,3799,514,5,47
cycle10_2_110,10,20,6572,3827,522,13,47
cycle10_2_110,10,20,6614,3856,564,7,47
cycle10_2_110,10,20,6609,3852,559,14,47
cycle10_2_110,10,20,6522,3760,472,2,47
cycle10_2_110,10,20,6503,3779,453,15,47
cycle10_2_110,10,20,6429,3690,379,8,47
cycle10_2_110,10,20,6526,3795,476,6,47
cycle10_2_110,10,20,6603,3830,553,9,47
cycle10_2_110,10,20,6726,3927,676,3,47
cycle10_2_110,10,20,6584,3810,534,12,47
cycle10_2_110,10,20,6532,3784,482,11,47
cycle10_2_110,10,20,6551,3802,501,6,48
cycle10_2_110,10,20,6596,3794,546,8,48
cycle10_2_110,10,20,6690,3890,640,9,48
cycle10_2_110,10,20,6626,3864,576,12,48
cycle10_2_110,10,20,6653,3889,603,7,48
cycle10_2_110,10,20,6564,3798,514,13,48
cycle10_2_110,10,20,6676,3882,626,11,48
cycle10_2_110,10,20,6571,3831,521,14,48
cycle10_2_110,10,20,6641,3915,591,15,48
cycle10_2_110,10,20,6494,3745,444,3,48
cycle10_2_110,10,20,6589,3849,539,4,48
cycle10_2_110,10,20,6655,3885,605,5,48
cycle10_2_110,10,20,6704,3959,654,10,48
cycle10_2_110,10,20,6738,3967,688,2,48
cycle10_2_110,10,20,6728,3955,678,1,48
cycle10_2_110,10,20,6644,3859,594,1,49
cycle10_2_110,10,20,6584,3811,534,2,49
cycle10_2_110,10,20,6582,3833,532,6,49
cycle10_2_110,10,20,6540,3803,490,8,49
cycle10_2_110,10,20,6549,3800,499,12,49
cycle10_2_110,10,20,6522,3781,472,7,49
cycle10_2_110,10,20,6565,3825,515,5,49
cycle10_2_110,10,20,6663,3880,613,3,49
cycle10_2_110,10,20,6651,3868,601,10,49
cycle10_2_110,10,20,6579,3812,529,4,49
cycle10_2_110,10,20,6617,3850,567,15,49
cycle10_2_110,10,20,6552,3803,502,9,49
cycle10_2_110,10,20,6587,3832,537,13,49
cycle10_2_110,10,20,6569,3804,519,14,49
cycle10_2_110,10,20,6613,3842,563,11,49
cycle10_2_110,10,20,6679,3907,629,2,50
cycle10_2_110,10,20,6669,3888,619,7,50
cycle10_2_110,10,20,6646,3895,596,6,50
cycle10_2_110,10,20,6573,3844,523,10,50
cycle10_2_110,10,20,6680,3935,630,9,50
cycle10_2_110,10,20,6608,3861,558,3,50
cycle10_2_110,10,20,6678,3877,628,8,50
cycle10_2_110,10,20,6744,3954,694,1,50
cycle10_2_110,10,20,6652,3923,602,5,50
cycle10_2_110,10,20,6663,3891,613,4,50
cycle10_2_110,10,20,6605,3840,555,13,50
cycle10_2_110,10,20,6515,3751,465,12,50
cycle10_2_110,10,20,6640,3880,590,11,50
cycle10_2_110,10,20,6676,3913,626,14,50
cycle10_2_110,10,20,6624,3833,574,15,50
square_root_7,10,20,8318,4397,688,1,0
square_root_7,10,20,8315,4381,685,2,0
square_root_7,10,20,8320,4347,690,7,0
square_root_7,10,20,8263,4317,633,12,0
square_root_7,10,20,8310,4342,680,9,0
square_root_7,10,20,8286,4351,656,3,0
square_root_7,10,20,8377,4438,747,6,0
square_root_7,10,20,8310,4342,680,4,0
square_root_7,10,20,8221,4291,591,8,0
square_root_7,10,20,8279,4324,649,5,0
square_root_7,10,20,8415,4461,785,14,0
square_root_7,10,20,8284,4393,654,13,0
square_root_7,10,20,8305,4359,675,15,0
square_root_7,10,20,8280,4320,650,10,0
square_root_7,10,20,8314,4408,684,11,0
square_root_7,10,20,8317,4376,687,3,1
square_root_7,10,20,8179,4242,549,8,1
square_root_7,10,20,8281,4397,651,13,1
square_root_7,10,20,8346,4446,716,7,1
square_root_7,10,20,8317,4393,687,14,1
square_root_7,10,20,8301,4355,671,15,1
square_root_7,10,20,8317,4377,687,6,1
square_root_7,10,20,8326,4407,696,10,1
square_root_7,10,20,8224,4281,594,2,1
square_root_7,10,20,8205,4258,575,4,1
square_root_7,10,20,8321,4387,691,11,1
square_root_7,10,20,8174,4259,544,5,1
square_root_7,10,20,8279,4350,649,12,1
square_root_7,10,20,8348,4389,718,9,1
square_root_7,10,20,8239,4284,609,1,1
square_root_7,10,20,8293,4344,663,1,2
square_root_7,10,20,8190,4286,560,12,2
square_root_7,10,20,8219,4273,589,5,2
square_root_7,10,20,8335,4403,705,2,2
square_root_7,10,20,8239,4287,609,10,2
square_root_7,10,20,8265,4340,635,14,2
square_root_7,10,20,8254,4295,624,11,2
square_root_7,10,20,8230,4290,600,9,2
square_root_7,10,20,8108,4183,478,7,2
square_root_7,10,20,8164,4229,534,15,2
square_root_7,10,20,8365,4398,735,3,2
square_root_7,10,20,8177,4271,547,6,2
square_root_7,10,20,8198,4265,568,13,2
square_root_7,10,20,8375,4458,745,8,2
square_root_7,10,20,8124,4168,494,4,2
square_root_7,10,20,8261,4377,631,3,3
square_root_7,10,20,8209,4270,579,2,3
square_root_7,10,20,8190,4275,560,11,3
square_root_7,10,20,8310,4408,680,9,3
square_root_7,10,20,8306,4341,676,4,3
square_root_7,10,20,8261,4338,631,14,3
square_root_7,10,20,8163,4256,533,1,3
square_root_7,10,20,8231,4316,601,7,3
square_root_7,10,20,8215,4274,585,12,3
square_root_7,10,20,8344,4454,714,5,3
square_root_7,10,20,8188,4256,558,13,3
square_root_7,10,20,8211,4283,581,6,3
square_root_7,10,20,8332,4391,702,15,3
square_root_7,10,20,8210,4282,580,8,3
square_root_7,10,20,8264,4329,634,10,3
square_root_7,10,20,8434,4392,804,1,4
square_root_7,10,20,8323,4414,693,6,4
square_root_7,10,20,8241,4273,611,15,4
square_root_7,10,20,8280,4335,650,12,4
square_root_7,10,20,8354,4430,724,2,4
square_root_7,10,20,8190,4234,560,9,4
square_root_7,10,20,8271,4317,641,3,4
square_root_7,10,20,8225,4247,595,14,4
square_root_7,10,20,8265,4302,635,13,4
square_root_7,10,20,8089,4189,459,11,4
square_root_7,10,20,8258,4248,628,4,4
square_root_7,10,20,8277,4365,647,8,4
square_root_7,10,20,8181,4210,551,10,4
square_root_7,10,20,8258,4356,628,5,4
square_root_7,10,20,8400,4408,770,7,4
square_root_7,10,20,8247,4277,617,4,5
square_root_7,10,20,8406,4440,776,3,5
square_root_7,10,20,8163,4184,533,7,5
square_root_7,10,20,8226,4290,596,5,5
square_root_7,10,20,8402,4441,772,12,5
square_root_7,10,20,8345,4384,715,8,5
square_root_7,10,20,8290,4334,660,11,5
square_root_7,10,20,8208,4301,578,2,5
square_root_7,10,20,8433,4464,803,14,5
square_root_7,10,20,8250,4315,620,13,5
square_root_7,10,20,8485,4486,855,1,5
square_root_7,10,20,8334,4341,704,9,5
square_root_7,10,20,8227,4335,597,10,5
square_root_7,10,20,8237,4342,607,6,5
square_root_7,10,20,8218,4304,588,15,5
square_root_7,10,20,8308,4359,678,2,6
square_root_7,10,20,8225,4320,595,7,6
square_root_7,10,20,8370,4434,740,4,6
square_root_7,10,20,8247,4316,617,3,6
square_root_7,10,20,8245,4332,615,8,6
square_root_7,10,20,8254,4351,624,9,6
square_root_7,10,20,8294,4314,664,10,6
square_root_7,10,20,8246,4313,616,1,6
square_root_7,10,20,8243,4332,613,12,6
square_root_7,10,20,8367,4512,737,15,6
square_root_7,10,20,8292,4336,662,6,6
square_root_7,10,20,8254,4299,624,11,6
square_root_7,10,20,8372,4437,742,5,6
square_root_7,10,20,8308,4368,678,14,6
square_root_7,10,20,8244,4319,614,13,6
square_root_7,10,20,8248,4276,618,1,7
square_root_7,10,20,8251,4306,621,3,7
square_root_7,10,20,8254,4258,624,10,7
square_root_7,10,20,8293,4321,663,6,7
square_root_7,10,20,8335,4441,705,13,7
square_root_7,10,20,8132,4212,502,14,7
square_root_7,10,20,8223,4322,593,8,7
square_root_7,10,20,8378,4406,748,15,7
square_root_7,10,20,8252,4325,622,12,7
square_root_7,10,20,8287,4326,657,4,7
square_root_7,10,20,8175,4230,545,2,7
square_root_7,10,20,8175,4239,545,11,7
square_root_7,10,20,8165,4233,535,5,7
square_root_7,10,20,8166,4279,536,9,7
square_root_7,10,20,8298,4338,668,7,7
square_root_7,10,20,8076,4150,446,3,8
square_root_7,10,20,8311,4362,681,13,8
square_root_7,10,20,8143,4178,513,14,8
square_root_7,10,20,8277,4337,647,9,8
square_root_7,10,20,8252,4310,622,4,8
square_root_7,10,20,8438,4483,808,5,8
square_root_7,10,20,8322,4392,692,8,8
square_root_7,10,20,8277,4315,647,2,8
square_root_7,10,20,8250,4313,620,15,8
square_root_7,10,20,8248,4317,618,10,8
square_root_7,10,20,8247,4332,617,1,8
square_root_7,10,20,8301,4366,671,7,8
square_root_7,10,20,8312,4345,682,12,8
square_root_7,10,20,8348,4411,718,11,8
square_root_7,10,20,8235,4279,605,6,8
square_root_7,10,20,8357,4412,727,4,9
square_root_7,10,20,8224,4271,594,7,9
square_root_7,10,20,8258,4257,628,3,9
square_root_7,10,20,8316,4329,686,11,9
square_root_7,10,20,8218,4293,588,9,9
square_root_7,10,20,8220,4273,590,10,9
square_root_7,10,20,8134,4213,504,13,9
square_root_7,10,20,8312,4378,682,2,9
square_root_7,10,20,8408,4492,778,1,9
square_root_7,10,20,8239,4270,609,15,9
square_root_7,10,20,8174,4228,544,6,9
square_root_7,10,20,8262,4328,632,8,9
square_root_7,10,20,8257,4305,627,12,9
square_root_7,10,20,8371,4416,741,5,9
square_root_7,10,20,8156,4243,526,14,9
square_root_7,10,20,8407,4488,777,3,10
square_root_7,10,20,8446,4520,816,2,10
square_root_7,10,20,8206,4309,576,9,10
square_root_7,10,20,8408,4453,778,11,10
square_root_7,10,20,8295,4335,665,6,10
square_root_7,10,20,8220,4311,590,8,10
square_root_7,10,20,8290,4397,660,14,10
square_root_7,10,20,8256,4297,626,10,10
square_root_7,10,20,8349,4431,719,1,10
square_root_7,10,20,8286,4343,656,4,10
square_root_7,10,20,8403,4423,773,15,10
square_root_7,10,20,8280,4315,650,5,10
square_root_7,10,20,8214,4298,584,12,10
square_root_7,10,20,8266,4345,636,7,10
square_root_7,10,20,8323,4403,693,13,10
square_root_7,10,20,8413,4517,783,4,11
square_root_7,10,20,8296,4390,666,5,11
square_root_7,10,20,8247,4275,617,7,11
square_root_7,10,20,8292,4395,662,8,11
square_root_7,10,20,8254,4300,624,1,11
square_root_7,10,20,8285,4358,655,13,11
square_root_7,10,20,8160,4241,530,12,11
square_root_7,10,20,8181,4269,551,11,11
square_root_7,10,20,8313,4384,683,2,11
square_root_7,10,20,8365,4443,735,15,11
square_root_7,10,20,8337,4443,707,6,11
square_root_7,10,20,8273,4352,643,3,11
square_root_7,10,20,8266,4412,636,14,11
square_root_7,10,20,8338,4402,708,10,11
square_root_7,10,20,8293,4375,663,9,11
square_root_7,10,20,8233,4270,603,6,12
square_root_7,10,20,8259,4318,629,7,12
square_root_7,10,20,8231,4301,601,9,12
square_root_7,10,20,8256,4282,626,11,12
square_root_7,10,20,8126,4241,496,13,12
square_root_7,10,20,8159,4243,529,14,12
square_root_7,10,20,8237,4262,607,10,12
square_root_7,10,20,8283,4309,653,5,12
square_root_7,10,20,8325,4426,695,15,12
square_root_7,10,20,8241,4289,611,12,12
square_root_7,10,20,8276,4331,646,1,12
square_root_7,10,20,8247,4317,617,2,12
square_root_7,10,20,8181,4232,551,8,12
square_root_7,10,20,8244,4285,614,3,12
square_root_7,10,20,8192,4255,562,4,12
square_root_7,10,20,8194,4274,564,5,13
square_root_7,10,20,8192,4276,562,8,13
square_root_7,10,20,8279,4352,649,7,13
square_root_7,10,20,8258,4331,628,10,13
square_root_7,10,20,8398,4459,768,14,13
square_root_7,10,20,8340,4428,710,1,13
square_root_7,10,20,8369,4478,739,11,13
square_root_7,10,20,8212,4299,582,4,13
square_root_7,10,20,8236,4267,606,2,13
square_root_7,10,20,8095,4170,465,15,13
square_root_7,10,20,8259,4326,629,3,13
square_root_7,10,20,8222,4262,592,12,13
square_root_7,10,20,8274,4415,644,13,13
square_root_7,10,20,8327,4407,697,6,13
square_root_7,10,20,8316,4393,686,9,13
square_root_7,10,20,8335,4384,705,4,14
square_root_7,10,20,8204,4290,574,3,14
square_root_7,10,20,8289,4333,659,6,14
square_root_7,10,20,8225,4344,595,10,14
square_root_7,10,20,8387,4386,757,8,14
square_root_7,10,20,8341,4388,711,9,14
square_root_7,10,20,8264,4322,634,15,14
square_root_7,10,20,8366,4454,736,11,14
square_root_7,10,20,8231,4298,601,13,14
square_root_7,10,20,8239,4317,609,2,14
square_root_7,10,20,8330,4373,700,12,14
square_root_7,10,20,8155,4220,525,5,14
square_root_7,10,20,8223,4272,593,1,14
square_root_7,10,20,8177,4259,547,14,14
square_root_7,10,20,8309,4380,679,7,14
square_root_7,10,20,8424,4476,794,5,15
square_root_7,10,20,8292,4390,662,8,15
square_root_7,10,20,8216,4288,586,7,15
square_root_7,10,20,8360,4427,730,6,15
square_root_7,10,20,8368,4398,738,12,15
square_root_7,10,20,8367,4394,737,13,15
square_root_7,10,20,8297,4303,667,14,15
square_root_7,10,20,8419,4494,789,15,15
square_root_7,10,20,8299,4365,669,2,15
square_root_7,10,20,8182,4272,552,9,15
square_root_7,10,20,8318,4400,688,1,15
square_root_7,10,20,8281,4328,651,4,15
square_root_7,10,20,8326,4379,696,11,15
square_root_7,10,20,8285,4373,655,10,15
square_root_7,10,20,8253,4291,623,3,15
square_root_7,10,20,8338,4380,708,4,16
square_root_7,10,20,8281,4377,651,3,16
square_root_7,10,20,8218,4279,588,7,16
square_root_7,10,20,8224,4335,594,14,16
square_root_7,10,20,8316,4410,686,13,16
square_root_7,10,20,8322,4443,692,15,16
square_root_7,10,20,8442,4534,812,10,16
square_root_7,10,20,8228,4321,598,6,16
square_root_7,10,20,8213,4285,583,8,16
square_root_7,10,20,8334,4445,704,11,16
square_root_7,10,20,8376,4426,746,12,16
square_root_7,10,20,8287,4407,657,9,16
square_root_7,10,20,8321,4333,691,5,16
square_root_7,10,20,8345,4390,715,1,16
square_root_7,10,20,8274,4334,644,2,16
square_root_7,10,20,8233,4243,603,1,17
square_root_7,10,20,8352,4411,722,3,17
square_root_7,10,20,8341,4397,711,6,17
square_root_7,10,20,8234,4295,604,2,17
square_root_7,10,20,8161,4232,531,5,17
square_root_7,10,20,8220,4235,590,7,17
square_root_7,10,20,8307,4338,677,8,17
square_root_7,10,20,8284,4328,654,9,17
square_root_7,10,20,8242,4270,612,12,17
square_root_7,10,20,8255,4343,625,10,17
square_root_7,10,20,8327,4355,697,11,17
square_root_7,10,20,8199,4282,569,13,17
square_root_7,10,20,8312,4391,682,14,17
square_root_7,10,20,8252,4358,622,15,17
square_root_7,10,20,8260,4327,630,4,17
square_root_7,10,20,8294,4375,664,6,18
square_root_7,10,20,8298,4379,668,1,18
square_root_7,10,20,8315,4421,685,8,18
square_root_7,10,20,8203,4272,573,14,18
square_root_7,10,20,8315,4410,685,13,18
square_root_7,10,20,8323,4419,693,11,18
square_root_7,10,20,8255,4300,625,12,18
square_root_7,10,20,8308,4324,678,3,18
square_root_7,10,20,8254,4312,624,9,18
square_root_7,10,20,8305,4348,675,4,18
square_root_7,10,20,8417,4455,787,10,18
square_root_7,10,20,8219,4263,589,15,18
square_root_7,10,20,8380,4433,750,7,18
square_root_7,10,20,8268,4344,638,5,18
square_root_7,10,20,8247,4330,617,2,18
square_root_7,10,20,8238,4366,608,3,19
square_root_7,10,20,8296,4389,666,2,19
square_root_7,10,20,8273,4319,643,7,19
square_root_7,10,20,8273,4362,643,13,19
square_root_7,10,20,8295,4363,665,5,19
square_root_7,10,20,8170,4222,540,15,19
square_root_7,10,20,8322,4331,692,4,19
square_root_7,10,20,8249,4292,619,1,19
square_root_7,10,20,8260,4342,630,6,19
square_root_7,10,20,8346,4412,716,14,19
square_root_7,10,20,8301,4377,671,11,19
square_root_7,10,20,8294,4377,664,9,19
square_root_7,10,20,8303,4409,673,12,19
square_root_7,10,20,8204,4288,574,8,19
square_root_7,10,20,8270,4306,640,10,19
square_root_7,10,20,8293,4324,663,2,20
square_root_7,10,20,8243,4265,613,14,20
square_root_7,10,20,8254,4299,624,13,20
square_root_7,10,20,8307,4403,677,3,20
square_root_7,10,20,8306,4351,676,12,20
square_root_7,10,20,8357,4405,727,4,20
square_root_7,10,20,8203,4242,573,5,20
square_root_7,10,20,8425,4408,795,1,20
square_root_7,10,20,8306,4426,676,6,20
square_root_7,10,20,8255,4253,625,7,20
square_root_7,10,20,8398,4416,768,8,20
square_root_7,10,20,8304,4311,674,9,20
square_root_7,10,20,8218,4262,588,10,20
square_root_7,10,20,8296,4389,666,11,20
square_root_7,10,20,8404,4424,774,15,20
square_root_7,10,20,8386,4445,756,2,21
square_root_7,10,20,8216,4286,586,14,21
square_root_7,10,20,8274,4333,644,7,21
square_root_7,10,20,8216,4325,586,5,21
square_root_7,10,20,8293,4360,663,3,21
square_root_7,10,20,8236,4332,606,1,21
square_root_7,10,20,8377,4421,747,12,21
square_root_7,10,20,8194,4291,564,11,21
square_root_7,10,20,8215,4256,585,15,21
square_root_7,10,20,8282,4367,652,9,21
square_root_7,10,20,8349,4419,719,6,21
square_root_7,10,20,8278,4319,648,8,21
square_root_7,10,20,8238,4322,608,4,21
square_root_7,10,20,8210,4327,580,10,21
square_root_7,10,20,8134,4253,504,13,21
square_root_7,10,20,8373,4425,743,6,22
square_root_7,10,20,8324,4367,694,11,22
square_root_7,10,20,8412,4427,782,10,22
square_root_7,10,20,8339,4348,709,13,22
square_root_7,10,20,8339,4417,709,14,22
square_root_7,10,20,8354,4416,724,9,22
square_root_7,10,20,8353,4413,723,2,22
square_root_7,10,20,8358,4359,728,1,22
square_root_7,10,20,8220,4282,590,4,22
square_root_7,10,20,8284,4375,654,15,22
square_root_7,10,20,8299,4348,669,3,22
square_root_7,10,20,8297,4343,667,12,22
square_root_7,10,20,8210,4277,580,5,22
square_root_7,10,20,8309,4394,679,7,22
square_root_7,10,20,8248,4303,618,8,22
square_root_7,10,20,8210,4252,580,7,23
square_root_7,10,20,8227,4294,597,3,23
square_root_7,10,20,8281,4367,651,9,23
square_root_7,10,20,8178,4242,548,8,23
square_root_7,10,20,8256,4322,626,11,23
square_root_7,10,20,8240,4303,610,12,23
square_root_7,10,20,8132,4219,502,14,23
square_root_7,10,20,8154,4225,524,15,23
square_root_7,10,20,8162,4249,532,13,23
square_root_7,10,20,8211,4241,581,2,23
square_root_7,10,20,8194,4233,564,10,23
square_root_7,10,20,8170,4156,540,4,23
square_root_7,10,20,8289,4329,659,1,23
square_root_7,10,20,8164,4214,534,5,23
square_root_7,10,20,8213,4242,583,6,23
square_root_7,10,20,8249,4303,619,1,24
square_root_7,10,20,8316,4369,686,6,24
square_root_7,10,20,8401,4419,771,7,24
square_root_7,10,20,8341,4397,711,5,24
square_root_7,10,20,8334,4327,704,13,24
square_root_7,10,20,8307,4354,677,8,24
square_root_7,10,20,8309,4331,679,15,24
square_root_7,10,20,8299,4331,669,10,24
square_root_7,10,20,8251,4336,621,2,24
square_root_7,10,20,8315,4355,685,3,24
square_root_7,10,20,8376,4434,746,9,24
square_root_7,10,20,8192,4242,562,4,24
square_root_7,10,20,8179,4216,549,11,24
square_root_7,10,20,8158,4226,528,14,24
square_root_7,10,20,8293,4311,663,12,24
square_root_7,10,20,8226,4265,596,3,25
square_root_7,10,20,8276,4331,646,4,25
square_root_7,10,20,8243,4300,613,5,25
square_root_7,10,20,8138,4204,508,7,25
square_root_7,10,20,8271,4324,641,6,25
square_root_7,10,20,8315,4369,685,1,25
square_root_7,10,20,8102,4153,472,15,25
square_root_7,10,20,8335,4374,705,14,25
square_root_7,10,20,8373,4443,743,2,25
square_root_7,10,20,8315,4388,685,9,25
square_root_7,10,20,8080,4156,450,10,25
square_root_7,10,20,8275,4283,645,11,25
square_root_7,10,20,8318,4336,688,12,25
square_root_7,10,20,8271,4328,641,8,25
square_root_7,10,20,8221,4280,591,13,25
square_root_7,10,20,8259,4371,629,2,26
square_root_7,10,20,8144,4258,514,5,26
square_root_7,10,20,8345,4410,715,4,26
square_root_7,10,20,8220,4307,590,3,26
square_root_7,10,20,8200,4262,570,1,26
square_root_7,10,20,8365,4461,735,13,26
square_root_7,10,20,8224,4278,594,12,26
square_root_7,10,20,8163,4254,533,8,26
square_root_7,10,20,8292,4337,662,14,26
square_root_7,10,20,8271,4349,641,11,26
square_root_7,10,20,8175,4264,545,9,26
square_root_7,10,20,8336,4393,706,15,26
square_root_7,10,20,8430,4469,800,6,26
square_root_7,10,20,8264,4339,634,10,26
square_root_7,10,20,8259,4306,629,7,26
square_root_7,10,20,8359,4393,729,4,27
square_root_7,10,20,8340,4381,710,5,27
square_root_7,10,20,8359,4393,729,3,27
square_root_7,10,20,8294,4397,664,9,27
square_root_7,10,20,8317,4412,687,6,27
square_root_7,10,20,8378,4434,748,1,27
square_root_7,10,20,8335,4419,705,8,27
square_root_7,10,20,8354,4420,724,10,27
square_root_7,10,20,8327,4351,697,12,27
square_root_7,10,20,8297,4358,667,13,27
square_root_7,10,20,8372,4397,742,7,27
square_root_7,10,20,8307,4377,677,2,27
square_root_7,10,20,8349,4396,719,14,27
square_root_7,10,20,8393,4440,763,15,27
square_root_7,10,20,8452,4494,822,11,27
square_root_7,10,20,8369,4443,739,7,28
square_root_7,10,20,8324,4407,694,3,28
square_root_7,10,20,8345,4405,715,6,28
square_root_7,10,20,8214,4277,584,2,28
square_root_7,10,20,8202,4262,572,4,28
square_root_7,10,20,8247,4288,617,5,28
square_root_7,10,20,8385,4433,755,10,28
square_root_7,10,20,8383,4431,753,12,28
square_root_7,10,20,8328,4393,698,9,28
square_root_7,10,20,8265,4316,635,13,28
square_root_7,10,20,8362,4420,732,15,28
square_root_7,10,20,8276,4361,646,11,28
square_root_7,10,20,8293,4324,663,14,28
square_root_7,10,20,8374,4427,744,8,28
square_root_7,10,20,8294,4389,664,1,28
square_root_7,10,20,8362,4422,732,1,29
square_root_7,10,20,8235,4250,605,5,29
square_root_7,10,20,8214,4317,584,8,29
square_root_7,10,20,8248,4298,618,10,29
square_root_7,10,20,8371,4423,741,12,29
square_root_7,10,20,8309,4338,679,4,29
square_root_7,10,20,8305,4353,675,2,29
square_root_7,10,20,8257,4299,627,3,29
square_root_7,10,20,8259,4306,629,14,29
square_root_7,10,20,8307,4399,677,11,29
square_root_7,10,20,8277,4337,647,9,29
square_root_7,10,20,8311,4376,681,13,29
square_root_7,10,20,8240,4284,610,15,29
square_root_7,10,20,8278,4359,648,6,29
square_root_7,10,20,8314,4304,684,7,29
square_root_7,10,20,8426,4477,796,3,30
square_root_7,10,20,8327,4391,697,10,30
square_root_7,10,20,8244,4289,614,1,30
square_root_7,10,20,8347,4403,717,12,30
square_root_7,10,20,8421,4457,791,13,30
square_root_7,10,20,8235,4301,605,11,30
square_root_7,10,20,8357,4427,727,7,30
square_root_7,10,20,8234,4269,604,14,30
square_root_7,10,20,8290,4364,660,9,30
square_root_7,10,20,8289,4346,659,5,30
square_root_7,10,20,8274,4362,644,6,30
square_root_7,10,20,8306,4377,676,15,30
square_root_7,10,20,8192,4233,562,8,30
square_root_7,10,20,8258,4309,628,2,30
square_root_7,10,20,8243,4271,613,4,30
square_root_7,10,20,8300,4368,670,2,31
square_root_7,10,20,8166,4217,536,8,31
square_root_7,10,20,8287,4380,657,7,31
square_root_7,10,20,8274,4339,644,9,31
square_root_7,10,20,8246,4337,616,13,31
square_root_7,10,20,8330,4361,700,10,31
square_root_7,10,20,8285,4383,655,4,31
square_root_7,10,20,8347,4396,717,1,31
square_root_7,10,20,8198,4267,568,6,31
square_root_7,10,20,8249,4310,619,11,31
square_root_7,10,20,8183,4242,553,15,31
square_root_7,10,20,8333,4385,703,12,31
square_root_7,10,20,8236,4329,606,3,31
square_root_7,10,20,8270,4323,640,14,31
square_root_7,10,20,8347,4428,717,5,31
square_root_7,10,20,8218,4305,588,2,32
square_root_7,10,20,8149,4230,519,4,32
square_root_7,10,20,8146,4213,516,5,32
square_root_7,10,20,8209,4314,579,1,32
square_root_7,10,20,8251,4309,621,15,32
square_root_7,10,20,8209,4295,579,14,32
square_root_7,10,20,8259,4359,629,8,32
square_root_7,10,20,8257,4340,627,13,32
square_root_7,10,20,8261,4342,631,6,32
square_root_7,10,20,8202,4274,572,7,32
square_root_7,10,20,8248,4316,618,12,32
square_root_7,10,20,8368,4448,738,10,32
square_root_7,10,20,8240,4314,610,9,32
square_root_7,10,20,8184,4282,554,3,32
square_root_7,10,20,8240,4328,610,11,32
square_root_7,10,20,8371,4450,741,3,33
square_root_7,10,20,8292,4410,662,13,33
square_root_7,10,20,8270,4385,640,11,33
square_root_7,10,20,8242,4334,612,15,33
square_root_7,10,20,8306,4351,676,4,33
square_root_7,10,20,8259,4388,629,1,33
square_root_7,10,20,8324,4389,694,2,33
square_root_7,10,20,8346,4385,716,5,33
square_root_7,10,20,8258,4329,628,10,33
square_root_7,10,20,8306,4370,676,6,33
square_root_7,10,20,8256,4410,626,9,33
square_root_7,10,20,8303,4348,673,14,33
square_root_7,10,20,8373,4477,743,8,33
square_root_7,10,20,8310,4396,680,12,33
square_root_7,10,20,8270,4310,640,7,33
square_root_7,10,20,8399,4439,769,2,34
square_root_7,10,20,8242,4294,612,8,34
square_root_7,10,20,8177,4264,547,9,34
square_root_7,10,20,8307,4412,677,11,34
square_root_7,10,20,8210,4315,580,1,34
square_root_7,10,20,8217,4279,587,12,34
square_root_7,10,20,8306,4401,676,13,34
square_root_7,10,20,8286,4394,656,14,34
square_root_7,10,20,8349,4391,719,15,34
square_root_7,10,20,8292,4395,662,4,34
square_root_7,10,20,8235,4265,605,5,34
square_root_7,10,20,8155,4241,525,6,34
square_root_7,10,20,8198,4286,568,7,34
square_root_7,10,20,8315,4358,685,10,34
square_root_7,10,20,8261,4317,631,3,34
square_root_7,10,20,8206,4289,576,5,35
square_root_7,10,20,8320,4414,690,3,35
square_root_7,10,20,8282,4356,652,12,35
square_root_7,10,20,8274,4331,644,11,35
square_root_7,10,20,8193,4266,563,14,35
square_root_7,10,20,8152,4195,522,13,35
square_root_7,10,20,8185,4236,555,9,35
square_root_7,10,20,8321,4358,691,6,35
square_root_7,10,20,8135,4209,505,15,35
square_root_7,10,20,8176,4243,546,7,35
square_root_7,10,20,8209,4246,579,8,35
square_root_7,10,20,8124,4191,494,2,35
square_root_7,10,20,8332,4334,702,10,35
square_root_7,10,20,8279,4332,649,4,35
square_root_7,10,20,8247,4300,617,1,35
square_root_7,10,20,8329,4374,699,3,36
square_root_7,10,20,8358,4355,728,2,36
square_root_7,10,20,8366,4470,736,5,36
square_root_7,10,20,8341,4378,711,4,36
square_root_7,10,20,8300,4333,670,10,36
square_root_7,10,20,8346,4374,716,11,36
square_root_7,10,20,8489,4596,859,1,36
square_root_7,10,20,8346,4348,716,9,36
square_root_7,10,20,8347,4398,717,8,36
square_root_7,10,20,8245,4291,615,15,36
square_root_7,10,20,8274,4324,644,13,36
square_root_7,10,20,8304,4327,674,14,36
square_root_7,10,20,8306,4436,676,12,36
square_root_7,10,20,8382,4439,752,7,36
square_root_7,10,20,8259,4307,629,6,36
square_root_7,10,20,8324,4383,694,3,37
square_root_7,10,20,8231,4279,601,4,37
square_root_7,10,20,8310,4398,680,9,37
square_root_7,10,20,8231,4254,601,8,37
square_root_7,10,20,8360,4422,730,15,37
square_root_7,10,20,8370,4455,740,6,37
square_root_7,10,20,8140,4190,510,7,37
square_root_7,10,20,8251,4283,621,5,37
square_root_7,10,20,8419,4429,789,2,37
square_root_7,10,20,8293,4331,663,10,37
square_root_7,10,20,8301,4313,671,14,37
square_root_7,10,20,8168,4238,538,11,37
square_root_7,10,20,8213,4260,583,12,37
square_root_7,10,20,8338,4410,708,13,37
square_root_7,10,20,8321,4414,691,1,37
square_root_7,10,20,8294,4399,664,4,38
square_root_7,10,20,8232,4301,602,5,38
square_root_7,10,20,8252,4303,622,6,38
square_root_7,10,20,8306,4321,676,8,38
square_root_7,10,20,8262,4323,632,1,38
square_root_7,10,20,8237,4315,607,10,38
square_root_7,10,20,8317,4331,687,12,38
square_root_7,10,20,8308,4350,678,15,38
square_root_7,10,20,8326,4400,696,14,38
square_root_7,10,20,8245,4296,615,11,38
square_root_7,10,20,8217,4294,587,2,38
square_root_7,10,20,8398,4425,768,13,38
square_root_7,10,20,8250,4275,620,9,38
square_root_7,10,20,8266,4319,636,7,38
square_root_7,10,20,8209,4276,579,3,38
square_root_7,10,20,8271,4338,641,7,39
square_root_7,10,20,8445,4466,815,9,39
square_root_7,10,20,8208,4192,578,10,39
square_root_7,10,20,8348,4367,718,1,39
square_root_7,10,20,8313,4388,683,2,39
square_root_7,10,20,8325,4441,695,3,39
square_root_7,10,20,8234,4277,604,13,39
square_root_7,10,20,8395,4448,765,11,39
square_root_7,10,20,8382,4447,752,12,39
square_root_7,10,20,8387,4439,757,6,39
square_root_7,10,20,8236,4321,606,15,39
square_root_7,10,20,8277,4366,647,14,39
square_root_7,10,20,8166,4244,536,5,39
square_root_7,10,20,8383,4441,753,4,39
square_root_7,10,20,8451,4458,821,8,39
square_root_7,10,20,8286,4315,656,3,40
square_root_7,10,20,8281,4305,651,2,40
square_root_7,10,20,8277,4305,647,14,40
square_root_7,10,20,8241,4257,611,10,40
square_root_7,10,20,8190,4284,560,4,40
square_root_7,10,20,8426,4439,796,1,40
square_root_7,10,20,8335,4434,705,5,40
square_root_7,10,20,8300,4429,670,9,40
square_root_7,10,20,8246,4297,616,6,40
square_root_7,10,20,8242,4287,612,11,40
square_root_7,10,20,8343,4381,713,7,40
square_root_7,10,20,8261,4357,631,12,40
square_root_7,10,20,8324,4301,694,13,40
square_root_7,10,20,8208,4251,578,15,40
square_root_7,10,20,8189,4219,559,8,40
square_root_7,10,20,8247,4345,617,8,41
square_root_7,10,20,8243,4250,613,12,41
square_root_7,10,20,8201,4205,571,11,41
square_root_7,10,20,8312,4398,682,2,41
square_root_7,10,20,8261,4320,631,13,41
square_root_7,10,20,8447,4497,817,1,41
square_root_7,10,20,8244,4309,614,5,41
square_root_7,10,20,8148,4223,518,10,41
square_root_7,10,20,8171,4228,541,15,41
square_root_7,10,20,8310,4314,680,6,41
square_root_7,10,20,8264,4356,634,3,41
square_root_7,10,20,8315,4378,685,4,41
square_root_7,10,20,8346,4429,716,14,41
square_root_7,10,20,8285,4347,655,9,41
square_root_7,10,20,8322,4355,692,7,41
square_root_7,10,20,8288,4377,658,8,42
square_root_7,10,20,8138,4250,508,12,42
square_root_7,10,20,8227,4269,597,6,42
square_root_7,10,20,8355,4430,725,7,42
square_root_7,10,20,8316,4403,686,2,42
square_root_7,10,20,8232,4297,602,3,42
square_root_7,10,20,8313,4400,683,1,42
square_root_7,10,20,8331,4399,701,4,42
square_root_7,10,20,8285,4318,655,11,42
square_root_7,10,20,8291,4363,661,15,42
square_root_7,10,20,8333,4379,703,13,42
square_root_7,10,20,8310,4390,680,9,42
square_root_7,10,20,8321,4354,691,5,42
square_root_7,10,20,8287,4347,657,14,42
square_root_7,10,20,8392,4473,762,10,42
square_root_7,10,20,8285,4344,655,5,43
square_root_7,10,20,8375,4472,745,8,43
square_root_7,10,20,8275,4372,645,6,43
square_root_7,10,20,8298,4373,668,7,43
square_root_7,10,20,8185,4304,555,13,43
square_root_7,10,20,8329,4411,699,10,43
square_root_7,10,20,8187,4246,557,2,43
square_root_7,10,20,8358,4421,728,1,43
square_root_7,10,20,8200,4336,570,11,43
square_root_7,10,20,8244,4311,614,9,43
square_root_7,10,20,8240,4320,610,4,43
square_root_7,10,20,8296,4335,666,15,43
square_root_7,10,20,8160,4282,530,14,43
square_root_7,10,20,8316,4417,686,12,43
square_root_7,10,20,8301,4335,671,3,43
square_root_7,10,20,8168,4217,538,2,44
square_root_7,10,20,8173,4249,543,11,44
square_root_7,10,20,8231,4298,601,12,44
square_root_7,10,20,8208,4241,578,14,44
square_root_7,10,20,8286,4353,656,13,44
square_root_7,10,20,8281,4312,651,10,44
square_root_7,10,20,8205,4252,575,1,44
square_root_7,10,20,8272,4357,642,4,44
square_root_7,10,20,8224,4290,594,7,44
square_root_7,10,20,8241,4265,611,8,44
square_root_7,10,20,8166,4163,536,15,44
square_root_7,10,20,8271,4347,641,3,44
square_root_7,10,20,8223,4294,593,9,44
square_root_7,10,20,8263,4342,633,5,44
square_root_7,10,20,8232,4315,602,6,44
square_root_7,10,20,8359,4389,729,11,45
square_root_7,10,20,8262,4350,632,6,45
square_root_7,10,20,8298,4280,668,8,45
square_root_7,10,20,8312,4437,682,4,45
square_root_7,10,20,8358,4409,728,1,45
square_root_7,10,20,8284,4363,654,2,45
square_root_7,10,20,8345,4417,715,7,45
square_root_7,10,20,8334,4432,704,3,45
square_root_7,10,20,8326,4361,696,12,45
square_root_7,10,20,8297,4345,667,14,45
square_root_7,10,20,8349,4376,719,13,45
square_root_7,10,20,8372,4414,742,10,45
square_root_7,10,20,8268,4325,638,9,45
square_root_7,10,20,8216,4228,586,15,45
square_root_7,10,20,8242,4309,612,5,45
square_root_7,10,20,8322,4359,692,1,46
square_root_7,10,20,8154,4165,524,2,46
square_root_7,10,20,8206,4291,576,10,46
square_root_7,10,20,8306,4330,676,4,46
square_root_7,10,20,8288,4330,658,5,46
square_root_7,10,20,8290,4358,660,15,46
square_root_7,10,20,8224,4286,594,11,46
square_root_7,10,20,8323,4376,693,9,46
square_root_7,10,20,8294,4335,664,6,46
square_root_7,10,20,8318,4343,688,12,46
square_root_7,10,20,8314,4310,684,7,46
square_root_7,10,20,8352,4407,722,13,46
square_root_7,10,20,8330,4425,700,3,46
square_root_7,10,20,8194,4308,564,14,46
square_root_7,10,20,8205,4280,575,8,46
square_root_7,10,20,8145,4196,515,3,47
square_root_7,10,20,8241,4331,611,8,47
square_root_7,10,20,8242,4326,612,13,47
square_root_7,10,20,8287,4341,657,14,47
square_root_7,10,20,8327,4338,697,2,47
square_root_7,10,20,8260,4319,630,15,47
square_root_7,10,20,8317,4406,687,1,47
square_root_7,10,20,8298,4371,668,5,47
square_root_7,10,20,8282,4311,652,7,47
square_root_7,10,20,8099,4193,469,4,47
square_root_7,10,20,8308,4413,678,9,47
square_root_7,10,20,8392,4469,762,11,47
square_root_7,10,20,8367,4427,737,6,47
square_root_7,10,20,8311,4334,681,10,47
square_root_7,10,20,8160,4247,530,12,47
square_root_7,10,20,8286,4327,656,2,48
square_root_7,10,20,8243,4257,613,6,48
square_root_7,10,20,8413,4450,783,1,48
square_root_7,10,20,8289,4384,659,14,48
square_root_7,10,20,8298,4328,668,10,48
square_root_7,10,20,8248,4317,618,12,48
square_root_7,10,20,8281,4381,651,4,48
square_root_7,10,20,8366,4395,736,15,48
square_root_7,10,20,8253,4292,623,3,48
square_root_7,10,20,8250,4241,620,11,48
square_root_7,10,20,8406,4427,776,7,48
square_root_7,10,20,8314,4338,684,13,48
square_root_7,10,20,8367,4440,737,8,48
square_root_7,10,20,8318,4345,688,5,48
square_root_7,10,20,8333,4362,703,9,48
square_root_7,10,20,8295,4363,665,4,49
square_root_7,10,20,8354,4412,724,11,49
square_root_7,10,20,8280,4347,650,15,49
square_root_7,10,20,8301,4326,671,8,49
square_root_7,10,20,8245,4280,615,6,49
square_root_7,10,20,8318,4381,688,1,49
square_root_7,10,20,8335,4424,705,12,49
square_root_7,10,20,8307,4384,677,13,49
square_root_7,10,20,8349,4398,719,3,49
square_root_7,10,20,8320,4391,690,5,49
square_root_7,10,20,8291,4368,661,14,49
square_root_7,10,20,8321,4393,691,9,49
square_root_7,10,20,8248,4311,618,7,49
square_root_7,10,20,8240,4309,610,2,49
square_root_7,10,20,8324,4435,694,10,49
square_root_7,10,20,8310,4300,680,1,50
square_root_7,10,20,8281,4375,651,15,50
square_root_7,10,20,8262,4368,632,9,50
square_root_7,10,20,8366,4435,736,3,50
square_root_7,10,20,8457,4511,827,4,50
square_root_7,10,20,8301,4378,671,2,50
square_root_7,10,20,8312,4390,682,11,50
square_root_7,10,20,8302,4385,672,6,50
square_root_7,10,20,8380,4441,750,10,50
square_root_7,10,20,8321,4394,691,5,50
square_root_7,10,20,8401,4494,771,7,50
square_root_7,10,20,8221,4243,591,8,50
square_root_7,10,20,8252,4317,622,13,50
square_root_7,10,20,8330,4374,700,14,50
square_root_7,10,20,8346,4409,716,12,50
sqn_258,10,50,11253,6288,1030,1,0
sqn_258,10,50,11269,6434,1046,3,0
sqn_258,10,50,11126,6250,903,5,0
sqn_258,10,50,11085,6245,862,8,0
sqn_258,10,50,11109,6205,886,13,0
sqn_258,10,50,11196,6351,973,12,0
sqn_258,10,50,11277,6366,1054,6,0
sqn_258,10,50,11209,6295,986,14,0
sqn_258,10,50,11081,6261,858,2,0
sqn_258,10,50,11100,6219,877,11,0
sqn_258,10,50,11232,6319,1009,7,0
sqn_258,10,50,11223,6340,1000,4,0
sqn_258,10,50,11084,6230,861,15,0
sqn_258,10,50,11157,6281,934,10,0
sqn_258,10,50,11165,6304,942,9,0
sqn_258,10,50,11095,6237,872,5,1
sqn_258,10,50,11060,6183,837,2,1
sqn_258,10,50,11057,6236,834,3,1
sqn_258,10,50,11118,6229,895,1,1
sqn_258,10,50,11081,6218,858,7,1
sqn_258,10,50,11112,6234,889,4,1
sqn_258,10,50,11132,6259,909,12,1
sqn_258,10,50,11003,6139,780,11,1
sqn_258,10,50,10976,6100,753,6,1
sqn_258,10,50,11095,6199,872,13,1
sqn_258,10,50,11059,6175,836,9,1
sqn_258,10,50,11047,6190,824,14,1
sqn_258,10,50,11109,6241,886,15,1
sqn_258,10,50,11103,6256,880,10,1
sqn_258,10,50,11012,6130,789,8,1
sqn_258,10,50,10980,6114,757,1,2
sqn_258,10,50,11103,6263,880,9,2
sqn_258,10,50,11115,6246,892,12,2
sqn_258,10,50,10929,6077,706,5,2
sqn_258,10,50,11143,6235,920,4,2
sqn_258,10,50,11098,6227,875,7,2
sqn_258,10,50,11008,6143,785,6,2
sqn_258,10,50,11178,6317,955,2,2
sqn_258,10,50,11102,6289,879,15,2
sqn_258,10,50,11188,6319,965,14,2
sqn_258,10,50,11229,6390,1006,13,2
sqn_258,10,50,11186,6364,963,3,2
sqn_258,10,50,11192,6356,969,11,2
sqn_258,10,50,10981,6111,758,8,2
sqn_258,10,50,11195,6376,972,10,2
sqn_258,10,50,11120,6242,897,6,3
sqn_258,10,50,10915,6051,692,4,3
sqn_258,10,50,10893,6001,670,11,3
sqn_258,10,50,11073,6147,850,1,3
sqn_258,10,50,11092,6162,869,3,3
sqn_258,10,50,10950,6075,727,15,3
sqn_258,10,50,11141,6278,918,13,3
sqn_258,10,50,11089,6235,866,8,3
sqn_258,10,50,10905,6048,682,2,3
sqn_258,10,50,11020,6081,797,7,3
sqn_258,10,50,11054,6126,831,5,3
sqn_258,10,50,10968,6072,745,9,3
sqn_258,10,50,10903,6039,680,14,3
sqn_258,10,50,10993,6121,770,12,3
sqn_258,10,50,11055,6172,832,10,3
sqn_258,10,50,11058,6187,835,1,4
sqn_258,10,50,11082,6225,859,2,4
sqn_258,10,50,11106,6232,883,3,4
sqn_258,10,50,10974,6112,751,14,4
sqn_258,10,50,11077,6195,854,12,4
sqn_258,10,50,11152,6342,929,5,4
sqn_258,10,50,11053,6194,830,7,4
sqn_258,10,50,11214,6259,991,4,4
sqn_258,10,50,11116,6244,893,6,4
sqn_258,10,50,11012,6151,789,11,4
sqn_258,10,50,11060,6211,837,8,4
sqn_258,10,50,11064,6194,841,13,4
sqn_258,10,50,11141,6314,918,15,4
sqn_258,10,50,11035,6188,812,10,4
sqn_258,10,50,11022,6166,799,9,4
sqn_258,10,50,10910,6080,687,2,5
sqn_258,10,50,10835,5955,612,5,5
sqn_258,10,50,10852,6033,629,9,5
sqn_258,10,50,11048,6159,825,7,5
sqn_258,10,50,11094,6248,871,13,5
sqn_258,10,50,11279,6472,1056,4,5
sqn_258,10,50,10919,6081,696,11,5
sqn_258,10,50,11095,6220,872,14,5
sqn_258,10,50,11237,6329,1014,15,5
sqn_258,10,50,11093,6191,870,10,5
sqn_258,10,50,11097,6243,874,12,5
sqn_258,10,50,11003,6062,780,8,5
sqn_258,10,50,10920,6031,697,3,5
sqn_258,10,50,10916,6071,693,1,5
sqn_258,10,50,11020,6122,797,6,5
sqn_258,10,50,11071,6176,848,1,6
sqn_258,10,50,11113,6317,890,4,6
sqn_258,10,50,11047,6188,824,5,6
sqn_258,10,50,11027,6160,804,14,6
sqn_258,10,50,11014,6184,791,8,6
sqn_258,10,50,10924,6062,701,9,6
sqn_258,10,50,11064,6197,841,2,6
sqn_258,10,50,11114,6205,891,6,6
sqn_258,10,50,11108,6207,885,15,6
sqn_258,10,50,10995,6163,772,11,6
sqn_258,10,50,11074,6254,851,10,6
sqn_258,10,50,10964,6146,741,12,6
sqn_258,10,50,11063,6201,840,13,6
sqn_258,10,50,11074,6182,851,3,6
sqn_258,10,50,11023,6159,800,7,6
sqn_258,10,50,11167,6279,944,2,7
sqn_258,10,50,11102,6186,879,4,7
sqn_258,10,50,11119,6226,896,3,7
sqn_258,10,50,11118,6245,895,14,7
sqn_258,10,50,11043,6177,820,7,7
sqn_258,10,50,11129,6241,906,15,7
sqn_258,10,50,11029,6132,806,5,7
sqn_258,10,50,11102,6221,879,12,7
sqn_258,10,50,11152,6305,929,6,7
sqn_258,10,50,11109,6231,886,8,7
sqn_258,10,50,11055,6229,832,1,7
sqn_258,10,50,11038,6176,815,13,7
sqn_258,10,50,11207,6352,984,11,7
sqn_258,10,50,10941,6108,718,10,7
sqn_258,10,50,10984,6089,761,9,7
sqn_258,10,50,11113,6274,890,3,8
sqn_258,10,50,11192,6350,969,6,8
sqn_258,10,50,10982,6089,759,9,8
sqn_258,10,50,10920,6053,697,13,8
sqn_258,10,50,11123,6273,900,12,8
sqn_258,10,50,11013,6135,790,14,8
sqn_258,10,50,11028,6181,805,2,8
sqn_258,10,50,11229,6438,1006,1,8
sqn_258,10,50,10920,6029,697,8,8
sqn_258,10,50,10997,6124,774,4,8
sqn_258,10,50,11120,6248,897,11,8
sqn_258,10,50,11153,6285,930,5,8
sqn_258,10,50,11042,6195,819,10,8
sqn_258,10,50,11098,6209,875,15,8
sqn_258,10,50,11095,6216,872,7,8
sqn_258,10,50,11021,6165,798,8,9
sqn_258,10,50,10996,6134,773,1,9
sqn_258,10,50,10955,6085,732,3,9
sqn_258,10,50,11045,6182,822,5,9
sqn_258,10,50,10806,5974,583,13,9
sqn_258,10,50,11035,6173,812,4,9
sqn_258,10,50,10948,6072,725,14,9
sqn_258,10,50,11146,6283,923,12,9
sqn_258,10,50,10844,5985,621,2,9
sqn_258,10,50,10838,5997,615,7,9
sqn_258,10,50,10901,6043,678,11,9
sqn_258,10,50,10954,6086,731,15,9
sqn_258,10,50,10914,6024,691,10,9
sqn_258,10,50,10917,6000,694,9,9
sqn_258,10,50,10990,6040,767,6,9
sqn_258,10,50,10960,6087,737,6,10
sqn_258,10,50,11102,6168,879,7,10
sqn_258,10,50,11103,6213,880,10,10
sqn_258,10,50,11086,6223,863,8,10
sqn_258,10,50,11077,6195,854,9,10
sqn_258,10,50,10999,6092,776,12,10
sqn_258,10,50,11079,6206,856,13,10
sqn_258,10,50,10901,6026,678,4,10
sqn_258,10,50,11028,6170,805,14,10
sqn_258,10,50,11005,6145,782,15,10
sqn_258,10,50,11148,6241,925,5,10
sqn_258,10,50,11001,6119,778,1,10
sqn_258,10,50,10923,6065,700,11,10
sqn_258,10,50,11157,6295,934,3,10
sqn_258,10,50,11094,6207,871,2,10
sqn_258,10,50,11086,6195,863,2,11
sqn_258,10,50,11148,6251,925,14,11
sqn_258,10,50,11164,6281,941,13,11
sqn_258,10,50,11131,6218,908,4,11
sqn_258,10,50,11056,6194,833,7,11
sqn_258,10,50,11189,6382,966,1,11
sqn_258,10,50,11132,6290,909,3,11
sqn_258,10,50,11024,6128,801,8,11
sqn_258,10,50,11073,6190,850,9,11
sqn_258,10,50,11082,6206,859,15,11
sqn_258,10,50,11101,6212,878,11,11
sqn_258,10,50,11159,6290,936,12,11
sqn_258,10,50,11093,6201,870,10,11
sqn_258,10,50,11112,6250,889,6,11
sqn_258,10,50,11023,6179,800,5,11
sqn_258,10,50,10982,6164,759,1,12
sqn_258,10,50,10993,6170,770,6,12
sqn_258,10,50,10882,6041,659,3,12
sqn_258,10,50,10906,6095,683,9,12
sqn_258,10,50,11025,6170,802,8,12
sqn_258,10,50,11131,6240,908,12,12
sqn_258,10,50,11026,6134,803,2,12
sqn_258,10,50,10998,6174,775,7,12
sqn_258,10,50,10998,6151,775,10,12
sqn_258,10,50,11069,6202,846,11,12
sqn_258,10,50,11188,6327,965,13,12
sqn_258,10,50,10924,6093,701,14,12
sqn_258,10,50,10954,6095,731,15,12
sqn_258,10,50,11014,6181,791,4,12
sqn_258,10,50,11042,6222,819,5,12
sqn_258,10,50,11070,6207,847,1,13
sqn_258,10,50,11115,6269,892,2,13
sqn_258,10,50,11137,6265,914,14,13
sqn_258,10,50,11065,6245,842,4,13
sqn_258,10,50,11049,6195,826,15,13
sqn_258,10,50,11007,6114,784,3,13
sqn_258,10,50,11116,6222,893,13,13
sqn_258,10,50,11136,6230,913,7,13
sqn_258,10,50,11055,6201,832,10,13
sqn_258,10,50,11085,6185,862,11,13
sqn_258,10,50,10967,6115,744,5,13
sqn_258,10,50,10952,6141,729,6,13
sqn_258,10,50,11211,6327,988,8,13
sqn_258,10,50,11059,6199,836,12,13
sqn_258,10,50,11082,6252,859,9,13
sqn_258,10,50,11134,6197,911,5,14
sqn_258,10,50,11003,6054,780,9,14
sqn_258,10,50,11146,6264,923,13,14
sqn_258,10,50,11278,6354,1055,12,14
sqn_258,10,50,11152,6227,929,15,14
sqn_258,10,50,10973,6083,750,6,14
sqn_258,10,50,11195,6332,972,14,14
sqn_258,10,50,11248,6319,1025,1,14
sqn_258,10,50,11088,6199,865,2,14
sqn_258,10,50,11174,6259,951,3,14
sqn_258,10,50,11048,6121,825,8,14
sqn_258,10,50,11196,6273,973,11,14
sqn_258,10,50,11090,6196,867,7,14
sqn_258,10,50,11053,6119,830,4,14
sqn_258,10,50,11239,6335,1016,10,14
sqn_258,10,50,11158,6287,935,4,15
sqn_258,10,50,11091,6228,868,8,15
sqn_258,10,50,11122,6221,899,3,15
sqn_258,10,50,11116,6202,893,2,15
sqn_258,10,50,11058,6177,835,9,15
sqn_258,10,50,11064,6169,841,1,15
sqn_258,10,50,11097,6132,874,10,15
sqn_258,10,50,11024,6193,801,5,15
sqn_258,10,50,11211,6331,988,15,15
sqn_258,10,50,11060,6174,837,14,15
sqn_258,10,50,11050,6342,827,11,15
sqn_258,10,50,11141,6184,918,12,15
sqn_258,10,50,11073,6164,850,13,15
sqn_258,10,50,11045,6174,822,6,15
sqn_258,10,50,11098,6246,875,7,15
sqn_258,10,50,11112,6164,889,1,16
sqn_258,10,50,11117,6246,894,2,16
sqn_258,10,50,11021,6153,798,5,16
sqn_258,10,50,11095,6224,872,9,16
sqn_258,10,50,11076,6228,853,7,16
sqn_258,10,50,11031,6183,808,13,16
sqn_258,10,50,11075,6202,852,12,16
sqn_258,10,50,11145,6311,922,8,16
sqn_258,10,50,11220,6312,997,11,16
sqn_258,10,50,11206,6322,983,3,16
sqn_258,10,50,11110,6205,887,4,16
sqn_258,10,50,11151,6226,928,10,16
sqn_258,10,50,11009,6171,786,15,16
sqn_258,10,50,11027,6144,804,14,16
sqn_258,10,50,11110,6225,887,6,16
sqn_258,10,50,11029,6177,806,2,17
sqn_258,10,50,11189,6303,966,3,17
sqn_258,10,50,11271,6418,1048,5,17
sqn_258,10,50,11110,6197,887,1,17
sqn_258,10,50,11102,6236,879,8,17
sqn_258,10,50,11150,6269,927,12,17
sqn_258,10,50,11198,6277,975,4,17
sqn_258,10,50,11224,6418,1001,11,17
sqn_258,10,50,11181,6319,958,14,17
sqn_258,10,50,11160,6287,937,15,17
sqn_258,10,50,11232,6346,1009,10,17
sqn_258,10,50,11108,6302,885,13,17
sqn_258,10,50,11211,6346,988,6,17
sqn_258,10,50,11151,6293,928,9,17
sqn_258,10,50,11121,6256,898,7,17
sqn_258,10,50,11268,6318,1045,1,18
sqn_258,10,50,10828,5988,605,5,18
sqn_258,10,50,10820,5984,597,7,18
sqn_258,10,50,11028,6209,805,3,18
sqn_258,10,50,10898,6034,675,2,18
sqn_258,10,50,11285,6356,1062,4,18
sqn_258,10,50,11077,6171,854,8,18
sqn_258,10,50,11207,6258,984,15,18
sqn_258,10,50,10905,6038,682,13,18
sqn_258,10,50,11178,6317,955,14,18
sqn_258,10,50,10888,6039,665,10,18
sqn_258,10,50,11078,6167,855,11,18
sqn_258,10,50,11072,6124,849,12,18
sqn_258,10,50,11010,6107,787,6,18
sqn_258,10,50,11130,6240,907,9,18
sqn_258,10,50,11085,6180,862,4,19
sqn_258,10,50,11182,6294,959,5,19
sqn_258,10,50,11060,6158,837,3,19
sqn_258,10,50,11046,6205,823,2,19
sqn_258,10,50,11197,6291,974,6,19
sqn_258,10,50,11079,6207,856,12,19
sqn_258,10,50,11117,6264,894,13,19
sqn_258,10,50,11062,6218,839,9,19
sqn_258,10,50,11114,6232,891,14,19
sqn_258,10,50,11108,6228,885,11,19
sqn_258,10,50,11188,6308,965,15,19
sqn_258,10,50,11097,6243,874,1,19
sqn_258,10,50,11142,6235,919,7,19
sqn_258,10,50,11118,6272,895,10,19
sqn_258,10,50,11102,6144,879,8,19
sqn_258,10,50,10952,6047,729,2,20
sqn_258,10,50,11044,6201,821,9,20
sqn_258,10,50,10915,6044,692,4,20
sqn_258,10,50,11162,6249,939,5,20
sqn_258,10,50,10945,6106,722,7,20
sqn_258,10,50,11189,6260,966,1,20
sqn_258,10,50,11002,6096,779,10,20
sqn_258,10,50,10974,6124,751,11,20
sqn_258,10,50,11056,6194,833,8,20
sqn_258,10,50,11084,6163,861,3,20
sqn_258,10,50,10886,5989,663,15,20
sqn_258,10,50,11010,6085,787,12,20
sqn_258,10,50,11161,6249,938,14,20
sqn_258,10,50,11070,6161,847,6,20
sqn_258,10,50,10910,6041,687,13,20
sqn_258,10,50,11018,6094,795,4,21
sqn_258,10,50,10969,6121,746,11,21
sqn_258,10,50,11022,6162,799,14,21
sqn_258,10,50,11059,6177,836,6,21
sqn_258,10,50,11030,6143,807,7,21
sqn_258,10,50,11182,6348,959,13,21
sqn_258,10,50,10977,6107,754,5,21
sqn_258,10,50,11005,6156,782,8,21
sqn_258,10,50,11056,6181,833,9,21
sqn_258,10,50,11108,6212,885,10,21
sqn_258,10,50,11126,6224,903,2,21
sqn_258,10,50,11092,6229,869,1,21
sqn_258,10,50,10962,6137,739,12,21
sqn_258,10,50,11174,6247,951,3,21
sqn_258,10,50,10939,6106,716,15,21
sqn_258,10,50,11121,6212,898,3,22
sqn_258,10,50,11026,6119,803,12,22
sqn_258,10,50,11164,6270,941,6,22
sqn_258,10,50,10967,6032,744,7,22
sqn_258,10,50,10999,6090,776,5,22
sqn_258,10,50,11108,6255,885,13,22
sqn_258,10,50,11156,6276,933,14,22
sqn_258,10,50,11058,6183,835,10,22
sqn_258,10,50,11061,6225,838,1,22
sqn_258,10,50,11124,6244,901,15,22
sqn_258,10,50,11185,6230,962,2,22
sqn_258,10,50,11197,6250,974,8,22
sqn_258,10,50,11102,6230,879,9,22
sqn_258,10,50,10926,6097,703,11,22
sqn_258,10,50,11166,6373,943,4,22
sqn_258,10,50,11205,6279,982,1,23
sqn_258,10,50,10979,6059,756,12,23
sqn_258,10,50,11008,6097,785,11,23
sqn_258,10,50,11089,6199,866,7,23
sqn_258,10,50,11132,6249,909,8,23
sqn_258,10,50,10957,6073,734,2,23
sqn_258,10,50,10847,5990,624,15,23
sqn_258,10,50,11069,6157,846,3,23
sqn_258,10,50,10897,6034,674,4,23
sqn_258,10,50,11078,6150,855,9,23
sqn_258,10,50,11039,6142,816,5,23
sqn_258,10,50,11124,6210,901,10,23
sqn_258,10,50,11056,6144,833,13,23
sqn_258,10,50,11084,6218,861,6,23
sqn_258,10,50,11145,6233,922,14,23
sqn_258,10,50,11121,6212,898,2,24
sqn_258,10,50,10880,6036,657,13,24
sqn_258,10,50,10828,6006,605,1,24
sqn_258,10,50,10964,6113,741,12,24
sqn_258,10,50,10910,6029,687,11,24
sqn_258,10,50,10979,6134,756,15,24
sqn_258,10,50,11103,6230,880,4,24
sqn_258,10,50,10888,6012,665,14,24
sqn_258,10,50,10993,6032,770,6,24
sqn_258,10,50,11037,6135,814,3,24
sqn_258,10,50,10983,6033,760,9,24
sqn_258,10,50,10948,6060,725,8,24
sqn_258,10,50,10943,6101,720,10,24
sqn_258,10,50,11006,6132,783,7,24
sqn_258,10,50,11140,6246,917,5,24
sqn_258,10,50,11056,6186,833,3,25
sqn_258,10,50,10954,6123,731,6,25
sqn_258,10,50,10956,6038,733,9,25
sqn_258,10,50,11090,6222,867,5,25
sqn_258,10,50,10869,6004,646,2,25
sqn_258,10,50,10902,5981,679,8,25
sqn_258,10,50,10977,6104,754,12,25
sqn_258,10,50,10947,6079,724,11,25
sqn_258,10,50,11025,6175,802,13,25
sqn_258,10,50,10915,6000,692,14,25
sqn_258,10,50,11037,6165,814,15,25
sqn_258,10,50,10925,6017,702,7,25
sqn_258,10,50,11102,6259,879,4,25
sqn_258,10,50,11115,6295,892,1,25
sqn_258,10,50,10891,6040,668,10,25
sqn_258,10,50,11072,6211,849,2,26
sqn_258,10,50,11133,6283,910,1,26
sqn_258,10,50,11178,6312,955,6,26
sqn_258,10,50,10975,6163,752,3,26
sqn_258,10,50,11068,6212,845,7,26
sqn_258,10,50,11224,6294,1001,8,26
sqn_258,10,50,11048,6149,825,5,26
sqn_258,10,50,10942,6106,719,10,26
sqn_258,10,50,11112,6241,889,9,26
sqn_258,10,50,11033,6184,810,4,26
sqn_258,10,50,11013,6134,790,11,26
sqn_258,10,50,11089,6223,866,12,26
sqn_258,10,50,10982,6144,759,15,26
sqn_258,10,50,10968,6138,745,13,26
sqn_258,10,50,10916,6075,693,14,26
sqn_258,10,50,11113,6192,890,11,27
sqn_258,10,50,10973,6079,750,13,27
sqn_258,10,50,11015,6152,792,15,27
sqn_258,10,50,10891,5993,668,6,27
sqn_258,10,50,10874,5972,651,4,27
sqn_258,10,50,11108,6208,885,2,27
sqn_258,10,50,10948,6074,725,14,27
sqn_258,10,50,10921,6057,698,12,27
sqn_258,10,50,11224,6280,1001,1,27
sqn_258,10,50,11069,6188,846,5,27
sqn_258,10,50,11044,6194,821,3,27
sqn_258,10,50,11142,6276,919,8,27
sqn_258,10,50,11038,6113,815,9,27
sqn_258,10,50,11062,6214,839,10,27
sqn_258,10,50,11149,6223,926,7,27
sqn_258,10,50,11069,6174,846,1,28
sqn_258,10,50,11081,6153,858,5,28
sqn_258,10,50,11124,6202,901,7,28
sqn_258,10,50,11121,6272,898,3,28
sqn_258,10,50,11139,6282,916,13,28
sqn_258,10,50,11257,6304,1034,2,28
sqn_258,10,50,11150,6232,927,4,28
sqn_258,10,50,11196,6336,973,6,28
sqn_258,10,50,11129,6224,906,10,28
sqn_258,10,50,11034,6178,811,15,28
sqn_258,10,50,11107,6236,884,8,28
sqn_258,10,50,11115,6262,892,11,28
sqn_258,10,50,11275,6334,1052,12,28
sqn_258,10,50,11175,6264,952,9,28
sqn_258,10,50,11159,6234,936,14,28
sqn_258,10,50,11066,6194,843,6,29
sqn_258,10,50,11087,6238,864,8,29
sqn_258,10,50,11122,6241,899,9,29
sqn_258,10,50,11206,6300,983,1,29
sqn_258,10,50,11027,6174,804,12,29
sqn_258,10,50,11026,6107,803,2,29
sqn_258,10,50,11036,6175,813,4,29
sqn_258,10,50,11102,6213,879,5,29
sqn_258,10,50,11221,6315,998,15,29
sqn_258,10,50,11238,6361,1015,13,29
sqn_258,10,50,11098,6217,875,11,29
sqn_258,10,50,11044,6153,821,10,29
sqn_258,10,50,11191,6278,968,7,29
sqn_258,10,50,11094,6104,871,14,29
sqn_258,10,50,11121,6251,898,3,29
sqn_258,10,50,11087,6259,864,3,30
sqn_258,10,50,11192,6308,969,11,30
sqn_258,10,50,11049,6207,826,12,30
sqn_258,10,50,11098,6189,875,9,30
sqn_258,10,50,11142,6290,919,10,30
sqn_258,10,50,10994,6231,771,8,30
sqn_258,10,50,11070,6220,847,15,30
sqn_258,10,50,10945,6103,722,5,30
sqn_258,10,50,10981,6147,758,2,30
sqn_258,10,50,11077,6170,854,1,30
sqn_258,10,50,11186,6347,963,13,30
sqn_258,10,50,11109,6228,886,14,30
sqn_258,10,50,11103,6240,880,7,30
sqn_258,10,50,10961,6139,738,4,30
sqn_258,10,50,11017,6167,794,6,30
sqn_258,10,50,11141,6247,918,4,31
sqn_258,10,50,11032,6170,809,3,31
sqn_258,10,50,11027,6120,804,12,31
sqn_258,10,50,11082,6181,859,14,31
sqn_258,10,50,11085,6149,862,15,31
sqn_258,10,50,11102,6207,879,6,31
sqn_258,10,50,11029,6090,806,11,31
sqn_258,10,50,11072,6212,849,1,31
sqn_258,10,50,11111,6189,888,13,31
sqn_258,10,50,10912,6045,689,8,31
sqn_258,10,50,11079,6187,856,2,31
sqn_258,10,50,11126,6222,903,5,31
sqn_258,10,50,11039,6185,816,9,31
sqn_258,10,50,11198,6279,975,10,31
sqn_258,10,50,11045,6135,822,7,31
sqn_258,10,50,11063,6129,840,2,32
sqn_258,10,50,11079,6162,856,3,32
sqn_258,10,50,11165,6207,942,5,32
sqn_258,10,50,11148,6232,925,9,32
sqn_258,10,50,11053,6116,830,7,32
sqn_258,10,50,11027,6152,804,6,32
sqn_258,10,50,11124,6204,901,8,32
sqn_258,10,50,11126,6294,903,14,32
sqn_258,10,50,11034,6121,811,13,32
sqn_258,10,50,11056,6111,833,10,32
sqn_258,10,50,11171,6271,948,12,32
sqn_258,10,50,11156,6279,933,15,32
sqn_258,10,50,11096,6188,873,4,32
sqn_258,10,50,11074,6174,851,1,32
sqn_258,10,50,11196,6267,973,11,32
sqn_258,10,50,11131,6265,908,10,33
sqn_258,10,50,11159,6316,936,12,33
sqn_258,10,50,11045,6165,822,3,33
sqn_258,10,50,11124,6264,901,1,33
sqn_258,10,50,11061,6178,838,4,33
sqn_258,10,50,11158,6258,935,11,33
sqn_258,10,50,11079,6189,856,8,33
sqn_258,10,50,11006,6156,783,9,33
sqn_258,10,50,11254,6363,1031,13,33
sqn_258,10,50,11160,6267,937,14,33
sqn_258,10,50,11083,6236,860,2,33
sqn_258,10,50,11157,6227,934,15,33
sqn_258,10,50,11118,6205,895,5,33
sqn_258,10,50,11099,6238,876,6,33
sqn_258,10,50,11033,6164,810,7,33
sqn_258,10,50,11160,6282,937,1,34
sqn_258,10,50,11203,6248,980,4,34
sqn_258,10,50,11086,6175,863,14,34
sqn_258,10,50,11119,6235,896,12,34
sqn_258,10,50,11035,6142,812,15,34
sqn_258,10,50,11061,6126,838,5,34
sqn_258,10,50,11040,6153,817,11,34
sqn_258,10,50,11016,6106,793,10,34
sqn_258,10,50,11174,6300,951,13,34
sqn_258,10,50,11116,6256,893,6,34
sqn_258,10,50,11088,6200,865,3,34
sqn_258,10,50,11104,6209,881,8,34
sqn_258,10,50,11117,6258,894,9,34
sqn_258,10,50,11100,6228,877,2,34
sqn_258,10,50,11062,6178,839,7,34
sqn_258,10,50,11014,6060,791,3,35
sqn_258,10,50,11177,6286,954,12,35
sqn_258,10,50,10943,6071,720,15,35
sqn_258,10,50,11272,6271,1049,14,35
sqn_258,10,50,11151,6238,928,11,35
sqn_258,10,50,10932,6053,709,13,35
sqn_258,10,50,10931,6046,708,6,35
sqn_258,10,50,10965,6090,742,5,35
sqn_258,10,50,10832,5996,609,7,35
sqn_258,10,50,10936,6048,713,4,35
sqn_258,10,50,11124,6223,901,1,35
sqn_258,10,50,11040,6130,817,2,35
sqn_258,10,50,10944,6065,721,9,35
sqn_258,10,50,11060,6160,837,10,35
sqn_258,10,50,11209,6230,986,8,35
sqn_258,10,50,11031,6211,808,1,36
sqn_258,10,50,11055,6182,832,12,36
sqn_258,10,50,11087,6167,864,6,36
sqn_258,10,50,11104,6186,881,15,36
sqn_258,10,50,11133,6219,910,14,36
sqn_258,10,50,11007,6109,784,5,36
sqn_258,10,50,11066,6162,843,2,36
sqn_258,10,50,11148,6287,925,8,36
sqn_258,10,50,11049,6149,826,3,36
sqn_258,10,50,11207,6303,984,4,36
sqn_258,10,50,11083,6195,860,10,36
sqn_258,10,50,11080,6173,857,13,36
sqn_258,10,50,10979,6127,756,11,36
sqn_258,10,50,11174,6268,951,7,36
sqn_258,10,50,10987,6021,764,9,36
sqn_258,10,50,11000,6101,777,2,37
sqn_258,10,50,10945,6015,722,11,37
sqn_258,10,50,10876,6028,653,3,37
sqn_258,10,50,11016,6096,793,5,37
sqn_258,10,50,11154,6223,931,4,37
sqn_258,10,50,11077,6128,854,15,37
sqn_258,10,50,10899,6047,676,9,37
sqn_258,10,50,10839,5953,616,10,37
sqn_258,10,50,11060,6202,837,6,37
sqn_258,10,50,10937,6081,714,1,37
sqn_258,10,50,10978,6104,755,12,37
sqn_258,10,50,10817,5948,594,14,37
sqn_258,10,50,10791,5915,568,13,37
sqn_258,10,50,10861,5981,638,7,37
sqn_258,10,50,10956,6072,733,8,37
sqn_258,10,50,11149,6283,926,1,38
sqn_258,10,50,11158,6287,935,13,38
sqn_258,10,50,11103,6210,880,15,38
sqn_258,10,50,11102,6221,879,4,38
sqn_258,10,50,10930,6047,707,3,38
sqn_258,10,50,11147,6285,924,2,38
sqn_258,10,50,10840,5984,617,7,38
sqn_258,10,50,11127,6247,904,9,38
sqn_258,10,50,11159,6280,936,5,38
sqn_258,10,50,11072,6156,849,6,38
sqn_258,10,50,11148,6261,925,8,38
sqn_258,10,50,11041,6177,818,10,38
sqn_258,10,50,11034,6171,811,12,38
sqn_258,10,50,11156,6301,933,14,38
sqn_258,10,50,10978,6119,755,11,38
sqn_258,10,50,11008,6132,785,4,39
sqn_258,10,50,11009,6174,786,12,39
sqn_258,10,50,10902,6054,679,13,39
sqn_258,10,50,11028,6145,805,11,39
sqn_258,10,50,11083,6200,860,3,39
sqn_258,10,50,11133,6260,910,15,39
sqn_258,10,50,10951,6067,728,5,39
sqn_258,10,50,11030,6195,807,2,39
sqn_258,10,50,11191,6350,968,1,39
sqn_258,10,50,11039,6212,816,9,39
sqn_258,10,50,11059,6178,836,10,39
sqn_258,10,50,11012,6142,789,6,39
sqn_258,10,50,11110,6297,887,8,39
sqn_258,10,50,11107,6271,884,14,39
sqn_258,10,50,11080,6181,857,7,39
sqn_258,10,50,11077,6247,854,1,40
sqn_258,10,50,11010,6119,787,3,40
sqn_258,10,50,11168,6249,945,8,40
sqn_258,10,50,11075,6187,852,14,40
sqn_258,10,50,11139,6226,916,9,40
sqn_258,10,50,11156,6214,933,4,40
sqn_258,10,50,11095,6230,872,12,40
sqn_258,10,50,11060,6168,837,2,40
sqn_258,10,50,11119,6220,896,13,40
sqn_258,10,50,11146,6291,923,6,40
sqn_258,10,50,11152,6244,929,11,40
sqn_258,10,50,11152,6279,929,5,40
sqn_258,10,50,11025,6194,802,15,40
sqn_258,10,50,10922,6032,699,10,40
sqn_258,10,50,10993,6082,770,7,40
sqn_258,10,50,11120,6201,897,2,41
sqn_258,10,50,11120,6226,897,12,41
sqn_258,10,50,11051,6202,828,15,41
sqn_258,10,50,11164,6266,941,11,41
sqn_258,10,50,11215,6298,992,5,41
sqn_258,10,50,11087,6229,864,4,41
sqn_258,10,50,11216,6362,993,7,41
sqn_258,10,50,11175,6254,952,3,41
sqn_258,10,50,10906,6057,683,6,41
sqn_258,10,50,11061,6256,838,1,41
sqn_258,10,50,11192,6270,969,8,41
sqn_258,10,50,11105,6251,882,14,41
sqn_258,10,50,11079,6294,856,13,41
sqn_258,10,50,11109,6199,886,9,41
sqn_258,10,50,11144,6263,921,10,41
sqn_258,10,50,10879,5998,656,3,42
sqn_258,10,50,10915,6024,692,4,42
sqn_258,10,50,10995,6121,772,9,42
sqn_258,10,50,11149,6241,926,8,42
sqn_258,10,50,10935,6104,712,5,42
sqn_258,10,50,11030,6145,807,7,42
sqn_258,10,50,10957,6063,734,13,42
sqn_258,10,50,11102,6161,879,12,42
sqn_258,10,50,11106,6224,883,14,42
sqn_258,10,50,11046,6144,823,15,42
sqn_258,10,50,11047,6149,824,11,42
sqn_258,10,50,10852,6001,629,2,42
sqn_258,10,50,10932,6052,709,1,42
sqn_258,10,50,11098,6188,875,10,42
sqn_258,10,50,10901,6030,678,6,42
sqn_258,10,50,11042,6193,819,2,43
sqn_258,10,50,11042,6125,819,10,43
sqn_258,10,50,11028,6183,805,12,43
sqn_258,10,50,11177,6239,954,14,43
sqn_258,10,50,11088,6219,865,11,43
sqn_258,10,50,11107,6185,884,13,43
sqn_258,10,50,11193,6290,970,4,43
sqn_258,10,50,11104,6241,881,7,43
sqn_258,10,50,11155,6252,932,6,43
sqn_258,10,50,11149,6276,926,3,43
sqn_258,10,50,11096,6228,873,1,43
sqn_258,10,50,11131,6245,908,15,43
sqn_258,10,50,11060,6233,837,8,43
sqn_258,10,50,11083,6242,860,9,43
sqn_258,10,50,11136,6219,913,5,43
sqn_258,10,50,11090,6160,867,8,44
sqn_258,10,50,10917,6016,694,1,44
sqn_258,10,50,11004,6133,781,9,44
sqn_258,10,50,10916,6045,693,2,44
sqn_258,10,50,11129,6236,906,15,44
sqn_258,10,50,10847,5975,624,14,44
sqn_258,10,50,10999,6134,776,10,44
sqn_258,10,50,11066,6105,843,5,44
sqn_258,10,50,10865,6017,642,11,44
sqn_258,10,50,10738,5925,515,12,44
sqn_258,10,50,11041,6165,818,6,44
sqn_258,10,50,11012,6130,789,4,44
sqn_258,10,50,11086,6200,863,13,44
sqn_258,10,50,11094,6215,871,7,44
sqn_258,10,50,11132,6282,909,3,44
sqn_258,10,50,11146,6233,923,6,45
sqn_258,10,50,11113,6183,890,3,45
sqn_258,10,50,10975,6176,752,4,45
sqn_258,10,50,11042,6172,819,2,45
sqn_258,10,50,11125,6208,902,8,45
sqn_258,10,50,11011,6144,788,14,45
sqn_258,10,50,11112,6300,889,11,45
sqn_258,10,50,11114,6282,891,7,45
sqn_258,10,50,10969,6129,746,13,45
sqn_258,10,50,11186,6246,963,15,45
sqn_258,10,50,11041,6167,818,12,45
sqn_258,10,50,11151,6286,928,9,45
sqn_258,10,50,11070,6196,847,1,45
sqn_258,10,50,11271,6315,1048,10,45
sqn_258,10,50,11007,6180,784,5,45
sqn_258,10,50,11176,6216,953,1,46
sqn_258,10,50,11084,6171,861,5,46
sqn_258,10,50,11085,6199,862,3,46
sqn_258,10,50,11046,6141,823,2,46
sqn_258,10,50,11217,6277,994,11,46
sqn_258,10,50,11115,6198,892,6,46
sqn_258,10,50,11066,6244,843,10,46
sqn_258,10,50,10985,6131,762,4,46
sqn_258,10,50,10991,6104,768,9,46
sqn_258,10,50,11007,6163,784,12,46
sqn_258,10,50,11068,6194,845,8,46
sqn_258,10,50,11125,6249,902,7,46
sqn_258,10,50,11190,6294,967,13,46
sqn_258,10,50,11073,6203,850,14,46
sqn_258,10,50,11115,6161,892,15,46
sqn_258,10,50,11167,6241,944,2,47
sqn_258,10,50,11209,6256,986,3,47
sqn_258,10,50,10847,6021,624,10,47
sqn_258,10,50,10916,6104,693,14,47
sqn_258,10,50,10975,6047,752,1,47
sqn_258,10,50,11079,6223,856,4,47
sqn_258,10,50,10985,6145,762,9,47
sqn_258,10,50,10919,6094,696,7,47
sqn_258,10,50,10978,6099,755,8,47
sqn_258,10,50,10940,6088,717,5,47
sqn_258,10,50,11038,6185,815,15,47
sqn_258,10,50,11060,6155,837,6,47
sqn_258,10,50,10999,6160,776,13,47
sqn_258,10,50,11057,6161,834,12,47
sqn_258,10,50,11113,6251,890,11,47
sqn_258,10,50,11011,6147,788,1,48
sqn_258,10,50,11040,6188,817,15,48
sqn_258,10,50,11014,6120,791,2,48
sqn_258,10,50,10989,6125,766,13,48
sqn_258,10,50,11104,6267,881,14,48
sqn_258,10,50,11047,6185,824,7,48
sqn_258,10,50,11103,6209,880,3,48
sqn_258,10,50,11242,6422,1019,12,48
sqn_258,10,50,11098,6210,875,5,48
sqn_258,10,50,11184,6301,961,11,48
sqn_258,10,50,11085,6209,862,6,48
sqn_258,10,50,11039,6146,816,4,48
sqn_258,10,50,11087,6202,864,8,48
sqn_258,10,50,10991,6150,768,9,48
sqn_258,10,50,11120,6262,897,10,48
sqn_258,10,50,11078,6214,855,3,49
sqn_258,10,50,11029,6136,806,4,49
sqn_258,10,50,11000,6161,777,11,49
sqn_258,10,50,11089,6251,866,9,49
sqn_258,10,50,11016,6206,793,1,49
sqn_258,10,50,10960,6115,737,14,49
sqn_258,10,50,11048,6151,825,2,49
sqn_258,10,50,11095,6266,872,7,49
sqn_258,10,50,11046,6233,823,10,49
sqn_258,10,50,10999,6195,776,13,49
sqn_258,10,50,11069,6201,846,8,49
sqn_258,10,50,11202,6361,979,12,49
sqn_258,10,50,11114,6169,891,15,49
sqn_258,10,50,10970,6104,747,6,49
sqn_258,10,50,11125,6232,902,5,49
sqn_258,10,50,11082,6208,859,11,50
sqn_258,10,50,11146,6304,923,5,50
sqn_258,10,50,11018,6160,795,4,50
sqn_258,10,50,11038,6175,815,8,50
sqn_258,10,50,11060,6169,837,7,50
sqn_258,10,50,11149,6297,926,12,50
sqn_258,10,50,11114,6243,891,13,50
sqn_258,10,50,11093,6211,870,6,50
sqn_258,10,50,11143,6195,920,9,50
sqn_258,10,50,11128,6262,905,15,50
sqn_258,10,50,11228,6335,1005,14,50
sqn_258,10,50,11047,6167,824,3,50
sqn_258,10,50,11167,6261,944,1,50
sqn_258,10,50,11143,6247,920,10,50
sqn_258,10,50,11032,6157,809,2,50
root_255,10,50,19590,11002,2431,1,0
root_255,10,50,19450,10990,2291,13,0
root_255,10,50,19333,10682,2174,14,0
root_255,10,50,19680,11108,2521,8,0
root_255,10,50,19460,10940,2301,15,0
root_255,10,50,19510,10963,2351,7,0
root_255,10,50,19481,10913,2322,10,0
root_255,10,50,19414,10810,2255,3,0
root_255,10,50,19483,10966,2324,2,0
root_255,10,50,19438,10943,2279,12,0
root_255,10,50,19364,10804,2205,5,0
root_255,10,50,19393,10974,2234,9,0
root_255,10,50,19405,10783,2246,4,0
root_255,10,50,19391,10991,2232,11,0
root_255,10,50,19477,10813,2318,6,0
root_255,10,50,19431,10849,2272,4,1
root_255,10,50,19433,10803,2274,15,1
root_255,10,50,19409,10807,2250,14,1
root_255,10,50,19446,11024,2287,1,1
root_255,10,50,19321,10832,2162,6,1
root_255,10,50,19391,10942,2232,12,1
root_255,10,50,19463,11000,2304,2,1
root_255,10,50,19142,10653,1983,3,1
root_255,10,50,19411,10797,2252,11,1
root_255,10,50,19431,10879,2272,13,1
root_255,10,50,19364,10848,2205,7,1
root_255,10,50,19194,10677,2035,5,1
root_255,10,50,19456,10871,2297,8,1
root_255,10,50,19442,10872,2283,9,1
root_255,10,50,19466,10953,2307,10,1
root_255,10,50,19100,10575,1941,1,2
root_255,10,50,19047,10474,1888,13,2
root_255,10,50,19079,10555,1920,12,2
root_255,10,50,18977,10444,1818,3,2
root_255,10,50,19002,10472,1843,9,2
root_255,10,50,19331,10953,2172,2,2
root_255,10,50,19100,10571,1941,14,2
root_255,10,50,19146,10586,1987,11,2
root_255,10,50,19244,10797,2085,15,2
root_255,10,50,19130,10563,1971,4,2
root_255,10,50,19148,10637,1989,8,2
root_255,10,50,19064,10449,1905,6,2
root_255,10,50,19116,10616,1957,10,2
root_255,10,50,19196,10735,2037,7,2
root_255,10,50,19241,10932,2082,5,2
root_255,10,50,18903,10533,1744,3,3
root_255,10,50,19102,10659,1943,15,3
root_255,10,50,18933,10406,1774,1,3
root_255,10,50,18748,10443,1589,4,3
root_255,10,50,18817,10242,1658,2,3
root_255,10,50,19031,10614,1872,8,3
root_255,10,50,18845,10430,1686,5,3
root_255,10,50,18987,10440,1828,6,3
root_255,10,50,18989,10499,1830,7,3
root_255,10,50,19004,10444,1845,11,3
root_255,10,50,19092,10601,1933,12,3
root_255,10,50,19001,10477,1842,14,3
root_255,10,50,18977,10471,1818,9,3
root_255,10,50,19338,10700,2179,13,3
root_255,10,50,18965,10359,1806,10,3
root_255,10,50,18981,10568,1822,1,4
root_255,10,50,18844,10389,1685,11,4
root_255,10,50,18955,10540,1796,14,4
root_255,10,50,18846,10420,1687,8,4
root_255,10,50,19333,10806,2174,15,4
root_255,10,50,19128,10614,1969,3,4
root_255,10,50,19263,10804,2104,2,4
root_255,10,50,19375,10858,2216,9,4
root_255,10,50,18994,10542,1835,4,4
root_255,10,50,18946,10287,1787,7,4
root_255,10,50,19189,10629,2030,12,4
root_255,10,50,18979,10511,1820,10,4
root_255,10,50,19183,10565,2024,6,4
root_255,10,50,18826,10332,1667,13,4
root_255,10,50,19134,10666,1975,5,4
root_255,10,50,19010,10556,1851,4,5
root_255,10,50,18881,10374,1722,13,5
root_255,10,50,18878,10315,1719,15,5
root_255,10,50,18916,10453,1757,12,5
root_255,10,50,19025,10602,1866,11,5
root_255,10,50,19011,10576,1852,1,5
root_255,10,50,18906,10324,1747,14,5
root_255,10,50,18865,10515,1706,10,5
root_255,10,50,18988,10515,1829,3,5
root_255,10,50,19064,10665,1905,8,5
root_255,10,50,18995,10407,1836,2,5
root_255,10,50,19010,10534,1851,6,5
root_255,10,50,19023,10577,1864,7,5
root_255,10,50,19097,10560,1938,5,5
root_255,10,50,18790,10346,1631,9,5
root_255,10,50,19311,10887,2152,8,6
root_255,10,50,19249,10796,2090,3,6
root_255,10,50,19450,10850,2291,12,6
root_255,10,50,19105,10642,1946,15,6
root_255,10,50,19114,10446,1955,9,6
root_255,10,50,19466,10987,2307,14,6
root_255,10,50,19250,10972,2091,7,6
root_255,10,50,19412,10992,2253,13,6
root_255,10,50,19134,10649,1975,2,6
root_255,10,50,19392,10778,2233,1,6
root_255,10,50,19389,10904,2230,11,6
root_255,10,50,19187,10656,2028,6,6
root_255,10,50,19160,10563,2001,10,6
root_255,10,50,19354,10823,2195,4,6
root_255,10,50,19458,10909,2299,5,6
root_255,10,50,19344,10753,2185,1,7
root_255,10,50,19055,10505,1896,15,7
root_255,10,50,18996,10540,1837,13,7
root_255,10,50,18959,10450,1800,12,7
root_255,10,50,18921,10484,1762,11,7
root_255,10,50,19071,10580,1912,4,7
root_255,10,50,18822,10369,1663,2,7
root_255,10,50,19065,10523,1906,9,7
root_255,10,50,18738,10332,1579,10,7
root_255,10,50,19053,10714,1894,6,7
root_255,10,50,18851,10494,1692,8,7
root_255,10,50,19327,10692,2168,3,7
root_255,10,50,18890,10330,1731,5,7
root_255,10,50,19109,10696,1950,14,7
root_255,10,50,19328,10867,2169,7,7
root_255,10,50,18907,10430,1748,3,8
root_255,10,50,19351,10975,2192,13,8
root_255,10,50,18982,10442,1823,12,8
root_255,10,50,19372,10817,2213,11,8
root_255,10,50,19314,10815,2155,14,8
root_255,10,50,19340,10931,2181,15,8
root_255,10,50,19065,10422,1906,8,8
root_255,10,50,19252,10745,2093,9,8
root_255,10,50,19163,10681,2004,6,8
root_255,10,50,19425,10872,2266,2,8
root_255,10,50,19157,10460,1998,7,8
root_255,10,50,19183,10665,2024,5,8
root_255,10,50,19442,10969,2283,1,8
root_255,10,50,19454,10950,2295,4,8
root_255,10,50,19517,11035,2358,10,8
root_255,10,50,19056,10422,1897,4,9
root_255,10,50,18739,10217,1580,12,9
root_255,10,50,19072,10545,1913,11,9
root_255,10,50,18941,10452,1782,14,9
root_255,10,50,19113,10577,1954,15,9
root_255,10,50,19295,10824,2136,13,9
root_255,10,50,19060,10531,1901,10,9
root_255,10,50,19055,10538,1896,7,9
root_255,10,50,19190,10729,2031,8,9
root_255,10,50,18938,10441,1779,3,9
root_255,10,50,19330,10885,2171,9,9
root_255,10,50,19473,10961,2314,2,9
root_255,10,50,18835,10360,1676,1,9
root_255,10,50,19388,10888,2229,6,9
root_255,10,50,19194,10660,2035,5,9
root_255,10,50,18946,10383,1787,6,10
root_255,10,50,19135,10624,1976,7,10
root_255,10,50,19076,10457,1917,15,10
root_255,10,50,18961,10461,1802,14,10
root_255,10,50,19231,10646,2072,8,10
root_255,10,50,19064,10484,1905,4,10
root_255,10,50,19222,10802,2063,1,10
root_255,10,50,19348,10798,2189,5,10
root_255,10,50,19510,10972,2351,3,10
root_255,10,50,19220,10627,2061,2,10
root_255,10,50,18952,10475,1793,9,10
root_255,10,50,19407,11007,2248,13,10
root_255,10,50,19325,10838,2166,12,10
root_255,10,50,19347,10869,2188,11,10
root_255,10,50,19353,10860,2194,10,10
root_255,10,50,18846,10349,1687,3,11
root_255,10,50,19318,10887,2159,14,11
root_255,10,50,19054,10512,1895,5,11
root_255,10,50,19343,10894,2184,1,11
root_255,10,50,19235,10684,2076,11,11
root_255,10,50,19427,10936,2268,15,11
root_255,10,50,19417,10949,2258,12,11
root_255,10,50,19285,10778,2126,13,11
root_255,10,50,19210,10737,2051,2,11
root_255,10,50,18924,10379,1765,8,11
root_255,10,50,19396,10948,2237,10,11
root_255,10,50,19381,10980,2222,7,11
root_255,10,50,19479,11095,2320,6,11
root_255,10,50,19433,10902,2274,4,11
root_255,10,50,19270,10867,2111,9,11
root_255,10,50,18881,10364,1722,1,12
root_255,10,50,18859,10414,1700,4,12
root_255,10,50,18987,10436,1828,3,12
root_255,10,50,19056,10564,1897,10,12
root_255,10,50,18762,10172,1603,7,12
root_255,10,50,18697,10262,1538,9,12
root_255,10,50,18886,10286,1727,15,12
root_255,10,50,18838,10242,1679,14,12
root_255,10,50,19164,10635,2005,13,12
root_255,10,50,18895,10368,1736,2,12
root_255,10,50,18894,10436,1735,8,12
root_255,10,50,19035,10542,1876,11,12
root_255,10,50,19061,10526,1902,6,12
root_255,10,50,19226,10686,2067,12,12
root_255,10,50,19043,10552,1884,5,12
root_255,10,50,19160,10567,2001,3,13
root_255,10,50,18826,10314,1667,2,13
root_255,10,50,19449,10821,2290,13,13
root_255,10,50,19355,10804,2196,6,13
root_255,10,50,19142,10596,1983,7,13
root_255,10,50,19281,10902,2122,8,13
root_255,10,50,19350,10826,2191,12,13
root_255,10,50,19221,10680,2062,11,13
root_255,10,50,19019,10541,1860,5,13
root_255,10,50,19257,10721,2098,1,13
root_255,10,50,18838,10226,1679,4,13
root_255,10,50,19445,10898,2286,9,13
root_255,10,50,19311,10813,2152,15,13
root_255,10,50,18814,10263,1655,10,13
root_255,10,50,19487,10915,2328,14,13
root_255,10,50,18888,10440,1729,8,14
root_255,10,50,18964,10397,1805,13,14
root_255,10,50,18804,10327,1645,14,14
root_255,10,50,18892,10376,1733,15,14
root_255,10,50,19074,10507,1915,11,14
root_255,10,50,19050,10486,1891,12,14
root_255,10,50,18881,10432,1722,10,14
root_255,10,50,18860,10496,1701,9,14
root_255,10,50,19196,10637,2037,7,14
root_255,10,50,18977,10483,1818,3,14
root_255,10,50,18883,10447,1724,5,14
root_255,10,50,19274,10678,2115,4,14
root_255,10,50,19088,10690,1929,2,14
root_255,10,50,19102,10712,1943,6,14
root_255,10,50,19197,10561,2038,1,14
root_255,10,50,18929,10554,1770,1,15
root_255,10,50,19415,10927,2256,3,15
root_255,10,50,19208,10797,2049,14,15
root_255,10,50,19169,10590,2010,12,15
root_255,10,50,19390,10938,2231,15,15
root_255,10,50,19445,10968,2286,13,15
root_255,10,50,19353,10908,2194,11,15
root_255,10,50,18831,10298,1672,4,15
root_255,10,50,19382,10822,2223,5,15
root_255,10,50,19375,10881,2216,2,15
root_255,10,50,19514,11055,2355,6,15
root_255,10,50,19299,10932,2140,9,15
root_255,10,50,19433,11005,2274,8,15
root_255,10,50,19310,10855,2151,10,15
root_255,10,50,19137,10485,1978,7,15
root_255,10,50,19149,10583,1990,3,16
root_255,10,50,18894,10306,1735,11,16
root_255,10,50,18810,10382,1651,13,16
root_255,10,50,18840,10340,1681,9,16
root_255,10,50,19053,10473,1894,4,16
root_255,10,50,19301,10737,2142,15,16
root_255,10,50,18847,10466,1688,1,16
root_255,10,50,18881,10387,1722,14,16
root_255,10,50,18935,10472,1776,6,16
root_255,10,50,19009,10420,1850,12,16
root_255,10,50,19006,10526,1847,2,16
root_255,10,50,18990,10442,1831,5,16
root_255,10,50,18903,10369,1744,10,16
root_255,10,50,18834,10248,1675,8,16
root_255,10,50,19247,10685,2088,7,16
root_255,10,50,18963,10394,1804,4,17
root_255,10,50,18905,10316,1746,12,17
root_255,10,50,19063,10680,1904,7,17
root_255,10,50,19009,10573,1850,15,17
root_255,10,50,19037,10571,1878,14,17
root_255,10,50,18846,10428,1687,10,17
root_255,10,50,18868,10377,1709,2,17
root_255,10,50,18762,10391,1603,3,17
root_255,10,50,18985,10460,1826,9,17
root_255,10,50,18808,10289,1649,6,17
root_255,10,50,19093,10613,1934,8,17
root_255,10,50,19156,10612,1997,5,17
root_255,10,50,19219,10701,2060,1,17
root_255,10,50,18895,10299,1736,11,17
root_255,10,50,19099,10533,1940,13,17
root_255,10,50,19380,10808,2221,5,18
root_255,10,50,19316,10887,2157,15,18
root_255,10,50,19017,10394,1858,13,18
root_255,10,50,19322,10707,2163,14,18
root_255,10,50,19364,10878,2205,11,18
root_255,10,50,19179,10726,2020,7,18
root_255,10,50,19140,10669,1981,1,18
root_255,10,50,19212,10630,2053,12,18
root_255,10,50,19273,10786,2114,8,18
root_255,10,50,19339,10956,2180,9,18
root_255,10,50,19315,10853,2156,6,18
root_255,10,50,19382,10944,2223,4,18
root_255,10,50,19273,10865,2114,2,18
root_255,10,50,19327,10922,2168,3,18
root_255,10,50,19276,10808,2117,10,18
root_255,10,50,19316,10756,2157,3,19
root_255,10,50,19437,11065,2278,7,19
root_255,10,50,18828,10294,1669,4,19
root_255,10,50,19421,10765,2262,2,19
root_255,10,50,19309,10824,2150,5,19
root_255,10,50,19332,10829,2173,12,19
root_255,10,50,19303,10778,2144,10,19
root_255,10,50,19433,10851,2274,9,19
root_255,10,50,19404,10865,2245,13,19
root_255,10,50,19434,10933,2275,8,19
root_255,10,50,19339,10850,2180,1,19
root_255,10,50,19397,10901,2238,11,19
root_255,10,50,19375,10938,2216,14,19
root_255,10,50,19434,10949,2275,15,19
root_255,10,50,19213,10716,2054,6,19
root_255,10,50,19341,10818,2182,4,20
root_255,10,50,18858,10412,1699,5,20
root_255,10,50,18848,10403,1689,6,20
root_255,10,50,19044,10454,1885,1,20
root_255,10,50,18927,10380,1768,2,20
root_255,10,50,18918,10349,1759,3,20
root_255,10,50,19228,10621,2069,12,20
root_255,10,50,19137,10721,1978,13,20
root_255,10,50,18872,10317,1713,7,20
root_255,10,50,18802,10495,1643,9,20
root_255,10,50,18866,10382,1707,14,20
root_255,10,50,19244,10730,2085,10,20
root_255,10,50,19433,10878,2274,11,20
root_255,10,50,19316,10837,2157,8,20
root_255,10,50,18913,10407,1754,15,20
root_255,10,50,19400,10844,2241,7,21
root_255,10,50,19015,10469,1856,8,21
root_255,10,50,19402,10822,2243,15,21
root_255,10,50,19412,10915,2253,6,21
root_255,10,50,18981,10527,1822,14,21
root_255,10,50,19344,10875,2185,13,21
root_255,10,50,19207,10651,2048,11,21
root_255,10,50,19149,10688,1990,4,21
root_255,10,50,19357,10847,2198,12,21
root_255,10,50,19444,11018,2285,9,21
root_255,10,50,19101,10657,1942,5,21
root_255,10,50,19166,10810,2007,1,21
root_255,10,50,19175,10656,2016,2,21
root_255,10,50,19348,10859,2189,10,21
root_255,10,50,19447,10928,2288,3,21
root_255,10,50,19291,10810,2132,11,22
root_255,10,50,19425,10975,2266,14,22
root_255,10,50,19548,11049,2389,12,22
root_255,10,50,19023,10589,1864,15,22
root_255,10,50,19473,10964,2314,1,22
root_255,10,50,19530,11088,2371,13,22
root_255,10,50,19439,10912,2280,8,22
root_255,10,50,19435,10920,2276,10,22
root_255,10,50,19018,10464,1859,5,22
root_255,10,50,19308,10754,2149,3,22
root_255,10,50,19381,10939,2222,9,22
root_255,10,50,19485,10865,2326,4,22
root_255,10,50,19579,11170,2420,6,22
root_255,10,50,19415,11025,2256,7,22
root_255,10,50,19239,10725,2080,2,22
root_255,10,50,19058,10555,1899,1,23
root_255,10,50,19070,10547,1911,9,23
root_255,10,50,19207,10659,2048,3,23
root_255,10,50,19165,10464,2006,15,23
root_255,10,50,19014,10533,1855,11,23
root_255,10,50,18950,10486,1791,14,23
root_255,10,50,18832,10325,1673,10,23
root_255,10,50,18989,10503,1830,7,23
root_255,10,50,18824,10295,1665,2,23
root_255,10,50,19147,10638,1988,4,23
root_255,10,50,18881,10318,1722,8,23
root_255,10,50,19176,10826,2017,6,23
root_255,10,50,19297,10678,2138,12,23
root_255,10,50,19515,10876,2356,13,23
root_255,10,50,19315,10830,2156,5,23
root_255,10,50,18826,10329,1667,3,24
root_255,10,50,19216,10611,2057,12,24
root_255,10,50,19188,10661,2029,9,24
root_255,10,50,19289,10736,2130,4,24
root_255,10,50,18896,10337,1737,2,24
root_255,10,50,19129,10584,1970,6,24
root_255,10,50,19192,10472,2033,5,24
root_255,10,50,19183,10670,2024,7,24
root_255,10,50,19504,10858,2345,10,24
root_255,10,50,19288,10698,2129,8,24
root_255,10,50,19467,10772,2308,1,24
root_255,10,50,19194,10624,2035,11,24
root_255,10,50,19474,10872,2315,13,24
root_255,10,50,19190,10764,2031,14,24
root_255,10,50,18839,10407,1680,15,24
root_255,10,50,18931,10424,1772,1,25
root_255,10,50,18875,10297,1716,11,25
root_255,10,50,19025,10438,1866,13,25
root_255,10,50,19080,10510,1921,2,25
root_255,10,50,18904,10426,1745,6,25
root_255,10,50,19139,10562,1980,4,25
root_255,10,50,19288,10751,2129,14,25
root_255,10,50,19042,10554,1883,7,25
root_255,10,50,19481,10919,2322,3,25
root_255,10,50,19053,10476,1894,10,25
root_255,10,50,19390,10758,2231,8,25
root_255,10,50,19216,10716,2057,9,25
root_255,10,50,19033,10509,1874,15,25
root_255,10,50,19243,10714,2084,5,25
root_255,10,50,19179,10704,2020,12,25
root_255,10,50,18987,10432,1828,3,26
root_255,10,50,19288,10846,2129,1,26
root_255,10,50,19360,10918,2201,15,26
root_255,10,50,19115,10714,1956,6,26
root_255,10,50,19103,10621,1944,13,26
root_255,10,50,19101,10558,1942,2,26
root_255,10,50,19158,10634,1999,9,26
root_255,10,50,19335,10909,2176,8,26
root_255,10,50,18955,10532,1796,5,26
root_255,10,50,18903,10507,1744,10,26
root_255,10,50,19470,10899,2311,14,26
root_255,10,50,19308,10832,2149,12,26
root_255,10,50,19412,10981,2253,11,26
root_255,10,50,19154,10711,1995,4,26
root_255,10,50,19052,10553,1893,7,26
root_255,10,50,19519,11020,2360,2,27
root_255,10,50,18986,10474,1827,13,27
root_255,10,50,19177,10668,2018,1,27
root_255,10,50,19269,10715,2110,7,27
root_255,10,50,19257,10767,2098,15,27
root_255,10,50,19108,10604,1949,10,27
root_255,10,50,19418,10799,2259,5,27
root_255,10,50,19283,10751,2124,14,27
root_255,10,50,19491,11019,2332,8,27
root_255,10,50,19384,10849,2225,9,27
root_255,10,50,19312,10716,2153,3,27
root_255,10,50,19324,10867,2165,11,27
root_255,10,50,19044,10554,1885,12,27
root_255,10,50,19379,10832,2220,6,27
root_255,10,50,19201,10756,2042,4,27
root_255,10,50,19447,10983,2288,4,28
root_255,10,50,19017,10427,1858,3,28
root_255,10,50,19217,10652,2058,1,28
root_255,10,50,19497,10867,2338,5,28
root_255,10,50,19432,10906,2273,11,28
root_255,10,50,19461,10969,2302,15,28
root_255,10,50,19351,10896,2192,14,28
root_255,10,50,19331,10824,2172,13,28
root_255,10,50,19486,10937,2327,2,28
root_255,10,50,19240,10715,2081,10,28
root_255,10,50,19524,11011,2365,6,28
root_255,10,50,19447,10920,2288,9,28
root_255,10,50,19390,10780,2231,12,28
root_255,10,50,19393,10702,2234,7,28
root_255,10,50,19329,10813,2170,8,28
root_255,10,50,18860,10389,1701,4,29
root_255,10,50,19046,10450,1887,13,29
root_255,10,50,18986,10491,1827,9,29
root_255,10,50,18935,10300,1776,2,29
root_255,10,50,18869,10346,1710,15,29
root_255,10,50,18932,10308,1773,3,29
root_255,10,50,19048,10454,1889,10,29
root_255,10,50,18918,10450,1759,14,29
root_255,10,50,19168,10630,2009,1,29
root_255,10,50,19044,10429,1885,8,29
root_255,10,50,19052,10546,1893,7,29
root_255,10,50,18828,10304,1669,6,29
root_255,10,50,18984,10425,1825,11,29
root_255,10,50,19015,10457,1856,5,29
root_255,10,50,19045,10536,1886,12,29
root_255,10,50,19506,11016,2347,2,30
root_255,10,50,19283,10757,2124,3,30
root_255,10,50,19006,10447,1847,10,30
root_255,10,50,19183,10647,2024,7,30
root_255,10,50,19346,10826,2187,11,30
root_255,10,50,19404,10857,2245,15,30
root_255,10,50,18987,10560,1828,4,30
root_255,10,50,19426,10820,2267,9,30
root_255,10,50,19372,10696,2213,14,30
root_255,10,50,19478,10974,2319,12,30
root_255,10,50,19412,10761,2253,1,30
root_255,10,50,19335,10744,2176,5,30
root_255,10,50,19369,10892,2210,8,30
root_255,10,50,19382,10889,2223,6,30
root_255,10,50,18858,10353,1699,13,30
root_255,10,50,19231,10721,2072,2,31
root_255,10,50,18745,10339,1586,7,31
root_255,10,50,18890,10424,1731,1,31
root_255,10,50,18761,10212,1602,11,31
root_255,10,50,18821,10353,1662,3,31
root_255,10,50,18846,10420,1687,4,31
root_255,10,50,19358,10733,2199,5,31
root_255,10,50,18845,10325,1686,8,31
root_255,10,50,18752,10253,1593,10,31
root_255,10,50,18961,10481,1802,9,31
root_255,10,50,19381,10894,2222,14,31
root_255,10,50,19095,10542,1936,15,31
root_255,10,50,19347,10869,2188,12,31
root_255,10,50,19200,10742,2041,13,31
root_255,10,50,19314,10806,2155,6,31
root_255,10,50,19169,10724,2010,4,32
root_255,10,50,18859,10404,1700,13,32
root_255,10,50,19464,10965,2305,12,32
root_255,10,50,19042,10522,1883,15,32
root_255,10,50,19220,10720,2061,6,32
root_255,10,50,18728,10237,1569,10,32
root_255,10,50,19163,10552,2004,2,32
root_255,10,50,19084,10627,1925,1,32
root_255,10,50,18935,10464,1776,3,32
root_255,10,50,19256,10676,2097,5,32
root_255,10,50,19489,10951,2330,14,32
root_255,10,50,19451,10805,2292,9,32
root_255,10,50,19071,10466,1912,11,32
root_255,10,50,18868,10384,1709,7,32
root_255,10,50,18971,10471,1812,8,32
root_255,10,50,19077,10655,1918,2,33
root_255,10,50,18974,10484,1815,8,33
root_255,10,50,18993,10448,1834,4,33
root_255,10,50,18958,10483,1799,7,33
root_255,10,50,18917,10439,1758,10,33
root_255,10,50,19459,10866,2300,1,33
root_255,10,50,19324,10782,2165,3,33
root_255,10,50,18988,10567,1829,5,33
root_255,10,50,19063,10636,1904,9,33
root_255,10,50,19149,10569,1990,12,33
root_255,10,50,18967,10421,1808,14,33
root_255,10,50,19256,10667,2097,13,33
root_255,10,50,19093,10610,1934,15,33
root_255,10,50,19149,10633,1990,6,33
root_255,10,50,19046,10540,1887,11,33
root_255,10,50,19303,10845,2144,1,34
root_255,10,50,19249,10696,2090,13,34
root_255,10,50,19108,10642,1949,7,34
root_255,10,50,19333,10675,2174,14,34
root_255,10,50,18900,10322,1741,9,34
root_255,10,50,19496,11002,2337,2,34
root_255,10,50,19337,10873,2178,6,34
root_255,10,50,19383,10748,2224,15,34
root_255,10,50,19317,10757,2158,3,34
root_255,10,50,19364,10875,2205,11,34
root_255,10,50,19324,10867,2165,12,34
root_255,10,50,19145,10543,1986,5,34
root_255,10,50,19013,10447,1854,10,34
root_255,10,50,19436,10825,2277,4,34
root_255,10,50,19416,10990,2257,8,34
root_255,10,50,19125,10570,1966,4,35
root_255,10,50,19041,10495,1882,13,35
root_255,10,50,19191,10696,2032,12,35
root_255,10,50,19128,10666,1969,8,35
root_255,10,50,19062,10403,1903,11,35
root_255,10,50,19079,10555,1920,5,35
root_255,10,50,18943,10444,1784,6,35
root_255,10,50,18960,10396,1801,3,35
root_255,10,50,19027,10532,1868,7,35
root_255,10,50,18842,10310,1683,2,35
root_255,10,50,18975,10445,1816,15,35
root_255,10,50,19057,10529,1898,1,35
root_255,10,50,19100,10614,1941,14,35
root_255,10,50,18897,10397,1738,9,35
root_255,10,50,18912,10469,1753,10,35
root_255,10,50,19254,10552,2095,3,36
root_255,10,50,18809,10279,1650,9,36
root_255,10,50,19373,10909,2214,12,36
root_255,10,50,19521,10932,2362,13,36
root_255,10,50,19191,10590,2032,2,36
root_255,10,50,19441,10964,2282,14,36
root_255,10,50,19011,10504,1852,7,36
root_255,10,50,19161,10596,2002,1,36
root_255,10,50,19503,10886,2344,4,36
root_255,10,50,19445,10829,2286,10,36
root_255,10,50,19172,10609,2013,8,36
root_255,10,50,18917,10480,1758,5,36
root_255,10,50,19061,10632,1902,15,36
root_255,10,50,19141,10561,1982,6,36
root_255,10,50,18810,10333,1651,11,36
root_255,10,50,18976,10377,1817,2,37
root_255,10,50,18855,10355,1696,4,37
root_255,10,50,18788,10276,1629,14,37
root_255,10,50,18719,10222,1560,5,37
root_255,10,50,18957,10476,1798,1,37
root_255,10,50,18734,10274,1575,11,37
root_255,10,50,19008,10422,1849,13,37
root_255,10,50,18828,10390,1669,15,37
root_255,10,50,19047,10429,1888,3,37
root_255,10,50,18959,10397,1800,9,37
root_255,10,50,18952,10503,1793,6,37
root_255,10,50,18934,10357,1775,7,37
root_255,10,50,18974,10516,1815,8,37
root_255,10,50,19003,10540,1844,12,37
root_255,10,50,18721,10270,1562,10,37
root_255,10,50,19159,10561,2000,2,38
root_255,10,50,18816,10314,1657,10,38
root_255,10,50,18529,10055,1370,3,38
root_255,10,50,19153,10669,1994,8,38
root_255,10,50,18948,10470,1789,14,38
root_255,10,50,18920,10289,1761,1,38
root_255,10,50,19282,10746,2123,15,38
root_255,10,50,18985,10546,1826,7,38
root_255,10,50,19087,10696,1928,9,38
root_255,10,50,19072,10566,1913,6,38
root_255,10,50,19284,10844,2125,11,38
root_255,10,50,18998,10488,1839,4,38
root_255,10,50,19407,10854,2248,13,38
root_255,10,50,18780,10288,1621,5,38
root_255,10,50,18991,10571,1832,12,38
root_255,10,50,19029,10457,1870,2,39
root_255,10,50,19051,10653,1892,14,39
root_255,10,50,19357,10800,2198,13,39
root_255,10,50,19390,10790,2231,15,39
root_255,10,50,19509,11054,2350,11,39
root_255,10,50,19489,10937,2330,12,39
root_255,10,50,18956,10472,1797,10,39
root_255,10,50,19103,10579,1944,6,39
root_255,10,50,19386,10915,2227,8,39
root_255,10,50,19293,10622,2134,9,39
root_255,10,50,19395,10881,2236,5,39
root_255,10,50,19337,10795,2178,3,39
root_255,10,50,19307,10708,2148,1,39
root_255,10,50,19429,10955,2270,4,39
root_255,10,50,19359,10894,2200,7,39
root_255,10,50,18942,10444,1783,3,40
root_255,10,50,18856,10443,1697,11,40
root_255,10,50,19000,10424,1841,1,40
root_255,10,50,19031,10561,1872,13,40
root_255,10,50,19385,10919,2226,14,40
root_255,10,50,19370,10945,2211,12,40
root_255,10,50,18953,10471,1794,15,40
root_255,10,50,18935,10488,1776,4,40
root_255,10,50,18866,10389,1707,8,40
root_255,10,50,18691,10246,1532,2,40
root_255,10,50,19069,10492,1910,10,40
root_255,10,50,19392,10797,2233,5,40
root_255,10,50,18882,10426,1723,9,40
root_255,10,50,18983,10423,1824,6,40
root_255,10,50,19243,10684,2084,7,40
root_255,10,50,18858,10347,1699,4,41
root_255,10,50,19098,10558,1939,13,41
root_255,10,50,19192,10663,2033,11,41
root_255,10,50,18973,10440,1814,7,41
root_255,10,50,19131,10570,1972,1,41
root_255,10,50,19395,10751,2236,2,41
root_255,10,50,19249,10817,2090,15,41
root_255,10,50,19405,10820,2246,12,41
root_255,10,50,19007,10476,1848,9,41
root_255,10,50,19296,10711,2137,6,41
root_255,10,50,19137,10701,1978,3,41
root_255,10,50,19000,10504,1841,10,41
root_255,10,50,19365,10963,2206,14,41
root_255,10,50,19005,10581,1846,5,41
root_255,10,50,19119,10598,1960,8,41
root_255,10,50,18992,10532,1833,5,42
root_255,10,50,18684,10249,1525,14,42
root_255,10,50,18991,10521,1832,15,42
root_255,10,50,18965,10504,1806,13,42
root_255,10,50,19074,10599,1915,11,42
root_255,10,50,19020,10525,1861,9,42
root_255,10,50,18747,10281,1588,1,42
root_255,10,50,18980,10565,1821,10,42
root_255,10,50,18909,10331,1750,2,42
root_255,10,50,19398,10836,2239,12,42
root_255,10,50,18922,10472,1763,3,42
root_255,10,50,18861,10216,1702,6,42
root_255,10,50,19619,11055,2460,4,42
root_255,10,50,19043,10510,1884,7,42
root_255,10,50,18878,10459,1719,8,42
root_255,10,50,19371,10831,2212,1,43
root_255,10,50,18819,10301,1660,3,43
root_255,10,50,19010,10499,1851,8,43
root_255,10,50,19287,10677,2128,11,43
root_255,10,50,19247,10667,2088,4,43
root_255,10,50,18883,10440,1724,9,43
root_255,10,50,18898,10425,1739,13,43
root_255,10,50,19195,10669,2036,2,43
root_255,10,50,19239,10790,2080,6,43
root_255,10,50,19159,10628,2000,5,43
root_255,10,50,18999,10427,1840,15,43
root_255,10,50,19047,10499,1888,12,43
root_255,10,50,19203,10702,2044,7,43
root_255,10,50,19331,10769,2172,14,43
root_255,10,50,19477,10877,2318,10,43
root_255,10,50,18804,10320,1645,3,44
root_255,10,50,18978,10473,1819,12,44
root_255,10,50,19370,10954,2211,15,44
root_255,10,50,19382,10949,2223,11,44
root_255,10,50,18675,10172,1516,10,44
root_255,10,50,18836,10357,1677,4,44
root_255,10,50,18928,10492,1769,2,44
root_255,10,50,18820,10362,1661,7,44
root_255,10,50,18992,10526,1833,9,44
root_255,10,50,18989,10382,1830,5,44
root_255,10,50,19282,10712,2123,8,44
root_255,10,50,19046,10467,1887,1,44
root_255,10,50,19211,10809,2052,6,44
root_255,10,50,18869,10411,1710,14,44
root_255,10,50,18824,10216,1665,13,44
root_255,10,50,19031,10593,1872,6,45
root_255,10,50,19111,10478,1952,2,45
root_255,10,50,19268,10717,2109,4,45
root_255,10,50,19254,10740,2095,15,45
root_255,10,50,19205,10592,2046,11,45
root_255,10,50,19051,10548,1892,12,45
root_255,10,50,19269,10685,2110,14,45
root_255,10,50,19382,10935,2223,5,45
root_255,10,50,18978,10437,1819,3,45
root_255,10,50,19134,10582,1975,7,45
root_255,10,50,19249,10716,2090,1,45
root_255,10,50,19248,10781,2089,9,45
root_255,10,50,19134,10685,1975,8,45
root_255,10,50,19403,10928,2244,13,45
root_255,10,50,19343,10876,2184,10,45
root_255,10,50,18750,10280,1591,1,46
root_255,10,50,18880,10463,1721,7,46
root_255,10,50,19366,10856,2207,8,46
root_255,10,50,18991,10504,1832,9,46
root_255,10,50,19421,10893,2262,4,46
root_255,10,50,19003,10505,1844,15,46
root_255,10,50,19105,10668,1946,13,46
root_255,10,50,19104,10663,1945,3,46
root_255,10,50,19013,10593,1854,5,46
root_255,10,50,18841,10307,1682,11,46
root_255,10,50,18705,10269,1546,12,46
root_255,10,50,19257,10843,2098,14,46
root_255,10,50,18961,10533,1802,10,46
root_255,10,50,19082,10628,1923,6,46
root_255,10,50,19256,10785,2097,2,46
root_255,10,50,18764,10295,1605,3,47
root_255,10,50,18694,10245,1535,2,47
root_255,10,50,18845,10280,1686,1,47
root_255,10,50,18798,10339,1639,5,47
root_255,10,50,18833,10365,1674,4,47
root_255,10,50,18705,10244,1546,6,47
root_255,10,50,18752,10307,1593,11,47
root_255,10,50,18773,10223,1614,14,47
root_255,10,50,18743,10265,1584,7,47
root_255,10,50,18938,10423,1779,12,47
root_255,10,50,19042,10643,1883,15,47
root_255,10,50,19207,10801,2048,13,47
root_255,10,50,18917,10361,1758,10,47
root_255,10,50,19060,10605,1901,8,47
root_255,10,50,19395,10910,2236,9,47
root_255,10,50,19441,10857,2282,1,48
root_255,10,50,19077,10637,1918,14,48
root_255,10,50,19303,10773,2144,12,48
root_255,10,50,19187,10717,2028,13,48
root_255,10,50,18826,10316,1667,7,48
root_255,10,50,19296,10696,2137,5,48
root_255,10,50,19417,10900,2258,15,48
root_255,10,50,18831,10301,1672,9,48
root_255,10,50,19561,10994,2402,3,48
root_255,10,50,19436,10886,2277,4,48
root_255,10,50,19380,10763,2221,10,48
root_255,10,50,19239,10611,2080,6,48
root_255,10,50,19014,10419,1855,11,48
root_255,10,50,19094,10526,1935,8,48
root_255,10,50,19301,10875,2142,2,48
root_255,10,50,19067,10440,1908,2,49
root_255,10,50,19441,10981,2282,12,49
root_255,10,50,18976,10501,1817,14,49
root_255,10,50,19309,10825,2150,13,49
root_255,10,50,18942,10333,1783,15,49
root_255,10,50,19227,10719,2068,4,49
root_255,10,50,18803,10242,1644,9,49
root_255,10,50,18817,10408,1658,5,49
root_255,10,50,19210,10728,2051,10,49
root_255,10,50,19101,10678,1942,3,49
root_255,10,50,18953,10345,1794,7,49
root_255,10,50,18877,10269,1718,11,49
root_255,10,50,19448,10849,2289,1,49
root_255,10,50,18961,10414,1802,6,49
root_255,10,50,18766,10231,1607,8,49
root_255,10,50,19088,10692,1929,3,50
root_255,10,50,18896,10403,1737,12,50
root_255,10,50,19046,10512,1887,2,50
root_255,10,50,19076,10529,1917,4,50
root_255,10,50,19407,10824,2248,6,50
root_255,10,50,18810,10248,1651,8,50
root_255,10,50,19406,10798,2247,14,50
root_255,10,50,18874,10429,1715,1,50
root_255,10,50,18975,10586,1816,11,50
root_255,10,50,19296,10783,2137,13,50
root_255,10,50,19423,10824,2264,10,50
root_255,10,50,19214,10723,2055,5,50
root_255,10,50,19200,10628,2041,9,50
root_255,10,50,19064,10540,1905,15,50
root_255,10,50,19061,10489,1902,7,50
urf2_277,10,100,23342,14001,3230,4,0
urf2_277,10,100,23042,13916,2930,13,0
urf2_277,10,100,23159,14004,3047,3,0
urf2_277,10,100,23308,13999,3196,5,0
urf2_277,10,100,23208,13988,3096,8,0
urf2_277,10,100,22858,13785,2746,9,0
urf2_277,10,100,23317,14031,3205,2,0
urf2_277,10,100,23133,13901,3021,15,0
urf2_277,10,100,23297,13969,3185,14,0
urf2_277,10,100,23246,13973,3134,11,0
urf2_277,10,100,23515,14123,3403,12,0
urf2_277,10,100,23698,14317,3586,1,0
urf2_277,10,100,23199,13956,3087,7,0
urf2_277,10,100,23287,14057,3175,10,0
urf2_277,10,100,23229,14020,3117,6,0
urf2_277,10,100,23291,14024,3179,8,1
urf2_277,10,100,23332,14088,3220,13,1
urf2_277,10,100,23256,13960,3144,11,1
urf2_277,10,100,23328,13995,3216,14,1
urf2_277,10,100,23310,14039,3198,12,1
urf2_277,10,100,23279,13982,3167,15,1
urf2_277,10,100,22874,13869,2762,3,1
urf2_277,10,100,23346,14053,3234,2,1
urf2_277,10,100,23225,14017,3113,4,1
urf2_277,10,100,22994,13860,2882,1,1
urf2_277,10,100,23271,13996,3159,7,1
urf2_277,10,100,22904,13887,2792,5,1
urf2_277,10,100,23326,14022,3214,9,1
urf2_277,10,100,23295,14011,3183,6,1
urf2_277,10,100,23298,14007,3186,10,1
urf2_277,10,100,22862,13755,2750,1,2
urf2_277,10,100,23479,14156,3367,15,2
urf2_277,10,100,22822,13743,2710,11,2
urf2_277,10,100,23237,14025,3125,7,2
urf2_277,10,100,23492,14101,3380,14,2
urf2_277,10,100,23098,13878,2986,13,2
urf2_277,10,100,23650,14269,3538,12,2
urf2_277,10,100,22920,13877,2808,3,2
urf2_277,10,100,22839,13747,2727,8,2
urf2_277,10,100,22795,13705,2683,4,2
urf2_277,10,100,22846,13787,2734,5,2
urf2_277,10,100,22898,13830,2786,9,2
urf2_277,10,100,22845,13709,2733,10,2
urf2_277,10,100,23627,14314,3515,6,2
urf2_277,10,100,22935,13818,2823,2,2
urf2_277,10,100,23087,13881,2975,5,3
urf2_277,10,100,22606,13671,2494,12,3
urf2_277,10,100,22714,13741,2602,13,3
urf2_277,10,100,22592,13655,2480,11,3
urf2_277,10,100,23166,14020,3054,14,3
urf2_277,10,100,22925,13852,2813,15,3
urf2_277,10,100,22864,13791,2752,8,3
urf2_277,10,100,23049,13925,2937,4,3
urf2_277,10,100,23248,13977,3136,10,3
urf2_277,10,100,23035,13898,2923,2,3
urf2_277,10,100,23267,14028,3155,9,3
urf2_277,10,100,23151,13971,3039,6,3
urf2_277,10,100,23178,13921,3066,1,3
urf2_277,10,100,23598,14197,3486,7,3
urf2_277,10,100,23345,14047,3233,3,3
urf2_277,10,100,23179,13999,3067,3,4
urf2_277,10,100,22570,13638,2458,1,4
urf2_277,10,100,23037,13936,2925,4,4
urf2_277,10,100,23069,13952,2957,6,4
urf2_277,10,100,22949,13903,2837,10,4
urf2_277,10,100,23168,13910,3056,2,4
urf2_277,10,100,23441,14110,3329,7,4
urf2_277,10,100,22828,13696,2716,8,4
urf2_277,10,100,23287,13992,3175,9,4
urf2_277,10,100,22853,13745,2741,11,4
urf2_277,10,100,23321,14074,3209,13,4
urf2_277,10,100,23165,14066,3053,14,4
urf2_277,10,100,22846,13817,2734,12,4
urf2_277,10,100,22754,13707,2642,5,4
urf2_277,10,100,22707,13739,2595,15,4
urf2_277,10,100,23054,13882,2942,1,5
urf2_277,10,100,22661,13678,2549,13,5
urf2_277,10,100,22671,13582,2559,4,5
urf2_277,10,100,23585,14254,3473,8,5
urf2_277,10,100,22699,13767,2587,15,5
urf2_277,10,100,22685,13770,2573,3,5
urf2_277,10,100,23177,13901,3065,6,5
urf2_277,10,100,23159,13975,3047,10,5
urf2_277,10,100,22716,13774,2604,14,5
urf2_277,10,100,22894,13911,2782,12,5
urf2_277,10,100,22968,13892,2856,2,5
urf2_277,10,100,22708,13637,2596,7,5
urf2_277,10,100,23129,13895,3017,9,5
urf2_277,10,100,22904,13822,2792,11,5
urf2_277,10,100,23306,14021,3194,5,5
urf2_277,10,100,23183,14035,3071,12,6
urf2_277,10,100,22706,13750,2594,15,6
urf2_277,10,100,22984,13913,2872,2,6
urf2_277,10,100,22664,13661,2552,1,6
urf2_277,10,100,23175,13887,3063,11,6
urf2_277,10,100,23171,13936,3059,14,6
urf2_277,10,100,22576,13674,2464,3,6
urf2_277,10,100,23255,14029,3143,13,6
urf2_277,10,100,22623,13722,2511,9,6
urf2_277,10,100,23266,13925,3154,7,6
urf2_277,10,100,23101,13988,2989,6,6
urf2_277,10,100,22908,13802,2796,8,6
urf2_277,10,100,23270,13999,3158,10,6
urf2_277,10,100,23256,13997,3144,5,6
urf2_277,10,100,22834,13843,2722,4,6
urf2_277,10,100,22878,13831,2766,1,7
urf2_277,10,100,22702,13772,2590,12,7
urf2_277,10,100,23214,13971,3102,11,7
urf2_277,10,100,22825,13887,2713,15,7
urf2_277,10,100,23198,13997,3086,13,7
urf2_277,10,100,23321,14020,3209,9,7
urf2_277,10,100,22666,13736,2554,5,7
urf2_277,10,100,23182,13950,3070,14,7
urf2_277,10,100,22848,13775,2736,10,7
urf2_277,10,100,23129,14024,3017,3,7
urf2_277,10,100,23201,13969,3089,8,7
urf2_277,10,100,22633,13701,2521,6,7
urf2_277,10,100,22618,13702,2506,2,7
urf2_277,10,100,23330,14120,3218,7,7
urf2_277,10,100,23299,14089,3187,4,7
urf2_277,10,100,22987,13881,2875,4,8
urf2_277,10,100,23099,13942,2987,11,8
urf2_277,10,100,23303,14068,3191,15,8
urf2_277,10,100,22691,13669,2579,1,8
urf2_277,10,100,22764,13676,2652,13,8
urf2_277,10,100,22756,13714,2644,3,8
urf2_277,10,100,23255,13990,3143,2,8
urf2_277,10,100,23032,13937,2920,12,8
urf2_277,10,100,22780,13850,2668,14,8
urf2_277,10,100,23323,13974,3211,6,8
urf2_277,10,100,23058,13953,2946,9,8
urf2_277,10,100,22663,13650,2551,5,8
urf2_277,10,100,23311,14053,3199,10,8
urf2_277,10,100,23621,14273,3509,8,8
urf2_277,10,100,23146,14027,3034,7,8
urf2_277,10,100,22671,13753,2559,3,9
urf2_277,10,100,22680,13693,2568,14,9
urf2_277,10,100,22710,13685,2598,15,9
urf2_277,10,100,23251,14059,3139,13,9
urf2_277,10,100,23354,14048,3242,12,9
urf2_277,10,100,22883,13781,2771,11,9
urf2_277,10,100,22648,13685,2536,8,9
urf2_277,10,100,23256,13942,3144,1,9
urf2_277,10,100,22676,13719,2564,4,9
urf2_277,10,100,22954,13864,2842,9,9
urf2_277,10,100,23314,14037,3202,5,9
urf2_277,10,100,23191,14048,3079,2,9
urf2_277,10,100,23164,13962,3052,7,9
urf2_277,10,100,23293,14003,3181,6,9
urf2_277,10,100,22823,13804,2711,10,9
urf2_277,10,100,23137,13935,3025,4,10
urf2_277,10,100,23437,14108,3325,14,10
urf2_277,10,100,23329,14056,3217,12,10
urf2_277,10,100,23321,13935,3209,11,10
urf2_277,10,100,22822,13777,2710,13,10
urf2_277,10,100,22881,13820,2769,8,10
urf2_277,10,100,22983,13854,2871,7,10
urf2_277,10,100,23101,13917,2989,1,10
urf2_277,10,100,22597,13725,2485,2,10
urf2_277,10,100,23297,14039,3185,5,10
urf2_277,10,100,22773,13655,2661,3,10
urf2_277,10,100,22904,13797,2792,9,10
urf2_277,10,100,23268,14036,3156,10,10
urf2_277,10,100,23244,14018,3132,15,10
urf2_277,10,100,23104,13996,2992,6,10
urf2_277,10,100,22965,13880,2853,11,11
urf2_277,10,100,23196,13967,3084,14,11
urf2_277,10,100,23298,14026,3186,4,11
urf2_277,10,100,23360,14130,3248,3,11
urf2_277,10,100,23262,13962,3150,8,11
urf2_277,10,100,23323,14017,3211,5,11
urf2_277,10,100,23194,13935,3082,6,11
urf2_277,10,100,23273,14051,3161,12,11
urf2_277,10,100,23276,13960,3164,9,11
urf2_277,10,100,23279,13967,3167,1,11
urf2_277,10,100,23343,14016,3231,7,11
urf2_277,10,100,23238,13941,3126,10,11
urf2_277,10,100,23218,13888,3106,15,11
urf2_277,10,100,23580,14219,3468,2,11
urf2_277,10,100,23270,13954,3158,13,11
urf2_277,10,100,22582,13689,2470,14,12
urf2_277,10,100,23255,13991,3143,12,12
urf2_277,10,100,23278,14046,3166,13,12
urf2_277,10,100,23286,14063,3174,6,12
urf2_277,10,100,23273,14115,3161,1,12
urf2_277,10,100,23125,13870,3013,11,12
urf2_277,10,100,23624,14278,3512,5,12
urf2_277,10,100,22982,13851,2870,2,12
urf2_277,10,100,22963,13827,2851,8,12
urf2_277,10,100,22778,13812,2666,15,12
urf2_277,10,100,22717,13694,2605,7,12
urf2_277,10,100,22734,13722,2622,4,12
urf2_277,10,100,22626,13688,2514,3,12
urf2_277,10,100,23332,14065,3220,10,12
urf2_277,10,100,23015,13846,2903,9,12
urf2_277,10,100,23289,14063,3177,1,13
urf2_277,10,100,22963,13892,2851,14,13
urf2_277,10,100,23118,13884,3006,15,13
urf2_277,10,100,23335,13989,3223,11,13
urf2_277,10,100,23211,14063,3099,13,13
urf2_277,10,100,22909,13846,2797,12,13
urf2_277,10,100,22851,13865,2739,5,13
urf2_277,10,100,22753,13616,2641,3,13
urf2_277,10,100,23193,13941,3081,8,13
urf2_277,10,100,23126,13972,3014,10,13
urf2_277,10,100,23014,13790,2902,9,13
urf2_277,10,100,23269,13933,3157,6,13
urf2_277,10,100,23346,14005,3234,2,13
urf2_277,10,100,22952,13970,2840,7,13
urf2_277,10,100,23310,14063,3198,4,13
urf2_277,10,100,22966,13887,2854,3,14
urf2_277,10,100,23188,14039,3076,5,14
urf2_277,10,100,23145,13944,3033,2,14
urf2_277,10,100,23053,13860,2941,11,14
urf2_277,10,100,22765,13722,2653,14,14
urf2_277,10,100,23048,13901,2936,13,14
urf2_277,10,100,22893,13851,2781,8,14
urf2_277,10,100,23244,13977,3132,1,14
urf2_277,10,100,23026,13887,2914,4,14
urf2_277,10,100,22889,13800,2777,6,14
urf2_277,10,100,23612,14206,3500,12,14
urf2_277,10,100,22827,13787,2715,15,14
urf2_277,10,100,23320,13992,3208,10,14
urf2_277,10,100,23377,14081,3265,7,14
urf2_277,10,100,23746,14329,3634,9,14
urf2_277,10,100,22898,13826,2786,1,15
urf2_277,10,100,22621,13719,2509,13,15
urf2_277,10,100,22607,13643,2495,4,15
urf2_277,10,100,22666,13727,2554,6,15
urf2_277,10,100,23182,14047,3070,14,15
urf2_277,10,100,22682,13770,2570,10,15
urf2_277,10,100,23282,14021,3170,9,15
urf2_277,10,100,22768,13722,2656,3,15
urf2_277,10,100,23042,13873,2930,8,15
urf2_277,10,100,23033,13927,2921,15,15
urf2_277,10,100,23134,13983,3022,7,15
urf2_277,10,100,23264,13937,3152,11,15
urf2_277,10,100,22624,13709,2512,12,15
urf2_277,10,100,22668,13714,2556,5,15
urf2_277,10,100,23250,13935,3138,2,15
urf2_277,10,100,22884,13833,2772,1,16
urf2_277,10,100,22758,13773,2646,3,16
urf2_277,10,100,23638,14225,3526,4,16
urf2_277,10,100,23038,13838,2926,13,16
urf2_277,10,100,23306,13974,3194,2,16
urf2_277,10,100,23178,13991,3066,8,16
urf2_277,10,100,23242,13984,3130,14,16
urf2_277,10,100,23412,14092,3300,10,16
urf2_277,10,100,23296,14048,3184,7,16
urf2_277,10,100,23258,14019,3146,12,16
urf2_277,10,100,23687,14293,3575,15,16
urf2_277,10,100,23409,14025,3297,6,16
urf2_277,10,100,23477,14159,3365,5,16
urf2_277,10,100,23315,13963,3203,11,16
urf2_277,10,100,23306,14052,3194,9,16
urf2_277,10,100,22959,13909,2847,13,17
urf2_277,10,100,22882,13794,2770,1,17
urf2_277,10,100,23372,14112,3260,2,17
urf2_277,10,100,23392,14022,3280,3,17
urf2_277,10,100,22886,13839,2774,10,17
urf2_277,10,100,22968,13905,2856,9,17
urf2_277,10,100,22910,13789,2798,5,17
urf2_277,10,100,23559,14143,3447,11,17
urf2_277,10,100,23520,14150,3408,12,17
urf2_277,10,100,23633,14262,3521,8,17
urf2_277,10,100,23296,14005,3184,14,17
urf2_277,10,100,23443,14138,3331,15,17
urf2_277,10,100,22887,13809,2775,7,17
urf2_277,10,100,23523,14217,3411,4,17
urf2_277,10,100,23386,14128,3274,6,17
urf2_277,10,100,23273,13984,3161,3,18
urf2_277,10,100,23281,14052,3169,14,18
urf2_277,10,100,22913,13921,2801,15,18
urf2_277,10,100,23228,13943,3116,12,18
urf2_277,10,100,23295,14022,3183,4,18
urf2_277,10,100,23241,13932,3129,2,18
urf2_277,10,100,22842,13751,2730,13,18
urf2_277,10,100,23362,14058,3250,1,18
urf2_277,10,100,22815,13793,2703,9,18
urf2_277,10,100,22815,13783,2703,6,18
urf2_277,10,100,23239,13907,3127,11,18
urf2_277,10,100,23154,13969,3042,8,18
urf2_277,10,100,23163,13880,3051,7,18
urf2_277,10,100,22895,13870,2783,10,18
urf2_277,10,100,23682,14378,3570,5,18
urf2_277,10,100,22952,13798,2840,1,19
urf2_277,10,100,23040,13928,2928,13,19
urf2_277,10,100,22644,13734,2532,11,19
urf2_277,10,100,23291,14071,3179,4,19
urf2_277,10,100,23259,14011,3147,14,19
urf2_277,10,100,22747,13714,2635,12,19
urf2_277,10,100,22986,13912,2874,3,19
urf2_277,10,100,23055,13933,2943,7,19
urf2_277,10,100,22645,13747,2533,8,19
urf2_277,10,100,22577,13648,2465,6,19
urf2_277,10,100,22941,13884,2829,2,19
urf2_277,10,100,23032,13924,2920,15,19
urf2_277,10,100,22936,13859,2824,5,19
urf2_277,10,100,22623,13735,2511,10,19
urf2_277,10,100,23544,14211,3432,9,19
urf2_277,10,100,23272,14039,3160,1,20
urf2_277,10,100,23211,13946,3099,14,20
urf2_277,10,100,22804,13765,2692,8,20
urf2_277,10,100,22622,13666,2510,11,20
urf2_277,10,100,23054,13927,2942,13,20
urf2_277,10,100,22680,13776,2568,4,20
urf2_277,10,100,22688,13719,2576,6,20
urf2_277,10,100,23152,13893,3040,15,20
urf2_277,10,100,23266,14012,3154,5,20
urf2_277,10,100,23082,13998,2970,7,20
urf2_277,10,100,22941,13912,2829,10,20
urf2_277,10,100,23028,13864,2916,12,20
urf2_277,10,100,22622,13677,2510,9,20
urf2_277,10,100,23451,14082,3339,3,20
urf2_277,10,100,23287,14066,3175,2,20
urf2_277,10,100,22700,13754,2588,2,21
urf2_277,10,100,22882,13771,2770,1,21
urf2_277,10,100,22680,13753,2568,8,21
urf2_277,10,100,22977,13890,2865,10,21
urf2_277,10,100,22976,13952,2864,4,21
urf2_277,10,100,22675,13681,2563,3,21
urf2_277,10,100,23239,13980,3127,5,21
urf2_277,10,100,22968,13850,2856,6,21
urf2_277,10,100,22611,13673,2499,7,21
urf2_277,10,100,23034,13909,2922,11,21
urf2_277,10,100,23167,13970,3055,15,21
urf2_277,10,100,22826,13866,2714,9,21
urf2_277,10,100,23256,13994,3144,12,21
urf2_277,10,100,23044,13951,2932,13,21
urf2_277,10,100,23226,14022,3114,14,21
urf2_277,10,100,23132,13942,3020,10,22
urf2_277,10,100,23114,13936,3002,14,22
urf2_277,10,100,22885,13811,2773,13,22
urf2_277,10,100,22902,13858,2790,5,22
urf2_277,10,100,22997,13827,2885,2,22
urf2_277,10,100,23439,14125,3327,15,22
urf2_277,10,100,23337,14028,3225,1,22
urf2_277,10,100,23332,14018,3220,6,22
urf2_277,10,100,23330,14145,3218,11,22
urf2_277,10,100,23348,14051,3236,9,22
urf2_277,10,100,23126,13970,3014,4,22
urf2_277,10,100,23285,14025,3173,12,22
urf2_277,10,100,23326,14028,3214,8,22
urf2_277,10,100,23482,14162,3370,3,22
urf2_277,10,100,23203,14025,3091,7,22
urf2_277,10,100,22996,13955,2884,4,23
urf2_277,10,100,22836,13792,2724,10,23
urf2_277,10,100,22856,13782,2744,3,23
urf2_277,10,100,23039,13797,2927,15,23
urf2_277,10,100,23368,14037,3256,9,23
urf2_277,10,100,23715,14383,3603,6,23
urf2_277,10,100,23308,14053,3196,11,23
urf2_277,10,100,23385,14063,3273,12,23
urf2_277,10,100,22778,13678,2666,2,23
urf2_277,10,100,23294,14042,3182,5,23
urf2_277,10,100,22933,13809,2821,13,23
urf2_277,10,100,22944,13711,2832,14,23
urf2_277,10,100,23268,13974,3156,7,23
urf2_277,10,100,23645,14247,3533,1,23
urf2_277,10,100,23600,14260,3488,8,23
urf2_277,10,100,23173,14032,3061,12,24
urf2_277,10,100,23281,14009,3169,13,24
urf2_277,10,100,23251,14008,3139,14,24
urf2_277,10,100,23341,14061,3229,11,24
urf2_277,10,100,23558,14111,3446,10,24
urf2_277,10,100,23440,14145,3328,15,24
urf2_277,10,100,23514,14139,3402,2,24
urf2_277,10,100,23262,14054,3150,5,24
urf2_277,10,100,23213,14082,3101,7,24
urf2_277,10,100,23321,14004,3209,4,24
urf2_277,10,100,23280,13982,3168,6,24
urf2_277,10,100,23325,14085,3213,1,24
urf2_277,10,100,23222,13905,3110,8,24
urf2_277,10,100,23577,14125,3465,3,24
urf2_277,10,100,23337,14036,3225,9,24
urf2_277,10,100,22703,13766,2591,4,25
urf2_277,10,100,22713,13724,2601,3,25
urf2_277,10,100,22957,13843,2845,2,25
urf2_277,10,100,23017,13800,2905,9,25
urf2_277,10,100,22912,13747,2800,1,25
urf2_277,10,100,23201,13955,3089,7,25
urf2_277,10,100,23296,14051,3184,6,25
urf2_277,10,100,23125,13867,3013,12,25
urf2_277,10,100,23300,14079,3188,15,25
urf2_277,10,100,23610,14221,3498,13,25
urf2_277,10,100,23098,13895,2986,14,25
urf2_277,10,100,23192,13949,3080,11,25
urf2_277,10,100,23148,13839,3036,8,25
urf2_277,10,100,23535,14196,3423,5,25
urf2_277,10,100,23253,14001,3141,10,25
urf2_277,10,100,22785,13760,2673,1,26
urf2_277,10,100,23050,13901,2938,14,26
urf2_277,10,100,22605,13677,2493,13,26
urf2_277,10,100,23282,14079,3170,9,26
urf2_277,10,100,22666,13794,2554,15,26
urf2_277,10,100,23330,14063,3218,11,26
urf2_277,10,100,22929,13799,2817,12,26
urf2_277,10,100,23190,13978,3078,2,26
urf2_277,10,100,22852,13753,2740,7,26
urf2_277,10,100,23038,13840,2926,6,26
urf2_277,10,100,23134,13902,3022,8,26
urf2_277,10,100,23250,13991,3138,5,26
urf2_277,10,100,23174,14030,3062,4,26
urf2_277,10,100,22644,13675,2532,3,26
urf2_277,10,100,23270,14032,3158,10,26
urf2_277,10,100,23362,14102,3250,6,27
urf2_277,10,100,23259,13971,3147,8,27
urf2_277,10,100,22811,13774,2699,13,27
urf2_277,10,100,23036,13956,2924,11,27
urf2_277,10,100,23330,14026,3218,2,27
urf2_277,10,100,22954,13788,2842,1,27
urf2_277,10,100,22863,13745,2751,12,27
urf2_277,10,100,23262,14038,3150,14,27
urf2_277,10,100,23014,13884,2902,15,27
urf2_277,10,100,23367,14053,3255,3,27
urf2_277,10,100,23165,13961,3053,4,27
urf2_277,10,100,23382,14079,3270,9,27
urf2_277,10,100,22973,13983,2861,10,27
urf2_277,10,100,23470,14219,3358,5,27
urf2_277,10,100,23512,14157,3400,7,27
urf2_277,10,100,23352,14056,3240,4,28
urf2_277,10,100,23270,14061,3158,3,28
urf2_277,10,100,23292,14021,3180,2,28
urf2_277,10,100,23318,14036,3206,11,28
urf2_277,10,100,23312,14030,3200,9,28
urf2_277,10,100,23368,14094,3256,5,28
urf2_277,10,100,23279,13976,3167,1,28
urf2_277,10,100,22985,13901,2873,14,28
urf2_277,10,100,23210,13948,3098,15,28
urf2_277,10,100,23286,13988,3174,8,28
urf2_277,10,100,23150,13969,3038,13,28
urf2_277,10,100,23314,14051,3202,12,28
urf2_277,10,100,23366,14107,3254,10,28
urf2_277,10,100,23133,13987,3021,7,28
urf2_277,10,100,23335,14077,3223,6,28
urf2_277,10,100,23444,14164,3332,2,29
urf2_277,10,100,22699,13707,2587,5,29
urf2_277,10,100,23344,14068,3232,12,29
urf2_277,10,100,22695,13716,2583,3,29
urf2_277,10,100,23087,13876,2975,14,29
urf2_277,10,100,23040,13899,2928,11,29
urf2_277,10,100,23277,13976,3165,8,29
urf2_277,10,100,23277,14004,3165,4,29
urf2_277,10,100,23333,13985,3221,1,29
urf2_277,10,100,23042,13880,2930,15,29
urf2_277,10,100,22716,13738,2604,10,29
urf2_277,10,100,23008,13896,2896,6,29
urf2_277,10,100,23271,14068,3159,13,29
urf2_277,10,100,23447,14084,3335,7,29
urf2_277,10,100,23476,14092,3364,9,29
urf2_277,10,100,23100,13918,2988,4,30
urf2_277,10,100,22911,13834,2799,15,30
urf2_277,10,100,23264,13968,3152,1,30
urf2_277,10,100,23295,13974,3183,13,30
urf2_277,10,100,23279,14004,3167,5,30
urf2_277,10,100,23125,13945,3013,12,30
urf2_277,10,100,23314,14067,3202,3,30
urf2_277,10,100,22880,13725,2768,2,30
urf2_277,10,100,22705,13802,2593,10,30
urf2_277,10,100,23557,14142,3445,11,30
urf2_277,10,100,23526,14151,3414,14,30
urf2_277,10,100,23720,14316,3608,9,30
urf2_277,10,100,23106,13892,2994,6,30
urf2_277,10,100,22830,13697,2718,8,30
urf2_277,10,100,22834,13742,2722,7,30
urf2_277,10,100,22641,13712,2529,2,31
urf2_277,10,100,22737,13732,2625,4,31
urf2_277,10,100,22629,13721,2517,12,31
urf2_277,10,100,23462,14203,3350,7,31
urf2_277,10,100,22677,13760,2565,5,31
urf2_277,10,100,22632,13716,2520,1,31
urf2_277,10,100,22885,13794,2773,10,31
urf2_277,10,100,22914,13825,2802,6,31
urf2_277,10,100,22798,13833,2686,9,31
urf2_277,10,100,22623,13693,2511,11,31
urf2_277,10,100,23293,14018,3181,14,31
urf2_277,10,100,23414,14053,3302,15,31
urf2_277,10,100,22637,13669,2525,13,31
urf2_277,10,100,23321,14029,3209,8,31
urf2_277,10,100,23054,13964,2942,3,31
urf2_277,10,100,22800,13769,2688,1,32
urf2_277,10,100,23165,13927,3053,12,32
urf2_277,10,100,22632,13678,2520,13,32
urf2_277,10,100,23217,13983,3105,11,32
urf2_277,10,100,23221,14001,3109,14,32
urf2_277,10,100,23190,13962,3078,15,32
urf2_277,10,100,23193,13955,3081,10,32
urf2_277,10,100,23332,14025,3220,2,32
urf2_277,10,100,23200,13975,3088,8,32
urf2_277,10,100,23351,14127,3239,4,32
urf2_277,10,100,23087,13939,2975,5,32
urf2_277,10,100,23197,13942,3085,7,32
urf2_277,10,100,23280,13993,3168,9,32
urf2_277,10,100,22628,13708,2516,6,32
urf2_277,10,100,23256,13960,3144,3,32
urf2_277,10,100,23419,14203,3307,1,33
urf2_277,10,100,22981,13781,2869,11,33
urf2_277,10,100,23312,14020,3200,2,33
urf2_277,10,100,23249,14003,3137,12,33
urf2_277,10,100,23200,13987,3088,7,33
urf2_277,10,100,23338,14056,3226,15,33
urf2_277,10,100,23277,14042,3165,10,33
urf2_277,10,100,22629,13773,2517,9,33
urf2_277,10,100,23234,13983,3122,5,33
urf2_277,10,100,23339,14026,3227,14,33
urf2_277,10,100,23436,14139,3324,8,33
urf2_277,10,100,23420,14143,3308,6,33
urf2_277,10,100,23249,13969,3137,13,33
urf2_277,10,100,23211,13951,3099,3,33
urf2_277,10,100,23278,13990,3166,4,33
urf2_277,10,100,23278,14021,3166,1,34
urf2_277,10,100,23326,14021,3214,12,34
urf2_277,10,100,22968,13858,2856,4,34
urf2_277,10,100,23331,14075,3219,5,34
urf2_277,10,100,22726,13737,2614,7,34
urf2_277,10,100,23212,13955,3100,13,34
urf2_277,10,100,23133,13959,3021,8,34
urf2_277,10,100,22679,13750,2567,10,34
urf2_277,10,100,23333,14034,3221,2,34
urf2_277,10,100,23318,13988,3206,3,34
urf2_277,10,100,23381,14095,3269,9,34
urf2_277,10,100,22634,13675,2522,15,34
urf2_277,10,100,23265,14006,3153,11,34
urf2_277,10,100,23285,14017,3173,14,34
urf2_277,10,100,23301,13986,3189,6,34
urf2_277,10,100,23550,14159,3438,2,35
urf2_277,10,100,23664,14226,3552,13,35
urf2_277,10,100,23635,14315,3523,14,35
urf2_277,10,100,23626,14274,3514,8,35
urf2_277,10,100,23631,14263,3519,15,35
urf2_277,10,100,23605,14244,3493,9,35
urf2_277,10,100,23739,14362,3627,3,35
urf2_277,10,100,23533,14125,3421,12,35
urf2_277,10,100,23574,14209,3462,10,35
urf2_277,10,100,23564,14133,3452,5,35
urf2_277,10,100,23574,14159,3462,11,35
urf2_277,10,100,23602,14268,3490,1,35
urf2_277,10,100,23678,14269,3566,6,35
urf2_277,10,100,23573,14247,3461,4,35
urf2_277,10,100,23354,14061,3242,7,35
urf2_277,10,100,22760,13733,2648,3,36
urf2_277,10,100,23534,14155,3422,15,36
urf2_277,10,100,22651,13741,2539,12,36
urf2_277,10,100,23003,13827,2891,13,36
urf2_277,10,100,23409,14100,3297,8,36
urf2_277,10,100,23314,14007,3202,11,36
urf2_277,10,100,22562,13636,2450,6,36
urf2_277,10,100,22873,13796,2761,7,36
urf2_277,10,100,22878,13818,2766,4,36
urf2_277,10,100,22916,13800,2804,10,36
urf2_277,10,100,23365,14048,3253,2,36
urf2_277,10,100,23311,14057,3199,9,36
urf2_277,10,100,23272,14099,3160,5,36
urf2_277,10,100,23365,14028,3253,14,36
urf2_277,10,100,23298,13955,3186,1,36
urf2_277,10,100,23161,13974,3049,10,37
urf2_277,10,100,23405,14141,3293,9,37
urf2_277,10,100,23308,13960,3196,7,37
urf2_277,10,100,23270,13928,3158,15,37
urf2_277,10,100,23412,14097,3300,8,37
urf2_277,10,100,23013,13798,2901,13,37
urf2_277,10,100,23202,14047,3090,11,37
urf2_277,10,100,23511,14088,3399,6,37
urf2_277,10,100,23267,13994,3155,5,37
urf2_277,10,100,23169,14025,3057,12,37
urf2_277,10,100,23171,13933,3059,1,37
urf2_277,10,100,23345,14092,3233,3,37
urf2_277,10,100,23338,14081,3226,4,37
urf2_277,10,100,23284,14026,3172,2,37
urf2_277,10,100,23319,13979,3207,14,37
urf2_277,10,100,22768,13696,2656,14,38
urf2_277,10,100,23120,13955,3008,12,38
urf2_277,10,100,23209,13929,3097,8,38
urf2_277,10,100,23226,13981,3114,3,38
urf2_277,10,100,22621,13710,2509,1,38
urf2_277,10,100,22948,13796,2836,11,38
urf2_277,10,100,22709,13776,2597,2,38
urf2_277,10,100,23293,14003,3181,7,38
urf2_277,10,100,22718,13691,2606,15,38
urf2_277,10,100,22624,13657,2512,10,38
urf2_277,10,100,23010,13856,2898,4,38
urf2_277,10,100,23064,13866,2952,13,38
urf2_277,10,100,23072,13924,2960,9,38
urf2_277,10,100,23080,13884,2968,5,38
urf2_277,10,100,22689,13791,2577,6,38
urf2_277,10,100,22804,13743,2692,3,39
urf2_277,10,100,22597,13717,2485,11,39
urf2_277,10,100,23532,14172,3420,15,39
urf2_277,10,100,23358,14000,3246,13,39
urf2_277,10,100,22645,13735,2533,12,39
urf2_277,10,100,22776,13805,2664,14,39
urf2_277,10,100,22825,13745,2713,9,39
urf2_277,10,100,23241,14076,3129,1,39
urf2_277,10,100,23246,13960,3134,5,39
urf2_277,10,100,23307,14025,3195,4,39
urf2_277,10,100,23303,14014,3191,6,39
urf2_277,10,100,22704,13788,2592,7,39
urf2_277,10,100,22835,13822,2723,10,39
urf2_277,10,100,22599,13701,2487,8,39
urf2_277,10,100,23347,14068,3235,2,39
urf2_277,10,100,23336,14014,3224,2,40
urf2_277,10,100,22864,13811,2752,14,40
urf2_277,10,100,22582,13684,2470,13,40
urf2_277,10,100,23133,13904,3021,3,40
urf2_277,10,100,22988,13828,2876,10,40
urf2_277,10,100,22800,13792,2688,12,40
urf2_277,10,100,23141,13814,3029,4,40
urf2_277,10,100,23226,13959,3114,15,40
urf2_277,10,100,23286,13977,3174,11,40
urf2_277,10,100,22671,13743,2559,6,40
urf2_277,10,100,22837,13821,2725,5,40
urf2_277,10,100,23155,13952,3043,7,40
urf2_277,10,100,22627,13708,2515,9,40
urf2_277,10,100,23302,14117,3190,1,40
urf2_277,10,100,23291,13988,3179,8,40
urf2_277,10,100,22985,13812,2873,2,41
urf2_277,10,100,23019,13914,2907,14,41
urf2_277,10,100,23339,14070,3227,9,41
urf2_277,10,100,23323,14069,3211,13,41
urf2_277,10,100,22681,13718,2569,12,41
urf2_277,10,100,23034,13912,2922,1,41
urf2_277,10,100,23150,13937,3038,5,41
urf2_277,10,100,23333,14135,3221,7,41
urf2_277,10,100,23001,13916,2889,6,41
urf2_277,10,100,23012,13931,2900,11,41
urf2_277,10,100,23120,13946,3008,8,41
urf2_277,10,100,22651,13750,2539,15,41
urf2_277,10,100,23351,14070,3239,10,41
urf2_277,10,100,23307,14101,3195,3,41
urf2_277,10,100,23180,13973,3068,4,41
urf2_277,10,100,22897,13831,2785,3,42
urf2_277,10,100,22623,13672,2511,5,42
urf2_277,10,100,22606,13686,2494,14,42
urf2_277,10,100,22683,13775,2571,8,42
urf2_277,10,100,22746,13741,2634,1,42
urf2_277,10,100,22718,13729,2606,13,42
urf2_277,10,100,22779,13707,2667,11,42
urf2_277,10,100,22838,13821,2726,6,42
urf2_277,10,100,23066,13906,2954,7,42
urf2_277,10,100,22665,13803,2553,15,42
urf2_277,10,100,23122,14048,3010,12,42
urf2_277,10,100,22958,13877,2846,10,42
urf2_277,10,100,23239,13958,3127,2,42
urf2_277,10,100,22678,13773,2566,4,42
urf2_277,10,100,22965,13936,2853,9,42
urf2_277,10,100,22658,13663,2546,4,43
urf2_277,10,100,22997,13836,2885,13,43
urf2_277,10,100,22772,13785,2660,14,43
urf2_277,10,100,23198,13921,3086,15,43
urf2_277,10,100,23219,13988,3107,12,43
urf2_277,10,100,23198,13915,3086,11,43
urf2_277,10,100,22664,13730,2552,3,43
urf2_277,10,100,22648,13695,2536,8,43
urf2_277,10,100,22619,13686,2507,1,43
urf2_277,10,100,22679,13710,2567,2,43
urf2_277,10,100,22962,13914,2850,10,43
urf2_277,10,100,23179,13977,3067,9,43
urf2_277,10,100,22933,13828,2821,5,43
urf2_277,10,100,22864,13791,2752,6,43
urf2_277,10,100,23109,13861,2997,7,43
urf2_277,10,100,23260,14029,3148,1,44
urf2_277,10,100,23097,13926,2985,11,44
urf2_277,10,100,22747,13629,2635,13,44
urf2_277,10,100,23237,14004,3125,10,44
urf2_277,10,100,22702,13660,2590,7,44
urf2_277,10,100,22827,13803,2715,6,44
urf2_277,10,100,22775,13749,2663,2,44
urf2_277,10,100,23099,13894,2987,5,44
urf2_277,10,100,22918,13836,2806,4,44
urf2_277,10,100,22716,13710,2604,15,44
urf2_277,10,100,22725,13668,2613,12,44
urf2_277,10,100,23074,13907,2962,9,44
urf2_277,10,100,23326,14060,3214,14,44
urf2_277,10,100,23193,13884,3081,3,44
urf2_277,10,100,23174,14034,3062,8,44
urf2_277,10,100,23292,14053,3180,7,45
urf2_277,10,100,22924,13878,2812,11,45
urf2_277,10,100,23329,14060,3217,9,45
urf2_277,10,100,22971,13912,2859,15,45
urf2_277,10,100,23347,14034,3235,5,45
urf2_277,10,100,23123,13911,3011,10,45
urf2_277,10,100,22995,13897,2883,14,45
urf2_277,10,100,23079,13890,2967,12,45
urf2_277,10,100,23017,13937,2905,6,45
urf2_277,10,100,23092,13936,2980,13,45
urf2_277,10,100,23603,14239,3491,8,45
urf2_277,10,100,23219,13992,3107,1,45
urf2_277,10,100,23313,14049,3201,2,45
urf2_277,10,100,23358,14033,3246,3,45
urf2_277,10,100,23286,14103,3174,4,45
urf2_277,10,100,22648,13669,2536,1,46
urf2_277,10,100,23143,13963,3031,13,46
urf2_277,10,100,22665,13734,2553,3,46
urf2_277,10,100,22814,13802,2702,2,46
urf2_277,10,100,22607,13704,2495,6,46
urf2_277,10,100,22742,13766,2630,11,46
urf2_277,10,100,22748,13743,2636,12,46
urf2_277,10,100,23309,14041,3197,4,46
urf2_277,10,100,23233,13960,3121,15,46
urf2_277,10,100,23468,14160,3356,10,46
urf2_277,10,100,22972,13866,2860,14,46
urf2_277,10,100,22828,13858,2716,8,46
urf2_277,10,100,22808,13771,2696,7,46
urf2_277,10,100,23288,14125,3176,9,46
urf2_277,10,100,22985,13880,2873,5,46
urf2_277,10,100,22655,13711,2543,3,47
urf2_277,10,100,22765,13762,2653,14,47
urf2_277,10,100,22644,13698,2532,15,47
urf2_277,10,100,22679,13656,2567,6,47
urf2_277,10,100,22814,13717,2702,13,47
urf2_277,10,100,22715,13672,2603,12,47
urf2_277,10,100,23063,13835,2951,10,47
urf2_277,10,100,22782,13684,2670,1,47
urf2_277,10,100,22655,13631,2543,5,47
urf2_277,10,100,22788,13721,2676,9,47
urf2_277,10,100,22811,13783,2699,4,47
urf2_277,10,100,22672,13688,2560,11,47
urf2_277,10,100,22744,13781,2632,2,47
urf2_277,10,100,23425,14064,3313,8,47
urf2_277,10,100,22819,13813,2707,7,47
urf2_277,10,100,22805,13875,2693,6,48
urf2_277,10,100,22937,13841,2825,4,48
urf2_277,10,100,23084,14001,2972,7,48
urf2_277,10,100,23261,14016,3149,11,48
urf2_277,10,100,23001,13831,2889,1,48
urf2_277,10,100,23023,13984,2911,12,48
urf2_277,10,100,23716,14249,3604,13,48
urf2_277,10,100,22988,13909,2876,15,48
urf2_277,10,100,23035,13903,2923,2,48
urf2_277,10,100,22891,13839,2779,8,48
urf2_277,10,100,23614,14238,3502,3,48
urf2_277,10,100,23192,13953,3080,14,48
urf2_277,10,100,22888,13803,2776,5,48
urf2_277,10,100,23501,14094,3389,10,48
urf2_277,10,100,22786,13709,2674,9,48
urf2_277,10,100,22914,13814,2802,6,49
urf2_277,10,100,22860,13799,2748,12,49
urf2_277,10,100,23315,13979,3203,13,49
urf2_277,10,100,23051,13925,2939,15,49
urf2_277,10,100,22905,13839,2793,9,49
urf2_277,10,100,23236,14005,3124,14,49
urf2_277,10,100,22649,13677,2537,10,49
urf2_277,10,100,23341,14007,3229,11,49
urf2_277,10,100,23419,14122,3307,2,49
urf2_277,10,100,23341,14150,3229,1,49
urf2_277,10,100,23344,14029,3232,4,49
urf2_277,10,100,22812,13813,2700,5,49
urf2_277,10,100,22648,13761,2536,8,49
urf2_277,10,100,23240,13996,3128,3,49
urf2_277,10,100,22949,13862,2837,7,49
urf2_277,10,100,22850,13765,2738,5,50
urf2_277,10,100,23241,14024,3129,7,50
urf2_277,10,100,23068,13922,2956,6,50
urf2_277,10,100,23214,13926,3102,10,50
urf2_277,10,100,23249,14043,3137,15,50
urf2_277,10,100,23307,14045,3195,2,50
urf2_277,10,100,22841,13796,2729,1,50
urf2_277,10,100,23237,13937,3125,3,50
urf2_277,10,100,23249,13985,3137,4,50
urf2_277,10,100,23074,13821,2962,9,50
urf2_277,10,100,22710,13676,2598,8,50
urf2_277,10,100,23296,14014,3184,13,50
urf2_277,10,100,23072,13923,2960,14,50
urf2_277,10,100,23562,14156,3450,12,50
urf2_277,10,100,23273,14037,3161,11,50
clip_206,10,100,38392,21913,4565,4,0
clip_206,10,100,38243,21867,4416,13,0
clip_206,10,100,38071,21502,4244,14,0
clip_206,10,100,38338,21668,4511,12,0
clip_206,10,100,38409,22001,4582,5,0
clip_206,10,100,38396,21892,4569,6,0
clip_206,10,100,38151,21577,4324,1,0
clip_206,10,100,38155,21909,4328,10,0
clip_206,10,100,38132,21491,4305,9,0
clip_206,10,100,38404,22006,4577,8,0
clip_206,10,100,38180,21702,4353,11,0
clip_206,10,100,38587,22114,4760,15,0
clip_206,10,100,38600,22259,4773,7,0
clip_206,10,100,38466,22064,4639,2,0
clip_206,10,100,38320,21808,4493,3,0
clip_206,10,100,38507,22051,4680,3,1
clip_206,10,100,38490,22029,4663,15,1
clip_206,10,100,38522,21949,4695,13,1
clip_206,10,100,38227,21795,4400,4,1
clip_206,10,100,38534,21975,4707,2,1
clip_206,10,100,38256,21678,4429,7,1
clip_206,10,100,38404,21721,4577,14,1
clip_206,10,100,38292,21675,4465,11,1
clip_206,10,100,38451,21858,4624,1,1
clip_206,10,100,38452,21976,4625,12,1
clip_206,10,100,38538,22056,4711,9,1
clip_206,10,100,38378,21744,4551,6,1
clip_206,10,100,38670,22210,4843,5,1
clip_206,10,100,38428,22047,4601,10,1
clip_206,10,100,38474,21796,4647,8,1
clip_206,10,100,38035,21595,4208,2,2
clip_206,10,100,38291,21793,4464,1,2
clip_206,10,100,38123,21550,4296,8,2
clip_206,10,100,38421,21987,4594,7,2
clip_206,10,100,38250,21729,4423,10,2
clip_206,10,100,38032,21486,4205,11,2
clip_206,10,100,38191,21572,4364,14,2
clip_206,10,100,38557,22107,4730,13,2
clip_206,10,100,38531,22076,4704,3,2
clip_206,10,100,38161,21567,4334,15,2
clip_206,10,100,38414,21832,4587,12,2
clip_206,10,100,38055,21574,4228,5,2
clip_206,10,100,37875,21339,4048,4,2
clip_206,10,100,38557,21881,4730,9,2
clip_206,10,100,38134,21465,4307,6,2
clip_206,10,100,38124,21639,4297,13,3
clip_206,10,100,37712,21459,3885,11,3
clip_206,10,100,37893,21317,4066,14,3
clip_206,10,100,37852,21565,4025,12,3
clip_206,10,100,37975,21539,4148,15,3
clip_206,10,100,38428,21968,4601,4,3
clip_206,10,100,38463,21860,4636,10,3
clip_206,10,100,38325,21802,4498,3,3
clip_206,10,100,38018,21512,4191,1,3
clip_206,10,100,38024,21665,4197,2,3
clip_206,10,100,38679,22168,4852,9,3
clip_206,10,100,37520,21179,3693,5,3
clip_206,10,100,38134,21558,4307,6,3
clip_206,10,100,38210,21702,4383,7,3
clip_206,10,100,37869,21455,4042,8,3
clip_206,10,100,38070,21595,4243,2,4
clip_206,10,100,38373,21786,4546,4,4
clip_206,10,100,38306,21865,4479,10,4
clip_206,10,100,37973,21406,4146,12,4
clip_206,10,100,38538,21948,4711,1,4
clip_206,10,100,38645,22004,4818,3,4
clip_206,10,100,38402,21904,4575,9,4
clip_206,10,100,37993,21604,4166,6,4
clip_206,10,100,38575,22148,4748,15,4
clip_206,10,100,38665,22269,4838,14,4
clip_206,10,100,38031,21563,4204,5,4
clip_206,10,100,38282,21826,4455,11,4
clip_206,10,100,38537,22098,4710,13,4
clip_206,10,100,38719,22123,4892,8,4
clip_206,10,100,38155,21589,4328,7,4
clip_206,10,100,37889,21461,4062,5,5
clip_206,10,100,38213,21621,4386,11,5
clip_206,10,100,38033,21567,4206,8,5
clip_206,10,100,37949,21413,4122,14,5
clip_206,10,100,37921,21360,4094,2,5
clip_206,10,100,37907,21408,4080,1,5
clip_206,10,100,38028,21645,4201,12,5
clip_206,10,100,38650,22225,4823,7,5
clip_206,10,100,37857,21449,4030,4,5
clip_206,10,100,37953,21484,4126,6,5
clip_206,10,100,37867,21406,4040,3,5
clip_206,10,100,38072,21630,4245,13,5
clip_206,10,100,38000,21434,4173,15,5
clip_206,10,100,37884,21560,4057,10,5
clip_206,10,100,38363,21961,4536,9,5
clip_206,10,100,38393,21864,4566,11,6
clip_206,10,100,38694,22281,4867,13,6
clip_206,10,100,38651,22118,4824,15,6
clip_206,10,100,38590,22175,4763,10,6
clip_206,10,100,38594,22145,4767,14,6
clip_206,10,100,38432,21962,4605,12,6
clip_206,10,100,38724,22359,4897,1,6
clip_206,10,100,38650,22137,4823,7,6
clip_206,10,100,38618,22070,4791,5,6
clip_206,10,100,38511,21863,4684,4,6
clip_206,10,100,38629,22102,4802,2,6
clip_206,10,100,38751,22350,4924,8,6
clip_206,10,100,38404,21820,4577,6,6
clip_206,10,100,38611,22053,4784,9,6
clip_206,10,100,38670,22012,4843,3,6
clip_206,10,100,37940,21423,4113,3,7
clip_206,10,100,38539,22147,4712,2,7
clip_206,10,100,37759,21439,3932,4,7
clip_206,10,100,37944,21518,4117,8,7
clip_206,10,100,38013,21510,4186,13,7
clip_206,10,100,38654,22038,4827,1,7
clip_206,10,100,37897,21518,4070,9,7
clip_206,10,100,38319,21769,4492,7,7
clip_206,10,100,38574,22029,4747,10,7
clip_206,10,100,38048,21783,4221,14,7
clip_206,10,100,38590,22133,4763,11,7
clip_206,10,100,38471,21870,4644,15,7
clip_206,10,100,38167,21639,4340,12,7
clip_206,10,100,38422,21935,4595,5,7
clip_206,10,100,38320,21967,4493,6,7
clip_206,10,100,38226,21808,4399,1,8
clip_206,10,100,38168,21405,4341,12,8
clip_206,10,100,38697,22323,4870,15,8
clip_206,10,100,38453,21878,4626,10,8
clip_206,10,100,38202,21743,4375,13,8
clip_206,10,100,38680,22085,4853,14,8
clip_206,10,100,38142,21697,4315,9,8
clip_206,10,100,37947,21545,4120,8,8
clip_206,10,100,37757,21464,3930,5,8
clip_206,10,100,38610,22259,4783,3,8
clip_206,10,100,38168,21744,4341,4,8
clip_206,10,100,38603,22224,4776,11,8
clip_206,10,100,38146,21642,4319,6,8
clip_206,10,100,37948,21515,4121,7,8
clip_206,10,100,38702,22278,4875,2,8
clip_206,10,100,38043,21487,4216,2,9
clip_206,10,100,37838,21492,4011,13,9
clip_206,10,100,38174,21749,4347,7,9
clip_206,10,100,38185,21737,4358,1,9
clip_206,10,100,38177,21704,4350,6,9
clip_206,10,100,38099,21597,4272,8,9
clip_206,10,100,38301,22002,4474,9,9
clip_206,10,100,38876,22519,5049,3,9
clip_206,10,100,38459,22028,4632,14,9
clip_206,10,100,38101,21649,4274,15,9
clip_206,10,100,38692,22258,4865,10,9
clip_206,10,100,38350,21898,4523,11,9
clip_206,10,100,38470,21947,4643,12,9
clip_206,10,100,38222,21773,4395,5,9
clip_206,10,100,38276,21762,4449,4,9
clip_206,10,100,38586,21955,4759,12,10
clip_206,10,100,38062,21539,4235,15,10
clip_206,10,100,38358,21827,4531,14,10
clip_206,10,100,38268,21592,4441,13,10
clip_206,10,100,38265,21662,4438,11,10
clip_206,10,100,38647,22195,4820,1,10
clip_206,10,100,38094,21793,4267,4,10
clip_206,10,100,38147,21726,4320,7,10
clip_206,10,100,38514,21894,4687,8,10
clip_206,10,100,38113,21699,4286,9,10
clip_206,10,100,38620,22127,4793,2,10
clip_206,10,100,38551,21916,4724,6,10
clip_206,10,100,38598,22206,4771,3,10
clip_206,10,100,38176,21462,4349,5,10
clip_206,10,100,38517,21860,4690,10,10
clip_206,10,100,38382,21904,4555,1,11
clip_206,10,100,38451,21845,4624,12,11
clip_206,10,100,38492,22081,4665,14,11
clip_206,10,100,37980,21586,4153,4,11
clip_206,10,100,38628,22076,4801,7,11
clip_206,10,100,38376,21909,4549,8,11
clip_206,10,100,38280,21877,4453,5,11
clip_206,10,100,38204,21892,4377,9,11
clip_206,10,100,38142,21518,4315,10,11
clip_206,10,100,38527,22007,4700,3,11
clip_206,10,100,38822,22449,4995,6,11
clip_206,10,100,38668,21912,4841,2,11
clip_206,10,100,38276,21790,4449,13,11
clip_206,10,100,37972,21661,4145,11,11
clip_206,10,100,38494,22158,4667,15,11
clip_206,10,100,37664,21391,3837,2,12
clip_206,10,100,38355,21935,4528,9,12
clip_206,10,100,37890,21473,4063,8,12
clip_206,10,100,37605,21218,3778,4,12
clip_206,10,100,38254,21798,4427,3,12
clip_206,10,100,38263,21681,4436,6,12
clip_206,10,100,38235,21741,4408,12,12
clip_206,10,100,38380,21909,4553,1,12
clip_206,10,100,38468,21859,4641,7,12
clip_206,10,100,37678,21288,3851,11,12
clip_206,10,100,37895,21460,4068,13,12
clip_206,10,100,38547,21847,4720,14,12
clip_206,10,100,38329,21894,4502,10,12
clip_206,10,100,38508,21914,4681,15,12
clip_206,10,100,37994,21499,4167,5,12
clip_206,10,100,38253,21447,4426,10,13
clip_206,10,100,38001,21656,4174,13,13
clip_206,10,100,38048,21506,4221,7,13
clip_206,10,100,37603,21098,3776,3,13
clip_206,10,100,38060,21631,4233,1,13
clip_206,10,100,38504,22068,4677,12,13
clip_206,10,100,38614,21963,4787,2,13
clip_206,10,100,38143,21623,4316,8,13
clip_206,10,100,38303,21751,4476,15,13
clip_206,10,100,38676,22167,4849,11,13
clip_206,10,100,38790,22327,4963,14,13
clip_206,10,100,38342,21821,4515,6,13
clip_206,10,100,38523,21956,4696,4,13
clip_206,10,100,38324,21891,4497,5,13
clip_206,10,100,38009,21830,4182,9,13
clip_206,10,100,38385,21766,4558,9,14
clip_206,10,100,38367,21868,4540,2,14
clip_206,10,100,38010,21634,4183,13,14
clip_206,10,100,38030,21612,4203,10,14
clip_206,10,100,37699,21450,3872,7,14
clip_206,10,100,37795,21219,3968,15,14
clip_206,10,100,37852,21380,4025,5,14
clip_206,10,100,38028,21561,4201,8,14
clip_206,10,100,38088,21594,4261,14,14
clip_206,10,100,38282,21724,4455,1,14
clip_206,10,100,37847,21445,4020,6,14
clip_206,10,100,38231,21590,4404,11,14
clip_206,10,100,38251,21927,4424,12,14
clip_206,10,100,37928,21368,4101,3,14
clip_206,10,100,37679,21247,3852,4,14
clip_206,10,100,37830,21498,4003,12,15
clip_206,10,100,38055,21607,4228,11,15
clip_206,10,100,38539,22110,4712,15,15
clip_206,10,100,38215,21683,4388,14,15
clip_206,10,100,38510,22014,4683,13,15
clip_206,10,100,37823,21420,3996,2,15
clip_206,10,100,37943,21546,4116,6,15
clip_206,10,100,38500,22024,4673,10,15
clip_206,10,100,38441,21806,4614,5,15
clip_206,10,100,38313,21878,4486,8,15
clip_206,10,100,38547,22076,4720,9,15
clip_206,10,100,38539,21994,4712,1,15
clip_206,10,100,38526,22162,4699,7,15
clip_206,10,100,37889,21601,4062,4,15
clip_206,10,100,38298,21925,4471,3,15
clip_206,10,100,38002,21566,4175,5,16
clip_206,10,100,38656,22208,4829,13,16
clip_206,10,100,38364,21966,4537,12,16
clip_206,10,100,38352,21871,4525,2,16
clip_206,10,100,38224,21734,4397,14,16
clip_206,10,100,38048,21527,4221,11,16
clip_206,10,100,38634,21969,4807,15,16
clip_206,10,100,38151,21610,4324,10,16
clip_206,10,100,37654,21239,3827,4,16
clip_206,10,100,37866,21416,4039,8,16
clip_206,10,100,38019,21467,4192,6,16
clip_206,10,100,38247,21858,4420,9,16
clip_206,10,100,38621,22134,4794,1,16
clip_206,10,100,38347,21763,4520,7,16
clip_206,10,100,38649,22088,4822,3,16
clip_206,10,100,38118,21503,4291,6,17
clip_206,10,100,38112,21702,4285,15,17
clip_206,10,100,38296,21745,4469,12,17
clip_206,10,100,38091,21613,4264,13,17
clip_206,10,100,37824,21470,3997,4,17
clip_206,10,100,38420,21960,4593,14,17
clip_206,10,100,38478,21879,4651,1,17
clip_206,10,100,38292,21862,4465,9,17
clip_206,10,100,38484,21935,4657,3,17
clip_206,10,100,38345,21553,4518,11,17
clip_206,10,100,38144,21737,4317,8,17
clip_206,10,100,38200,21729,4373,10,17
clip_206,10,100,38088,21704,4261,2,17
clip_206,10,100,37847,21547,4020,7,17
clip_206,10,100,38126,21808,4299,5,17
clip_206,10,100,38135,21651,4308,1,18
clip_206,10,100,38638,21798,4811,7,18
clip_206,10,100,38731,22187,4904,5,18
clip_206,10,100,38321,21923,4494,2,18
clip_206,10,100,37990,21514,4163,4,18
clip_206,10,100,38298,21872,4471,3,18
clip_206,10,100,38183,21605,4356,11,18
clip_206,10,100,38621,21956,4794,15,18
clip_206,10,100,38336,21798,4509,12,18
clip_206,10,100,38669,22192,4842,10,18
clip_206,10,100,38497,21948,4670,8,18
clip_206,10,100,38779,22138,4952,14,18
clip_206,10,100,38299,21886,4472,9,18
clip_206,10,100,38244,21738,4417,6,18
clip_206,10,100,38629,22144,4802,13,18
clip_206,10,100,38716,22223,4889,14,19
clip_206,10,100,38674,22277,4847,9,19
clip_206,10,100,38558,22019,4731,15,19
clip_206,10,100,38638,22069,4811,13,19
clip_206,10,100,38562,21898,4735,11,19
clip_206,10,100,38682,22241,4855,12,19
clip_206,10,100,38541,22081,4714,10,19
clip_206,10,100,38601,22150,4774,2,19
clip_206,10,100,38705,22194,4878,5,19
clip_206,10,100,38777,22242,4950,8,19
clip_206,10,100,38074,21583,4247,4,19
clip_206,10,100,38707,22106,4880,7,19
clip_206,10,100,38507,22101,4680,3,19
clip_206,10,100,38461,22072,4634,6,19
clip_206,10,100,38618,22128,4791,1,19
clip_206,10,100,37784,21438,3957,4,20
clip_206,10,100,38296,21968,4469,1,20
clip_206,10,100,38128,21564,4301,12,20
clip_206,10,100,38464,21916,4637,13,20
clip_206,10,100,38326,21794,4499,8,20
clip_206,10,100,38129,21546,4302,3,20
clip_206,10,100,38320,21775,4493,7,20
clip_206,10,100,38413,21966,4586,6,20
clip_206,10,100,38213,21864,4386,15,20
clip_206,10,100,38214,21794,4387,10,20
clip_206,10,100,38193,21792,4366,9,20
clip_206,10,100,38523,21761,4696,11,20
clip_206,10,100,38062,21702,4235,14,20
clip_206,10,100,38537,22152,4710,2,20
clip_206,10,100,37892,21474,4065,5,20
clip_206,10,100,37918,21697,4091,1,21
clip_206,10,100,37998,21647,4171,12,21
clip_206,10,100,38098,21312,4271,7,21
clip_206,10,100,38010,21511,4183,10,21
clip_206,10,100,38354,21861,4527,5,21
clip_206,10,100,38118,21483,4291,11,21
clip_206,10,100,38499,22065,4672,14,21
clip_206,10,100,38219,21673,4392,13,21
clip_206,10,100,37750,21362,3923,8,21
clip_206,10,100,37741,21387,3914,9,21
clip_206,10,100,38629,22059,4802,15,21
clip_206,10,100,38151,21567,4324,4,21
clip_206,10,100,38623,22124,4796,6,21
clip_206,10,100,38544,22103,4717,2,21
clip_206,10,100,38632,22210,4805,3,21
clip_206,10,100,38662,22067,4835,6,22
clip_206,10,100,38465,21901,4638,7,22
clip_206,10,100,38299,21728,4472,8,22
clip_206,10,100,37954,21666,4127,4,22
clip_206,10,100,38189,21558,4362,10,22
clip_206,10,100,38166,21690,4339,5,22
clip_206,10,100,38342,21884,4515,9,22
clip_206,10,100,37945,21406,4118,15,22
clip_206,10,100,37773,21233,3946,14,22
clip_206,10,100,38023,21608,4196,12,22
clip_206,10,100,37958,21516,4131,13,22
clip_206,10,100,38682,22116,4855,11,22
clip_206,10,100,38139,21562,4312,1,22
clip_206,10,100,38684,22167,4857,2,22
clip_206,10,100,38562,22127,4735,3,22
clip_206,10,100,38326,21851,4499,10,23
clip_206,10,100,38222,21747,4395,7,23
clip_206,10,100,38241,21886,4414,4,23
clip_206,10,100,38015,21680,4188,6,23
clip_206,10,100,38092,21566,4265,5,23
clip_206,10,100,38227,21820,4400,3,23
clip_206,10,100,38344,22037,4517,8,23
clip_206,10,100,38215,21872,4388,2,23
clip_206,10,100,38415,21981,4588,14,23
clip_206,10,100,38471,21973,4644,9,23
clip_206,10,100,38172,21799,4345,11,23
clip_206,10,100,38601,22079,4774,12,23
clip_206,10,100,37770,21394,3943,1,23
clip_206,10,100,38464,21960,4637,15,23
clip_206,10,100,38626,22074,4799,13,23
clip_206,10,100,38254,21767,4427,6,24
clip_206,10,100,38009,21529,4182,11,24
clip_206,10,100,37914,21443,4087,12,24
clip_206,10,100,37929,21489,4102,13,24
clip_206,10,100,38265,21778,4438,15,24
clip_206,10,100,38514,21942,4687,14,24
clip_206,10,100,38182,21769,4355,2,24
clip_206,10,100,38015,21515,4188,3,24
clip_206,10,100,38051,21597,4224,10,24
clip_206,10,100,38232,21801,4405,8,24
clip_206,10,100,38573,21943,4746,9,24
clip_206,10,100,38074,21585,4247,1,24
clip_206,10,100,38408,21721,4581,5,24
clip_206,10,100,38192,21601,4365,4,24
clip_206,10,100,38691,21988,4864,7,24
clip_206,10,100,37931,21499,4104,11,25
clip_206,10,100,38053,21435,4226,14,25
clip_206,10,100,37924,21546,4097,13,25
clip_206,10,100,37785,21519,3958,15,25
clip_206,10,100,37812,21413,3985,12,25
clip_206,10,100,38327,21988,4500,4,25
clip_206,10,100,37921,21543,4094,7,25
clip_206,10,100,38015,21420,4188,10,25
clip_206,10,100,38083,21556,4256,6,25
clip_206,10,100,38073,21565,4246,8,25
clip_206,10,100,38355,21942,4528,1,25
clip_206,10,100,37904,21431,4077,2,25
clip_206,10,100,37920,21473,4093,9,25
clip_206,10,100,38078,21577,4251,3,25
clip_206,10,100,38001,21613,4174,5,25
clip_206,10,100,38080,21657,4253,6,26
clip_206,10,100,37940,21477,4113,11,26
clip_206,10,100,38003,21650,4176,14,26
clip_206,10,100,38548,21851,4721,15,26
clip_206,10,100,38016,21659,4189,12,26
clip_206,10,100,37829,21487,4002,3,26
clip_206,10,100,38230,21598,4403,7,26
clip_206,10,100,37984,21528,4157,8,26
clip_206,10,100,38365,21811,4538,13,26
clip_206,10,100,38675,22276,4848,9,26
clip_206,10,100,37883,21472,4056,4,26
clip_206,10,100,37625,21228,3798,10,26
clip_206,10,100,38116,21703,4289,1,26
clip_206,10,100,37872,21461,4045,5,26
clip_206,10,100,38418,21942,4591,2,26
clip_206,10,100,38671,22152,4844,2,27
clip_206,10,100,38546,22091,4719,14,27
clip_206,10,100,38263,21614,4436,15,27
clip_206,10,100,38397,21621,4570,12,27
clip_206,10,100,38321,21793,4494,10,27
clip_206,10,100,38366,21880,4539,11,27
clip_206,10,100,38396,21903,4569,13,27
clip_206,10,100,38436,21915,4609,1,27
clip_206,10,100,38607,22189,4780,9,27
clip_206,10,100,38368,21991,4541,4,27
clip_206,10,100,38736,22293,4909,8,27
clip_206,10,100,38683,22040,4856,5,27
clip_206,10,100,38519,21947,4692,6,27
clip_206,10,100,38148,21728,4321,3,27
clip_206,10,100,38672,22158,4845,7,27
clip_206,10,100,38255,21716,4428,13,28
clip_206,10,100,38855,22327,5028,10,28
clip_206,10,100,38545,22061,4718,8,28
clip_206,10,100,38454,21935,4627,2,28
clip_206,10,100,38317,21851,4490,5,28
clip_206,10,100,38421,21963,4594,3,28
clip_206,10,100,38634,22013,4807,6,28
clip_206,10,100,38468,21884,4641,7,28
clip_206,10,100,38381,21898,4554,14,28
clip_206,10,100,38448,21782,4621,11,28
clip_206,10,100,38639,21880,4812,12,28
clip_206,10,100,38593,22099,4766,15,28
clip_206,10,100,38488,21920,4661,4,28
clip_206,10,100,38544,22085,4717,1,28
clip_206,10,100,38402,21846,4575,9,28
clip_206,10,100,38670,22165,4843,1,29
clip_206,10,100,38579,22041,4752,7,29
clip_206,10,100,38223,21726,4396,9,29
clip_206,10,100,37928,21524,4101,14,29
clip_206,10,100,38120,21564,4293,12,29
clip_206,10,100,37922,21517,4095,13,29
clip_206,10,100,38212,21830,4385,10,29
clip_206,10,100,38775,22281,4948,15,29
clip_206,10,100,38567,22081,4740,5,29
clip_206,10,100,37925,21405,4098,4,29
clip_206,10,100,38458,21980,4631,3,29
clip_206,10,100,38417,21978,4590,6,29
clip_206,10,100,38045,21499,4218,8,29
clip_206,10,100,38412,21924,4585,2,29
clip_206,10,100,38666,22167,4839,11,29
clip_206,10,100,37916,21560,4089,13,30
clip_206,10,100,38133,21812,4306,15,30
clip_206,10,100,37922,21460,4095,9,30
clip_206,10,100,37760,21414,3933,11,30
clip_206,10,100,38460,21761,4633,5,30
clip_206,10,100,38034,21537,4207,1,30
clip_206,10,100,38391,21984,4564,12,30
clip_206,10,100,38030,21541,4203,4,30
clip_206,10,100,38040,21567,4213,3,30
clip_206,10,100,38467,21934,4640,8,30
clip_206,10,100,38319,21739,4492,6,30
clip_206,10,100,38262,21611,4435,7,30
clip_206,10,100,38111,21728,4284,10,30
clip_206,10,100,37777,21416,3950,2,30
clip_206,10,100,38142,21631,4315,14,30
clip_206,10,100,38644,22261,4817,6,31
clip_206,10,100,37452,21101,3625,15,31
clip_206,10,100,38002,21527,4175,14,31
clip_206,10,100,38066,21573,4239,13,31
clip_206,10,100,38330,21799,4503,12,31
clip_206,10,100,38521,21993,4694,11,31
clip_206,10,100,38800,22389,4973,3,31
clip_206,10,100,37899,21510,4072,7,31
clip_206,10,100,38370,21967,4543,5,31
clip_206,10,100,37975,21531,4148,10,31
clip_206,10,100,38338,21815,4511,9,31
clip_206,10,100,37903,21464,4076,4,31
clip_206,10,100,37841,21244,4014,8,31
clip_206,10,100,38079,21563,4252,2,31
clip_206,10,100,38561,22019,4734,1,31
clip_206,10,100,38562,22144,4735,14,32
clip_206,10,100,38069,21630,4242,13,32
clip_206,10,100,38214,21958,4387,12,32
clip_206,10,100,38095,21499,4268,2,32
clip_206,10,100,38313,21923,4486,5,32
clip_206,10,100,38389,21761,4562,7,32
clip_206,10,100,38009,21430,4182,6,32
clip_206,10,100,38718,22011,4891,10,32
clip_206,10,100,38600,22043,4773,9,32
clip_206,10,100,38497,21913,4670,1,32
clip_206,10,100,38226,21786,4399,3,32
clip_206,10,100,38030,21473,4203,15,32
clip_206,10,100,38167,21728,4340,8,32
clip_206,10,100,38357,21818,4530,4,32
clip_206,10,100,37997,21604,4170,11,32
clip_206,10,100,37767,21267,3940,7,33
clip_206,10,100,37770,21379,3943,13,33
clip_206,10,100,38293,21753,4466,14,33
clip_206,10,100,38073,21689,4246,12,33
clip_206,10,100,38333,21941,4506,15,33
clip_206,10,100,37930,21507,4103,10,33
clip_206,10,100,38217,21669,4390,2,33
clip_206,10,100,37404,21078,3577,4,33
clip_206,10,100,38500,21959,4673,8,33
clip_206,10,100,38287,21877,4460,5,33
clip_206,10,100,37967,21412,4140,6,33
clip_206,10,100,37893,21463,4066,9,33
clip_206,10,100,38234,21807,4407,11,33
clip_206,10,100,38352,21746,4525,1,33
clip_206,10,100,38499,22057,4672,3,33
clip_206,10,100,38487,22179,4660,1,34
clip_206,10,100,38925,22472,5098,4,34
clip_206,10,100,38606,22036,4779,2,34
clip_206,10,100,38615,22189,4788,5,34
clip_206,10,100,38686,22129,4859,6,34
clip_206,10,100,37961,21536,4134,3,34
clip_206,10,100,38381,21969,4554,13,34
clip_206,10,100,37767,21358,3940,10,34
clip_206,10,100,38187,21846,4360,8,34
clip_206,10,100,38184,21697,4357,7,34
clip_206,10,100,38390,21900,4563,15,34
clip_206,10,100,38485,21972,4658,12,34
clip_206,10,100,38646,22196,4819,9,34
clip_206,10,100,38473,21927,4646,14,34
clip_206,10,100,38517,21887,4690,11,34
clip_206,10,100,37685,21320,3858,10,35
clip_206,10,100,37297,21041,3470,15,35
clip_206,10,100,37808,21404,3981,13,35
clip_206,10,100,38183,21826,4356,14,35
clip_206,10,100,37784,21458,3957,4,35
clip_206,10,100,37924,21456,4097,9,35
clip_206,10,100,37778,21353,3951,1,35
clip_206,10,100,37840,21496,4013,12,35
clip_206,10,100,37612,21056,3785,7,35
clip_206,10,100,37948,21567,4121,11,35
clip_206,10,100,37578,21155,3751,2,35
clip_206,10,100,37626,21314,3799,3,35
clip_206,10,100,37850,21410,4023,8,35
clip_206,10,100,37985,21646,4158,6,35
clip_206,10,100,37825,21468,3998,5,35
clip_206,10,100,38325,21928,4498,3,36
clip_206,10,100,38495,22023,4668,2,36
clip_206,10,100,38180,21697,4353,12,36
clip_206,10,100,38563,22007,4736,10,36
clip_206,10,100,38562,22167,4735,9,36
clip_206,10,100,38312,21727,4485,15,36
clip_206,10,100,38232,21636,4405,11,36
clip_206,10,100,38599,21736,4772,13,36
clip_206,10,100,38614,21852,4787,14,36
clip_206,10,100,37813,21255,3986,6,36
clip_206,10,100,38312,21783,4485,7,36
clip_206,10,100,38297,21812,4470,8,36
clip_206,10,100,38491,22063,4664,4,36
clip_206,10,100,38613,22180,4786,5,36
clip_206,10,100,38168,21838,4341,1,36
clip_206,10,100,38391,21933,4564,11,37
clip_206,10,100,37926,21382,4099,12,37
clip_206,10,100,38061,21616,4234,4,37
clip_206,10,100,38351,21868,4524,6,37
clip_206,10,100,37544,21137,3717,2,37
clip_206,10,100,38087,21719,4260,3,37
clip_206,10,100,38349,21913,4522,8,37
clip_206,10,100,37897,21595,4070,7,37
clip_206,10,100,38130,21704,4303,9,37
clip_206,10,100,37827,21384,4000,10,37
clip_206,10,100,38294,21874,4467,1,37
clip_206,10,100,38331,21819,4504,5,37
clip_206,10,100,37665,21195,3838,14,37
clip_206,10,100,37930,21333,4103,15,37
clip_206,10,100,37628,21228,3801,13,37
clip_206,10,100,37748,21494,3921,1,38
clip_206,10,100,38047,21545,4220,2,38
clip_206,10,100,37959,21353,4132,12,38
clip_206,10,100,38381,21825,4554,6,38
clip_206,10,100,38432,22077,4605,5,38
clip_206,10,100,37969,21417,4142,15,38
clip_206,10,100,38227,21748,4400,11,38
clip_206,10,100,37984,21459,4157,4,38
clip_206,10,100,37858,21510,4031,3,38
clip_206,10,100,38093,21532,4266,14,38
clip_206,10,100,38085,21692,4258,10,38
clip_206,10,100,38380,21792,4553,13,38
clip_206,10,100,38018,21602,4191,8,38
clip_206,10,100,37991,21606,4164,9,38
clip_206,10,100,38427,21850,4600,7,38
clip_206,10,100,38691,22257,4864,4,39
clip_206,10,100,38374,21885,4547,11,39
clip_206,10,100,38319,21785,4492,12,39
clip_206,10,100,38233,21725,4406,1,39
clip_206,10,100,38560,21934,4733,14,39
clip_206,10,100,38345,21848,4518,7,39
clip_206,10,100,38512,22245,4685,13,39
clip_206,10,100,38298,21706,4471,3,39
clip_206,10,100,38380,21917,4553,5,39
clip_206,10,100,38539,21903,4712,2,39
clip_206,10,100,38408,21744,4581,6,39
clip_206,10,100,38030,21582,4203,10,39
clip_206,10,100,38542,22003,4715,8,39
clip_206,10,100,38716,22244,4889,9,39
clip_206,10,100,38179,21761,4352,15,39
clip_206,10,100,38099,21655,4272,13,40
clip_206,10,100,38556,22199,4729,12,40
clip_206,10,100,38378,21936,4551,9,40
clip_206,10,100,38309,21927,4482,10,40
clip_206,10,100,38310,21797,4483,14,40
clip_206,10,100,38766,22175,4939,11,40
clip_206,10,100,38866,22462,5039,15,40
clip_206,10,100,38353,22001,4526,6,40
clip_206,10,100,38479,21929,4652,2,40
clip_206,10,100,38568,22166,4741,5,40
clip_206,10,100,38502,21757,4675,4,40
clip_206,10,100,38655,22176,4828,8,40
clip_206,10,100,38144,21710,4317,1,40
clip_206,10,100,38200,21691,4373,3,40
clip_206,10,100,38583,22067,4756,7,40
clip_206,10,100,38496,21933,4669,6,41
clip_206,10,100,38394,22021,4567,9,41
clip_206,10,100,38608,22213,4781,2,41
clip_206,10,100,38179,21892,4352,1,41
clip_206,10,100,38408,21837,4581,5,41
clip_206,10,100,38510,22048,4683,7,41
clip_206,10,100,38383,21940,4556,8,41
clip_206,10,100,38641,22109,4814,3,41
clip_206,10,100,37716,21270,3889,10,41
clip_206,10,100,38333,22034,4506,4,41
clip_206,10,100,37782,21407,3955,13,41
clip_206,10,100,38159,21669,4332,11,41
clip_206,10,100,38444,22005,4617,15,41
clip_206,10,100,38418,21879,4591,12,41
clip_206,10,100,38712,22353,4885,14,41
clip_206,10,100,38300,21986,4473,3,42
clip_206,10,100,37933,21428,4106,6,42
clip_206,10,100,38507,22054,4680,2,42
clip_206,10,100,38286,21889,4459,4,42
clip_206,10,100,38487,21877,4660,1,42
clip_206,10,100,37945,21526,4118,12,42
clip_206,10,100,38142,21734,4315,7,42
clip_206,10,100,38191,21708,4364,14,42
clip_206,10,100,38064,21733,4237,11,42
clip_206,10,100,38379,21944,4552,13,42
clip_206,10,100,37949,21486,4122,8,42
clip_206,10,100,37976,21511,4149,15,42
clip_206,10,100,38107,21686,4280,5,42
clip_206,10,100,37736,21448,3909,9,42
clip_206,10,100,38567,21732,4740,10,42
clip_206,10,100,38213,21842,4386,12,43
clip_206,10,100,38645,22141,4818,2,43
clip_206,10,100,38164,21684,4337,8,43
clip_206,10,100,38506,22206,4679,14,43
clip_206,10,100,38378,21877,4551,1,43
clip_206,10,100,38145,21723,4318,7,43
clip_206,10,100,38413,21679,4586,5,43
clip_206,10,100,37951,21542,4124,9,43
clip_206,10,100,38528,22060,4701,13,43
clip_206,10,100,38221,21781,4394,3,43
clip_206,10,100,38393,21846,4566,10,43
clip_206,10,100,38528,21905,4701,4,43
clip_206,10,100,38598,22032,4771,15,43
clip_206,10,100,38489,21837,4662,11,43
clip_206,10,100,38595,21941,4768,6,43
clip_206,10,100,38155,21680,4328,2,44
clip_206,10,100,38116,21661,4289,5,44
clip_206,10,100,38157,21668,4330,7,44
clip_206,10,100,38540,22116,4713,3,44
clip_206,10,100,38186,21688,4359,1,44
clip_206,10,100,38388,21715,4561,4,44
clip_206,10,100,38345,21849,4518,8,44
clip_206,10,100,38482,21986,4655,13,44
clip_206,10,100,38620,21978,4793,9,44
clip_206,10,100,37753,21371,3926,11,44
clip_206,10,100,38233,21788,4406,10,44
clip_206,10,100,38277,21839,4450,14,44
clip_206,10,100,38610,22123,4783,15,44
clip_206,10,100,38592,22226,4765,12,44
clip_206,10,100,38209,21569,4382,6,44
clip_206,10,100,38505,22161,4678,1,45
clip_206,10,100,38150,21757,4323,3,45
clip_206,10,100,38425,21970,4598,5,45
clip_206,10,100,38637,22213,4810,2,45
clip_206,10,100,38312,21885,4485,4,45
clip_206,10,100,38569,22052,4742,6,45
clip_206,10,100,38109,21659,4282,7,45
clip_206,10,100,38202,21710,4375,12,45
clip_206,10,100,38286,21832,4459,14,45
clip_206,10,100,38586,22105,4759,11,45
clip_206,10,100,38429,21811,4602,9,45
clip_206,10,100,38334,21891,4507,15,45
clip_206,10,100,38302,21665,4475,13,45
clip_206,10,100,38577,22025,4750,8,45
clip_206,10,100,38629,22332,4802,10,45
clip_206,10,100,38190,21742,4363,2,46
clip_206,10,100,38319,21909,4492,7,46
clip_206,10,100,37941,21381,4114,4,46
clip_206,10,100,37933,21369,4106,5,46
clip_206,10,100,37980,21471,4153,1,46
clip_206,10,100,37881,21458,4054,3,46
clip_206,10,100,38466,22065,4639,13,46
clip_206,10,100,38590,21949,4763,14,46
clip_206,10,100,38759,22290,4932,6,46
clip_206,10,100,38459,22058,4632,15,46
clip_206,10,100,38584,21834,4757,11,46
clip_206,10,100,38145,21847,4318,12,46
clip_206,10,100,37844,21389,4017,10,46
clip_206,10,100,38406,21922,4579,8,46
clip_206,10,100,38345,21855,4518,9,46
clip_206,10,100,37879,21487,4052,10,47
clip_206,10,100,38099,21536,4272,4,47
clip_206,10,100,38363,21783,4536,9,47
clip_206,10,100,37793,21536,3966,1,47
clip_206,10,100,37948,21538,4121,2,47
clip_206,10,100,38007,21616,4180,11,47
clip_206,10,100,38438,21888,4611,8,47
clip_206,10,100,38513,21956,4686,14,47
clip_206,10,100,38026,21479,4199,13,47
clip_206,10,100,37734,21489,3907,15,47
clip_206,10,100,38242,21965,4415,3,47
clip_206,10,100,38168,21755,4341,6,47
clip_206,10,100,38361,21836,4534,12,47
clip_206,10,100,38172,21545,4345,7,47
clip_206,10,100,38226,21593,4399,5,47
clip_206,10,100,38123,21523,4296,13,48
clip_206,10,100,38400,21916,4573,12,48
clip_206,10,100,38537,21860,4710,11,48
clip_206,10,100,38480,21911,4653,3,48
clip_206,10,100,38393,22001,4566,14,48
clip_206,10,100,38522,22069,4695,15,48
clip_206,10,100,38074,21617,4247,2,48
clip_206,10,100,38170,21587,4343,1,48
clip_206,10,100,38587,22152,4760,4,48
clip_206,10,100,37982,21445,4155,6,48
clip_206,10,100,38237,21824,4410,7,48
clip_206,10,100,38366,21827,4539,9,48
clip_206,10,100,38025,21535,4198,10,48
clip_206,10,100,38449,21959,4622,8,48
clip_206,10,100,38357,21815,4530,5,48
clip_206,10,100,37980,21761,4153,7,49
clip_206,10,100,38401,22030,4574,11,49
clip_206,10,100,38082,21738,4255,12,49
clip_206,10,100,38377,21906,4550,14,49
clip_206,10,100,37627,21148,3800,15,49
clip_206,10,100,37855,21423,4028,8,49
clip_206,10,100,37900,21551,4073,9,49
clip_206,10,100,38015,21613,4188,1,49
clip_206,10,100,37947,21583,4120,6,49
clip_206,10,100,37876,21529,4049,4,49
clip_206,10,100,38635,22177,4808,3,49
clip_206,10,100,38151,21652,4324,10,49
clip_206,10,100,38637,22185,4810,2,49
clip_206,10,100,38395,22043,4568,5,49
clip_206,10,100,38556,22040,4729,13,49
clip_206,10,100,38354,21932,4527,14,50
clip_206,10,100,38119,21752,4292,11,50
clip_206,10,100,38063,21461,4236,12,50
clip_206,10,100,37709,21263,3882,13,50
clip_206,10,100,38168,21849,4341,15,50
clip_206,10,100,38124,21607,4297,10,50
clip_206,10,100,38439,21966,4612,9,50
clip_206,10,100,38268,21830,4441,4,50
clip_206,10,100,38548,21977,4721,2,50
clip_206,10,100,38218,21684,4391,3,50
clip_206,10,100,38250,21756,4423,1,50
clip_206,10,100,38364,21934,4537,6,50
clip_206,10,100,38377,21969,4550,8,50
clip_206,10,100,38608,22182,4781,7,50
clip_206,10,100,38489,21991,4662,5,50
