instance_name,timeout,num_chunks,gate_out,depth_out,num_swaps,seed,seed_is
miller_11,10,1,59,39,9,1,0
miller_11,10,1,59,38,9,4,0
miller_11,10,1,59,39,9,2,0
miller_11,10,1,59,40,9,12,0
miller_11,10,1,59,37,9,3,0
miller_11,10,1,59,38,9,5,0
miller_11,10,1,59,37,9,6,0
miller_11,10,1,59,38,9,7,0
miller_11,10,1,59,38,9,8,0
miller_11,10,1,59,40,9,13,0
miller_11,10,1,59,38,9,9,0
miller_11,10,1,59,38,9,10,0
miller_11,10,1,59,40,9,11,0
miller_11,10,1,59,39,9,14,0
miller_11,10,1,59,39,9,15,0
miller_11,10,1,51,29,1,7,1
miller_11,10,1,51,29,1,1,1
miller_11,10,1,51,29,1,2,1
miller_11,10,1,51,29,1,10,1
miller_11,10,1,51,29,1,3,1
miller_11,10,1,51,29,1,4,1
miller_11,10,1,51,29,1,12,1
miller_11,10,1,51,29,1,5,1
miller_11,10,1,51,29,1,13,1
miller_11,10,1,51,29,1,14,1
miller_11,10,1,51,29,1,6,1
miller_11,10,1,51,29,1,15,1
miller_11,10,1,51,29,1,8,1
miller_11,10,1,51,29,1,9,1
miller_11,10,1,51,29,1,11,1
miller_11,10,1,52,30,2,1,2
miller_11,10,1,52,30,2,3,2
miller_11,10,1,52,30,2,6,2
miller_11,10,1,52,30,2,7,2
miller_11,10,1,52,30,2,9,2
miller_11,10,1,52,30,2,2,2
miller_11,10,1,52,30,2,4,2
miller_11,10,1,52,30,2,11,2
miller_11,10,1,52,30,2,13,2
miller_11,10,1,52,30,2,5,2
miller_11,10,1,52,30,2,14,2
miller_11,10,1,52,30,2,15,2
miller_11,10,1,52,30,2,8,2
miller_11,10,1,52,30,2,10,2
miller_11,10,1,52,30,2,12,2
miller_11,10,1,54,31,4,1,3
miller_11,10,1,54,31,4,4,3
miller_11,10,1,54,31,4,5,3
miller_11,10,1,54,31,4,2,3
miller_11,10,1,54,31,4,3,3
miller_11,10,1,54,31,4,11,3
miller_11,10,1,54,31,4,6,3
miller_11,10,1,54,31,4,12,3
miller_11,10,1,54,31,4,14,3
miller_11,10,1,54,31,4,7,3
miller_11,10,1,54,31,4,15,3
miller_11,10,1,54,31,4,8,3
miller_11,10,1,54,31,4,9,3
miller_11,10,1,54,31,4,10,3
miller_11,10,1,54,31,4,13,3
miller_11,10,1,53,30,3,2,4
miller_11,10,1,53,30,3,1,4
miller_11,10,1,53,30,3,3,4
miller_11,10,1,53,30,3,7,4
miller_11,10,1,53,30,3,9,4
miller_11,10,1,53,30,3,4,4
miller_11,10,1,53,30,3,5,4
miller_11,10,1,53,30,3,6,4
miller_11,10,1,53,30,3,8,4
miller_11,10,1,53,30,3,13,4
miller_11,10,1,53,30,3,10,4
miller_11,10,1,53,30,3,11,4
miller_11,10,1,53,30,3,12,4
miller_11,10,1,53,30,3,14,4
miller_11,10,1,53,30,3,15,4
miller_11,10,1,53,30,3,1,5
miller_11,10,1,53,30,3,3,5
miller_11,10,1,53,30,3,5,5
miller_11,10,1,53,30,3,8,5
miller_11,10,1,53,30,3,9,5
miller_11,10,1,53,30,3,2,5
miller_11,10,1,53,30,3,10,5
miller_11,10,1,53,30,3,4,5
miller_11,10,1,53,30,3,13,5
miller_11,10,1,53,30,3,6,5
miller_11,10,1,53,30,3,7,5
miller_11,10,1,53,30,3,11,5
miller_11,10,1,53,30,3,12,5
miller_11,10,1,53,30,3,14,5
miller_11,10,1,53,30,3,15,5
miller_11,10,1,53,30,3,3,6
miller_11,10,1,53,30,3,5,6
miller_11,10,1,53,30,3,2,6
miller_11,10,1,53,30,3,7,6
miller_11,10,1,53,30,3,4,6
miller_11,10,1,53,30,3,8,6
miller_11,10,1,53,30,3,1,6
miller_11,10,1,53,30,3,6,6
miller_11,10,1,53,30,3,12,6
miller_11,10,1,53,30,3,9,6
miller_11,10,1,53,30,3,14,6
miller_11,10,1,53,30,3,10,6
miller_11,10,1,53,30,3,11,6
miller_11,10,1,53,30,3,13,6
miller_11,10,1,53,30,3,15,6
miller_11,10,1,53,30,3,2,7
miller_11,10,1,53,30,3,3,7
miller_11,10,1,53,30,3,5,7
miller_11,10,1,53,30,3,6,7
miller_11,10,1,53,30,3,7,7
miller_11,10,1,53,30,3,8,7
miller_11,10,1,53,30,3,9,7
miller_11,10,1,53,30,3,1,7
miller_11,10,1,53,30,3,4,7
miller_11,10,1,53,30,3,10,7
miller_11,10,1,53,30,3,11,7
miller_11,10,1,53,30,3,12,7
miller_11,10,1,53,30,3,13,7
miller_11,10,1,53,30,3,14,7
miller_11,10,1,53,30,3,15,7
miller_11,10,1,53,30,3,2,8
miller_11,10,1,53,30,3,3,8
miller_11,10,1,53,30,3,4,8
miller_11,10,1,53,30,3,6,8
miller_11,10,1,53,30,3,8,8
miller_11,10,1,53,30,3,1,8
miller_11,10,1,53,30,3,9,8
miller_11,10,1,53,30,3,10,8
miller_11,10,1,53,30,3,5,8
miller_11,10,1,53,30,3,7,8
miller_11,10,1,53,30,3,12,8
miller_11,10,1,53,30,3,14,8
miller_11,10,1,53,30,3,11,8
miller_11,10,1,53,30,3,15,8
miller_11,10,1,53,30,3,13,8
miller_11,10,1,53,31,3,1,9
miller_11,10,1,53,31,3,2,9
miller_11,10,1,53,31,3,3,9
miller_11,10,1,53,31,3,5,9
miller_11,10,1,53,31,3,6,9
miller_11,10,1,53,31,3,7,9
miller_11,10,1,53,31,3,8,9
miller_11,10,1,53,31,3,9,9
miller_11,10,1,53,31,3,4,9
miller_11,10,1,53,31,3,10,9
miller_11,10,1,53,31,3,11,9
miller_11,10,1,53,31,3,12,9
miller_11,10,1,53,31,3,13,9
miller_11,10,1,53,31,3,14,9
miller_11,10,1,53,31,3,15,9
miller_11,10,1,52,30,2,1,10
miller_11,10,1,52,30,2,2,10
miller_11,10,1,52,30,2,3,10
miller_11,10,1,52,30,2,4,10
miller_11,10,1,52,30,2,5,10
miller_11,10,1,52,30,2,6,10
miller_11,10,1,52,30,2,7,10
miller_11,10,1,52,30,2,8,10
miller_11,10,1,52,30,2,10,10
miller_11,10,1,52,30,2,13,10
miller_11,10,1,52,30,2,14,10
miller_11,10,1,52,30,2,15,10
miller_11,10,1,52,30,2,9,10
miller_11,10,1,52,30,2,11,10
miller_11,10,1,52,30,2,12,10
miller_11,10,1,51,29,1,2,11
miller_11,10,1,51,29,1,3,11
miller_11,10,1,51,29,1,4,11
miller_11,10,1,51,29,1,5,11
miller_11,10,1,51,29,1,1,11
miller_11,10,1,51,29,1,9,11
miller_11,10,1,51,29,1,10,11
miller_11,10,1,51,29,1,6,11
miller_11,10,1,51,29,1,12,11
miller_11,10,1,51,29,1,14,11
miller_11,10,1,51,29,1,7,11
miller_11,10,1,51,29,1,8,11
miller_11,10,1,51,29,1,11,11
miller_11,10,1,51,29,1,13,11
miller_11,10,1,51,29,1,15,11
miller_11,10,1,52,30,2,2,12
miller_11,10,1,52,30,2,3,12
miller_11,10,1,52,30,2,4,12
miller_11,10,1,52,30,2,5,12
miller_11,10,1,52,30,2,7,12
miller_11,10,1,52,30,2,6,12
miller_11,10,1,52,30,2,8,12
miller_11,10,1,52,30,2,1,12
miller_11,10,1,52,30,2,11,12
miller_11,10,1,52,30,2,12,12
miller_11,10,1,52,30,2,9,12
miller_11,10,1,52,30,2,10,12
miller_11,10,1,52,30,2,13,12
miller_11,10,1,52,30,2,14,12
miller_11,10,1,52,30,2,15,12
miller_11,10,1,52,30,2,2,13
miller_11,10,1,52,30,2,3,13
miller_11,10,1,52,30,2,4,13
miller_11,10,1,52,30,2,5,13
miller_11,10,1,52,30,2,1,13
miller_11,10,1,52,30,2,6,13
miller_11,10,1,52,30,2,11,13
miller_11,10,1,52,30,2,7,13
miller_11,10,1,52,30,2,13,13
miller_11,10,1,52,30,2,14,13
miller_11,10,1,52,30,2,8,13
miller_11,10,1,52,30,2,15,13
miller_11,10,1,52,30,2,9,13
miller_11,10,1,52,30,2,10,13
miller_11,10,1,52,30,2,12,13
miller_11,10,1,52,30,2,2,14
miller_11,10,1,52,30,2,3,14
miller_11,10,1,52,30,2,5,14
miller_11,10,1,52,30,2,8,14
miller_11,10,1,52,30,2,1,14
miller_11,10,1,52,30,2,9,14
miller_11,10,1,52,30,2,4,14
miller_11,10,1,52,30,2,6,14
miller_11,10,1,52,30,2,12,14
miller_11,10,1,52,30,2,11,14
miller_11,10,1,52,30,2,7,14
miller_11,10,1,52,30,2,13,14
miller_11,10,1,52,30,2,10,14
miller_11,10,1,52,30,2,14,14
miller_11,10,1,52,30,2,15,14
miller_11,10,1,53,30,3,3,15
miller_11,10,1,53,30,3,4,15
miller_11,10,1,53,30,3,5,15
miller_11,10,1,53,30,3,7,15
miller_11,10,1,53,30,3,8,15
miller_11,10,1,53,30,3,9,15
miller_11,10,1,53,30,3,1,15
miller_11,10,1,53,30,3,2,15
miller_11,10,1,53,30,3,10,15
miller_11,10,1,53,30,3,6,15
miller_11,10,1,53,30,3,15,15
miller_11,10,1,53,30,3,11,15
miller_11,10,1,53,30,3,12,15
miller_11,10,1,53,30,3,13,15
miller_11,10,1,53,30,3,14,15
miller_11,10,1,52,30,2,3,16
miller_11,10,1,52,30,2,4,16
miller_11,10,1,52,30,2,5,16
miller_11,10,1,52,30,2,6,16
miller_11,10,1,52,30,2,1,16
miller_11,10,1,52,30,2,2,16
miller_11,10,1,52,30,2,10,16
miller_11,10,1,52,30,2,7,16
miller_11,10,1,52,30,2,8,16
miller_11,10,1,52,30,2,9,16
miller_11,10,1,52,30,2,15,16
miller_11,10,1,52,30,2,11,16
miller_11,10,1,52,30,2,12,16
miller_11,10,1,52,30,2,13,16
miller_11,10,1,52,30,2,14,16
miller_11,10,1,54,32,4,2,17
miller_11,10,1,54,32,4,5,17
miller_11,10,1,54,32,4,7,17
miller_11,10,1,54,32,4,8,17
miller_11,10,1,54,32,4,1,17
miller_11,10,1,54,32,4,3,17
miller_11,10,1,54,32,4,4,17
miller_11,10,1,54,32,4,10,17
miller_11,10,1,54,32,4,6,17
miller_11,10,1,54,32,4,12,17
miller_11,10,1,54,32,4,13,17
miller_11,10,1,54,32,4,9,17
miller_11,10,1,54,32,4,15,17
miller_11,10,1,54,32,4,11,17
miller_11,10,1,54,32,4,14,17
miller_11,10,1,61,41,11,1,18
miller_11,10,1,61,41,11,2,18
miller_11,10,1,61,41,11,4,18
miller_11,10,1,61,42,11,5,18
miller_11,10,1,61,40,11,8,18
miller_11,10,1,61,40,11,9,18
miller_11,10,1,61,42,11,10,18
miller_11,10,1,61,41,11,11,18
miller_11,10,1,61,41,11,3,18
miller_11,10,1,61,41,11,6,18
miller_11,10,1,61,40,11,7,18
miller_11,10,1,61,39,11,15,18
miller_11,10,1,61,42,11,12,18
miller_11,10,1,61,39,11,13,18
miller_11,10,1,61,40,11,14,18
miller_11,10,1,51,29,1,1,19
miller_11,10,1,51,29,1,3,19
miller_11,10,1,51,29,1,4,19
miller_11,10,1,51,29,1,5,19
miller_11,10,1,51,29,1,6,19
miller_11,10,1,51,29,1,2,19
miller_11,10,1,51,29,1,7,19
miller_11,10,1,51,29,1,14,19
miller_11,10,1,51,29,1,8,19
miller_11,10,1,51,29,1,13,19
miller_11,10,1,51,29,1,9,19
miller_11,10,1,51,29,1,10,19
miller_11,10,1,51,29,1,11,19
miller_11,10,1,51,29,1,12,19
miller_11,10,1,51,29,1,15,19
miller_11,10,1,60,41,10,1,20
miller_11,10,1,60,39,10,3,20
miller_11,10,1,60,39,10,5,20
miller_11,10,1,60,40,10,6,20
miller_11,10,1,60,39,10,7,20
miller_11,10,1,60,40,10,8,20
miller_11,10,1,60,41,10,10,20
miller_11,10,1,60,41,10,2,20
miller_11,10,1,60,38,10,4,20
miller_11,10,1,60,39,10,13,20
miller_11,10,1,60,39,10,12,20
miller_11,10,1,60,40,10,9,20
miller_11,10,1,60,41,10,11,20
miller_11,10,1,60,39,10,14,20
miller_11,10,1,60,40,10,15,20
miller_11,10,1,62,41,12,1,21
miller_11,10,1,62,43,12,2,21
miller_11,10,1,62,42,12,3,21
miller_11,10,1,62,42,12,4,21
miller_11,10,1,62,41,12,5,21
miller_11,10,1,62,41,12,10,21
miller_11,10,1,62,42,12,11,21
miller_11,10,1,62,41,12,12,21
miller_11,10,1,62,41,12,6,21
miller_11,10,1,62,42,12,14,21
miller_11,10,1,62,42,12,7,21
miller_11,10,1,62,42,12,8,21
miller_11,10,1,62,41,12,9,21
miller_11,10,1,62,41,12,13,21
miller_11,10,1,62,41,12,15,21
miller_11,10,1,51,30,1,5,22
miller_11,10,1,51,30,1,6,22
miller_11,10,1,51,30,1,1,22
miller_11,10,1,51,30,1,2,22
miller_11,10,1,51,30,1,3,22
miller_11,10,1,51,30,1,4,22
miller_11,10,1,51,30,1,11,22
miller_11,10,1,51,30,1,12,22
miller_11,10,1,51,30,1,7,22
miller_11,10,1,51,30,1,8,22
miller_11,10,1,51,30,1,9,22
miller_11,10,1,51,30,1,10,22
miller_11,10,1,51,30,1,15,22
miller_11,10,1,51,30,1,14,22
miller_11,10,1,51,30,1,13,22
miller_11,10,1,51,30,1,1,23
miller_11,10,1,51,30,1,5,23
miller_11,10,1,51,30,1,6,23
miller_11,10,1,51,30,1,7,23
miller_11,10,1,51,30,1,8,23
miller_11,10,1,51,30,1,2,23
miller_11,10,1,51,30,1,10,23
miller_11,10,1,51,30,1,3,23
miller_11,10,1,51,30,1,12,23
miller_11,10,1,51,30,1,4,23
miller_11,10,1,51,30,1,14,23
miller_11,10,1,51,30,1,15,23
miller_11,10,1,51,30,1,9,23
miller_11,10,1,51,30,1,11,23
miller_11,10,1,51,30,1,13,23
miller_11,10,1,53,30,3,1,24
miller_11,10,1,53,30,3,2,24
miller_11,10,1,53,30,3,3,24
miller_11,10,1,53,30,3,5,24
miller_11,10,1,53,30,3,6,24
miller_11,10,1,53,30,3,4,24
miller_11,10,1,53,30,3,7,24
miller_11,10,1,53,30,3,12,24
miller_11,10,1,53,30,3,14,24
miller_11,10,1,53,30,3,8,24
miller_11,10,1,53,30,3,9,24
miller_11,10,1,53,30,3,10,24
miller_11,10,1,53,30,3,11,24
miller_11,10,1,53,30,3,13,24
miller_11,10,1,53,30,3,15,24
miller_11,10,1,54,31,4,1,25
miller_11,10,1,54,31,4,2,25
miller_11,10,1,54,31,4,3,25
miller_11,10,1,54,31,4,4,25
miller_11,10,1,54,31,4,5,25
miller_11,10,1,54,31,4,6,25
miller_11,10,1,54,31,4,8,25
miller_11,10,1,54,31,4,12,25
miller_11,10,1,54,31,4,7,25
miller_11,10,1,54,31,4,9,25
miller_11,10,1,54,31,4,11,25
miller_11,10,1,54,31,4,10,25
miller_11,10,1,54,31,4,14,25
miller_11,10,1,54,31,4,13,25
miller_11,10,1,54,31,4,15,25
miller_11,10,1,51,29,1,1,26
miller_11,10,1,51,29,1,4,26
miller_11,10,1,51,29,1,2,26
miller_11,10,1,51,29,1,5,26
miller_11,10,1,51,29,1,7,26
miller_11,10,1,51,29,1,3,26
miller_11,10,1,51,29,1,11,26
miller_11,10,1,51,29,1,6,26
miller_11,10,1,51,29,1,8,26
miller_11,10,1,51,29,1,9,26
miller_11,10,1,51,29,1,10,26
miller_11,10,1,51,29,1,12,26
miller_11,10,1,51,29,1,13,26
miller_11,10,1,51,29,1,15,26
miller_11,10,1,51,29,1,14,26
miller_11,10,1,53,30,3,1,27
miller_11,10,1,53,30,3,2,27
miller_11,10,1,53,30,3,5,27
miller_11,10,1,53,30,3,7,27
miller_11,10,1,53,30,3,8,27
miller_11,10,1,53,30,3,3,27
miller_11,10,1,53,30,3,9,27
miller_11,10,1,53,30,3,4,27
miller_11,10,1,53,30,3,11,27
miller_11,10,1,53,30,3,6,27
miller_11,10,1,53,30,3,10,27
miller_11,10,1,53,30,3,12,27
miller_11,10,1,53,30,3,13,27
miller_11,10,1,53,30,3,14,27
miller_11,10,1,53,30,3,15,27
miller_11,10,1,53,31,3,1,28
miller_11,10,1,53,31,3,2,28
miller_11,10,1,53,31,3,3,28
miller_11,10,1,53,31,3,4,28
miller_11,10,1,53,31,3,5,28
miller_11,10,1,53,31,3,6,28
miller_11,10,1,53,31,3,9,28
miller_11,10,1,53,31,3,10,28
miller_11,10,1,53,31,3,7,28
miller_11,10,1,53,31,3,8,28
miller_11,10,1,53,31,3,13,28
miller_11,10,1,53,31,3,11,28
miller_11,10,1,53,31,3,12,28
miller_11,10,1,53,31,3,14,28
miller_11,10,1,53,31,3,15,28
miller_11,10,1,54,31,4,1,29
miller_11,10,1,54,31,4,2,29
miller_11,10,1,54,31,4,3,29
miller_11,10,1,54,31,4,4,29
miller_11,10,1,54,31,4,6,29
miller_11,10,1,54,31,4,8,29
miller_11,10,1,54,31,4,5,29
miller_11,10,1,54,31,4,7,29
miller_11,10,1,54,31,4,13,29
miller_11,10,1,54,31,4,9,29
miller_11,10,1,54,31,4,10,29
miller_11,10,1,54,31,4,11,29
miller_11,10,1,54,31,4,12,29
miller_11,10,1,54,31,4,14,29
miller_11,10,1,54,31,4,15,29
miller_11,10,1,61,39,11,1,30
miller_11,10,1,61,39,11,3,30
miller_11,10,1,61,39,11,4,30
miller_11,10,1,61,41,11,5,30
miller_11,10,1,61,39,11,6,30
miller_11,10,1,61,40,11,7,30
miller_11,10,1,61,40,11,2,30
miller_11,10,1,61,39,11,12,30
miller_11,10,1,61,39,11,10,30
miller_11,10,1,61,38,11,8,30
miller_11,10,1,61,39,11,9,30
miller_11,10,1,61,39,11,11,30
miller_11,10,1,61,40,11,13,30
miller_11,10,1,61,39,11,14,30
miller_11,10,1,61,40,11,15,30
miller_11,10,1,52,30,2,4,31
miller_11,10,1,52,30,2,5,31
miller_11,10,1,52,30,2,8,31
miller_11,10,1,52,30,2,1,31
miller_11,10,1,52,30,2,2,31
miller_11,10,1,52,30,2,10,31
miller_11,10,1,52,30,2,3,31
miller_11,10,1,52,30,2,11,31
miller_11,10,1,52,30,2,12,31
miller_11,10,1,52,30,2,6,31
miller_11,10,1,52,30,2,14,31
miller_11,10,1,52,30,2,7,31
miller_11,10,1,52,30,2,9,31
miller_11,10,1,52,30,2,13,31
miller_11,10,1,52,30,2,15,31
miller_11,10,1,53,30,3,2,32
miller_11,10,1,53,30,3,3,32
miller_11,10,1,53,30,3,5,32
miller_11,10,1,53,30,3,6,32
miller_11,10,1,53,30,3,7,32
miller_11,10,1,53,30,3,8,32
miller_11,10,1,53,30,3,1,32
miller_11,10,1,53,30,3,4,32
miller_11,10,1,53,30,3,12,32
miller_11,10,1,53,30,3,13,32
miller_11,10,1,53,30,3,15,32
miller_11,10,1,53,30,3,9,32
miller_11,10,1,53,30,3,10,32
miller_11,10,1,53,30,3,11,32
miller_11,10,1,53,30,3,14,32
miller_11,10,1,53,30,3,5,33
miller_11,10,1,53,30,3,4,33
miller_11,10,1,53,30,3,6,33
miller_11,10,1,53,30,3,7,33
miller_11,10,1,53,30,3,9,33
miller_11,10,1,53,30,3,1,33
miller_11,10,1,53,30,3,2,33
miller_11,10,1,53,30,3,10,33
miller_11,10,1,53,30,3,3,33
miller_11,10,1,53,30,3,12,33
miller_11,10,1,53,30,3,13,33
miller_11,10,1,53,30,3,14,33
miller_11,10,1,53,30,3,8,33
miller_11,10,1,53,30,3,11,33
miller_11,10,1,53,30,3,15,33
miller_11,10,1,53,30,3,4,34
miller_11,10,1,53,30,3,6,34
miller_11,10,1,53,30,3,7,34
miller_11,10,1,53,30,3,8,34
miller_11,10,1,53,30,3,9,34
miller_11,10,1,53,30,3,1,34
miller_11,10,1,53,30,3,2,34
miller_11,10,1,53,30,3,10,34
miller_11,10,1,53,30,3,3,34
miller_11,10,1,53,30,3,12,34
miller_11,10,1,53,30,3,13,34
miller_11,10,1,53,30,3,5,34
miller_11,10,1,53,30,3,11,34
miller_11,10,1,53,30,3,14,34
miller_11,10,1,53,30,3,15,34
miller_11,10,1,55,32,5,1,35
miller_11,10,1,55,32,5,2,35
miller_11,10,1,55,32,5,4,35
miller_11,10,1,55,32,5,5,35
miller_11,10,1,55,32,5,6,35
miller_11,10,1,55,32,5,7,35
miller_11,10,1,55,32,5,9,35
miller_11,10,1,55,32,5,3,35
miller_11,10,1,55,32,5,12,35
miller_11,10,1,55,32,5,8,35
miller_11,10,1,55,32,5,14,35
miller_11,10,1,55,32,5,15,35
miller_11,10,1,55,32,5,10,35
miller_11,10,1,55,32,5,11,35
miller_11,10,1,55,32,5,13,35
miller_11,10,1,53,30,3,2,36
miller_11,10,1,53,30,3,4,36
miller_11,10,1,53,31,3,5,36
miller_11,10,1,53,31,3,6,36
miller_11,10,1,53,30,3,7,36
miller_11,10,1,53,31,3,8,36
miller_11,10,1,53,31,3,1,36
miller_11,10,1,53,31,3,3,36
miller_11,10,1,53,31,3,10,36
miller_11,10,1,53,30,3,14,36
miller_11,10,1,53,30,3,9,36
miller_11,10,1,53,31,3,11,36
miller_11,10,1,53,31,3,12,36
miller_11,10,1,53,31,3,13,36
miller_11,10,1,53,30,3,15,36
miller_11,10,1,52,30,2,2,37
miller_11,10,1,52,30,2,5,37
miller_11,10,1,52,30,2,6,37
miller_11,10,1,52,30,2,1,37
miller_11,10,1,52,30,2,8,37
miller_11,10,1,52,30,2,9,37
miller_11,10,1,52,30,2,3,37
miller_11,10,1,52,30,2,4,37
miller_11,10,1,52,30,2,7,37
miller_11,10,1,52,30,2,15,37
miller_11,10,1,52,30,2,10,37
miller_11,10,1,52,30,2,11,37
miller_11,10,1,52,30,2,12,37
miller_11,10,1,52,30,2,13,37
miller_11,10,1,52,30,2,14,37
miller_11,10,1,52,30,2,2,38
miller_11,10,1,52,30,2,3,38
miller_11,10,1,52,30,2,5,38
miller_11,10,1,52,30,2,6,38
miller_11,10,1,52,30,2,7,38
miller_11,10,1,52,30,2,8,38
miller_11,10,1,52,30,2,9,38
miller_11,10,1,52,30,2,1,38
miller_11,10,1,52,30,2,4,38
miller_11,10,1,52,30,2,15,38
miller_11,10,1,52,30,2,13,38
miller_11,10,1,52,30,2,10,38
miller_11,10,1,52,30,2,11,38
miller_11,10,1,52,30,2,12,38
miller_11,10,1,52,30,2,14,38
miller_11,10,1,54,32,4,1,39
miller_11,10,1,54,32,4,2,39
miller_11,10,1,54,32,4,3,39
miller_11,10,1,54,32,4,4,39
miller_11,10,1,54,32,4,6,39
miller_11,10,1,54,32,4,7,39
miller_11,10,1,54,32,4,8,39
miller_11,10,1,54,32,4,5,39
miller_11,10,1,54,32,4,11,39
miller_11,10,1,54,32,4,9,39
miller_11,10,1,54,32,4,10,39
miller_11,10,1,54,32,4,12,39
miller_11,10,1,54,32,4,13,39
miller_11,10,1,54,32,4,14,39
miller_11,10,1,54,32,4,15,39
miller_11,10,1,53,31,3,2,40
miller_11,10,1,53,31,3,4,40
miller_11,10,1,53,31,3,5,40
miller_11,10,1,53,31,3,6,40
miller_11,10,1,53,31,3,7,40
miller_11,10,1,53,31,3,8,40
miller_11,10,1,53,31,3,9,40
miller_11,10,1,53,31,3,1,40
miller_11,10,1,53,31,3,10,40
miller_11,10,1,53,31,3,3,40
miller_11,10,1,53,31,3,12,40
miller_11,10,1,53,31,3,13,40
miller_11,10,1,53,31,3,11,40
miller_11,10,1,53,31,3,14,40
miller_11,10,1,53,31,3,15,40
miller_11,10,1,54,31,4,1,41
miller_11,10,1,54,31,4,2,41
miller_11,10,1,54,31,4,3,41
miller_11,10,1,54,31,4,4,41
miller_11,10,1,54,31,4,5,41
miller_11,10,1,54,31,4,6,41
miller_11,10,1,54,31,4,7,41
miller_11,10,1,54,31,4,13,41
miller_11,10,1,54,31,4,8,41
miller_11,10,1,54,31,4,9,41
miller_11,10,1,54,31,4,10,41
miller_11,10,1,54,31,4,11,41
miller_11,10,1,54,31,4,12,41
miller_11,10,1,54,31,4,14,41
miller_11,10,1,54,31,4,15,41
miller_11,10,1,51,30,1,4,42
miller_11,10,1,51,30,1,5,42
miller_11,10,1,51,30,1,6,42
miller_11,10,1,51,30,1,7,42
miller_11,10,1,51,30,1,8,42
miller_11,10,1,51,30,1,9,42
miller_11,10,1,51,30,1,1,42
miller_11,10,1,51,30,1,2,42
miller_11,10,1,51,30,1,11,42
miller_11,10,1,51,30,1,3,42
miller_11,10,1,51,30,1,12,42
miller_11,10,1,51,30,1,13,42
miller_11,10,1,51,30,1,10,42
miller_11,10,1,51,30,1,14,42
miller_11,10,1,51,30,1,15,42
miller_11,10,1,53,30,3,1,43
miller_11,10,1,53,31,3,2,43
miller_11,10,1,53,30,3,5,43
miller_11,10,1,53,30,3,4,43
miller_11,10,1,53,30,3,6,43
miller_11,10,1,53,31,3,7,43
miller_11,10,1,53,30,3,8,43
miller_11,10,1,53,30,3,3,43
miller_11,10,1,53,30,3,9,43
miller_11,10,1,53,30,3,15,43
miller_11,10,1,53,30,3,10,43
miller_11,10,1,53,30,3,11,43
miller_11,10,1,53,30,3,14,43
miller_11,10,1,53,31,3,12,43
miller_11,10,1,53,30,3,13,43
miller_11,10,1,52,31,2,4,44
miller_11,10,1,52,31,2,1,44
miller_11,10,1,52,31,2,8,44
miller_11,10,1,52,31,2,9,44
miller_11,10,1,52,31,2,2,44
miller_11,10,1,52,31,2,3,44
miller_11,10,1,52,31,2,5,44
miller_11,10,1,52,31,2,10,44
miller_11,10,1,52,31,2,6,44
miller_11,10,1,52,31,2,7,44
miller_11,10,1,52,31,2,15,44
miller_11,10,1,52,31,2,13,44
miller_11,10,1,52,31,2,14,44
miller_11,10,1,52,31,2,11,44
miller_11,10,1,52,31,2,12,44
miller_11,10,1,53,31,3,1,45
miller_11,10,1,53,31,3,2,45
miller_11,10,1,53,31,3,3,45
miller_11,10,1,53,31,3,4,45
miller_11,10,1,53,31,3,6,45
miller_11,10,1,53,31,3,7,45
miller_11,10,1,53,31,3,9,45
miller_11,10,1,53,31,3,5,45
miller_11,10,1,53,31,3,13,45
miller_11,10,1,53,31,3,8,45
miller_11,10,1,53,31,3,10,45
miller_11,10,1,53,31,3,11,45
miller_11,10,1,53,31,3,12,45
miller_11,10,1,53,31,3,14,45
miller_11,10,1,53,31,3,15,45
miller_11,10,1,61,41,11,1,46
miller_11,10,1,61,40,11,2,46
miller_11,10,1,61,41,11,3,46
miller_11,10,1,61,40,11,5,46
miller_11,10,1,61,42,11,6,46
miller_11,10,1,61,39,11,4,46
miller_11,10,1,61,41,11,11,46
miller_11,10,1,61,41,11,13,46
miller_11,10,1,61,41,11,7,46
miller_11,10,1,61,42,11,14,46
miller_11,10,1,61,39,11,15,46
miller_11,10,1,61,40,11,8,46
miller_11,10,1,61,40,11,9,46
miller_11,10,1,61,39,11,10,46
miller_11,10,1,61,38,11,12,46
miller_11,10,1,52,30,2,4,47
miller_11,10,1,52,30,2,6,47
miller_11,10,1,52,30,2,7,47
miller_11,10,1,52,30,2,8,47
miller_11,10,1,52,30,2,1,47
miller_11,10,1,52,30,2,9,47
miller_11,10,1,52,30,2,2,47
miller_11,10,1,52,30,2,3,47
miller_11,10,1,52,30,2,5,47
miller_11,10,1,52,30,2,10,47
miller_11,10,1,52,30,2,12,47
miller_11,10,1,52,30,2,11,47
miller_11,10,1,52,30,2,13,47
miller_11,10,1,52,30,2,14,47
miller_11,10,1,52,30,2,15,47
miller_11,10,1,51,30,1,1,48
miller_11,10,1,51,30,1,3,48
miller_11,10,1,51,30,1,4,48
miller_11,10,1,51,30,1,5,48
miller_11,10,1,51,30,1,6,48
miller_11,10,1,51,30,1,2,48
miller_11,10,1,51,30,1,10,48
miller_11,10,1,51,30,1,12,48
miller_11,10,1,51,30,1,11,48
miller_11,10,1,51,30,1,14,48
miller_11,10,1,51,30,1,7,48
miller_11,10,1,51,30,1,8,48
miller_11,10,1,51,30,1,9,48
miller_11,10,1,51,30,1,13,48
miller_11,10,1,51,30,1,15,48
miller_11,10,1,51,29,1,1,49
miller_11,10,1,51,29,1,2,49
miller_11,10,1,51,29,1,3,49
miller_11,10,1,51,29,1,4,49
miller_11,10,1,51,29,1,7,49
miller_11,10,1,51,29,1,8,49
miller_11,10,1,51,29,1,5,49
miller_11,10,1,51,29,1,12,49
miller_11,10,1,51,29,1,11,49
miller_11,10,1,51,29,1,6,49
miller_11,10,1,51,29,1,9,49
miller_11,10,1,51,29,1,10,49
miller_11,10,1,51,29,1,14,49
miller_11,10,1,51,29,1,13,49
miller_11,10,1,51,29,1,15,49
miller_11,10,1,52,31,2,1,50
miller_11,10,1,52,31,2,3,50
miller_11,10,1,52,31,2,4,50
miller_11,10,1,52,31,2,5,50
miller_11,10,1,52,31,2,2,50
miller_11,10,1,52,31,2,11,50
miller_11,10,1,52,31,2,6,50
miller_11,10,1,52,31,2,13,50
miller_11,10,1,52,31,2,7,50
miller_11,10,1,52,31,2,14,50
miller_11,10,1,52,31,2,8,50
miller_11,10,1,52,31,2,9,50
miller_11,10,1,52,31,2,10,50
miller_11,10,1,52,31,2,12,50
miller_11,10,1,52,31,2,15,50
4gt13_91,10,1,116,71,13,1,0
4gt13_91,10,1,116,72,13,2,0
4gt13_91,10,1,116,72,13,4,0
4gt13_91,10,1,116,70,13,7,0
4gt13_91,10,1,116,72,13,8,0
4gt13_91,10,1,116,71,13,3,0
4gt13_91,10,1,116,71,13,5,0
4gt13_91,10,1,116,71,13,6,0
4gt13_91,10,1,116,71,13,14,0
4gt13_91,10,1,116,71,13,9,0
4gt13_91,10,1,116,71,13,10,0
4gt13_91,10,1,116,71,13,11,0
4gt13_91,10,1,116,71,13,12,0
4gt13_91,10,1,116,71,13,13,0
4gt13_91,10,1,116,71,13,15,0
4gt13_91,10,1,109,64,6,5,1
4gt13_91,10,1,109,64,6,6,1
4gt13_91,10,1,109,64,6,7,1
4gt13_91,10,1,109,64,6,8,1
4gt13_91,10,1,109,64,6,9,1
4gt13_91,10,1,109,64,6,1,1
4gt13_91,10,1,109,64,6,2,1
4gt13_91,10,1,109,64,6,3,1
4gt13_91,10,1,109,64,6,12,1
4gt13_91,10,1,109,64,6,4,1
4gt13_91,10,1,109,64,6,14,1
4gt13_91,10,1,109,64,6,15,1
4gt13_91,10,1,109,64,6,10,1
4gt13_91,10,1,109,64,6,11,1
4gt13_91,10,1,109,64,6,13,1
4gt13_91,10,1,111,70,8,3,2
4gt13_91,10,1,111,69,8,4,2
4gt13_91,10,1,111,70,8,6,2
4gt13_91,10,1,111,68,8,7,2
4gt13_91,10,1,111,71,8,9,2
4gt13_91,10,1,111,70,8,1,2
4gt13_91,10,1,111,70,8,10,2
4gt13_91,10,1,111,70,8,2,2
4gt13_91,10,1,111,69,8,5,2
4gt13_91,10,1,111,69,8,14,2
4gt13_91,10,1,111,70,8,8,2
4gt13_91,10,1,111,70,8,11,2
4gt13_91,10,1,111,70,8,12,2
4gt13_91,10,1,111,71,8,13,2
4gt13_91,10,1,111,71,8,15,2
4gt13_91,10,1,111,65,8,1,3
4gt13_91,10,1,111,65,8,2,3
4gt13_91,10,1,111,65,8,3,3
4gt13_91,10,1,111,65,8,5,3
4gt13_91,10,1,111,65,8,6,3
4gt13_91,10,1,111,65,8,8,3
4gt13_91,10,1,111,65,8,9,3
4gt13_91,10,1,111,65,8,4,3
4gt13_91,10,1,111,65,8,14,3
4gt13_91,10,1,111,65,8,13,3
4gt13_91,10,1,111,65,8,15,3
4gt13_91,10,1,111,65,8,7,3
4gt13_91,10,1,111,65,8,10,3
4gt13_91,10,1,111,65,8,11,3
4gt13_91,10,1,111,65,8,12,3
4gt13_91,10,1,110,64,7,2,4
4gt13_91,10,1,110,64,7,3,4
4gt13_91,10,1,110,64,7,4,4
4gt13_91,10,1,110,64,7,5,4
4gt13_91,10,1,110,64,7,7,4
4gt13_91,10,1,110,64,7,8,4
4gt13_91,10,1,110,64,7,1,4
4gt13_91,10,1,110,64,7,10,4
4gt13_91,10,1,110,64,7,11,4
4gt13_91,10,1,110,64,7,6,4
4gt13_91,10,1,110,64,7,9,4
4gt13_91,10,1,110,64,7,12,4
4gt13_91,10,1,110,64,7,13,4
4gt13_91,10,1,110,64,7,14,4
4gt13_91,10,1,110,64,7,15,4
4gt13_91,10,1,108,63,5,2,5
4gt13_91,10,1,108,63,5,3,5
4gt13_91,10,1,108,63,5,4,5
4gt13_91,10,1,108,63,5,5,5
4gt13_91,10,1,108,63,5,6,5
4gt13_91,10,1,108,63,5,7,5
4gt13_91,10,1,108,63,5,8,5
4gt13_91,10,1,108,63,5,1,5
4gt13_91,10,1,108,63,5,11,5
4gt13_91,10,1,108,63,5,14,5
4gt13_91,10,1,108,63,5,9,5
4gt13_91,10,1,108,63,5,10,5
4gt13_91,10,1,108,63,5,12,5
4gt13_91,10,1,108,63,5,13,5
4gt13_91,10,1,108,63,5,15,5
4gt13_91,10,1,110,68,7,1,6
4gt13_91,10,1,110,68,7,3,6
4gt13_91,10,1,110,66,7,4,6
4gt13_91,10,1,110,66,7,6,6
4gt13_91,10,1,110,66,7,7,6
4gt13_91,10,1,110,69,7,8,6
4gt13_91,10,1,110,65,7,10,6
4gt13_91,10,1,110,69,7,2,6
4gt13_91,10,1,110,68,7,5,6
4gt13_91,10,1,110,68,7,14,6
4gt13_91,10,1,110,68,7,12,6
4gt13_91,10,1,110,68,7,9,6
4gt13_91,10,1,110,67,7,11,6
4gt13_91,10,1,110,67,7,13,6
4gt13_91,10,1,110,68,7,15,6
4gt13_91,10,1,112,68,9,1,7
4gt13_91,10,1,112,66,9,3,7
4gt13_91,10,1,112,68,9,6,7
4gt13_91,10,1,112,66,9,7,7
4gt13_91,10,1,112,66,9,8,7
4gt13_91,10,1,112,66,9,9,7
4gt13_91,10,1,112,68,9,2,7
4gt13_91,10,1,112,68,9,10,7
4gt13_91,10,1,112,66,9,4,7
4gt13_91,10,1,112,63,9,5,7
4gt13_91,10,1,112,68,9,15,7
4gt13_91,10,1,112,63,9,11,7
4gt13_91,10,1,112,66,9,12,7
4gt13_91,10,1,112,68,9,13,7
4gt13_91,10,1,112,63,9,14,7
4gt13_91,10,1,111,63,8,2,8
4gt13_91,10,1,111,63,8,3,8
4gt13_91,10,1,111,63,8,5,8
4gt13_91,10,1,111,63,8,6,8
4gt13_91,10,1,111,63,8,7,8
4gt13_91,10,1,111,63,8,8,8
4gt13_91,10,1,111,63,8,9,8
4gt13_91,10,1,111,63,8,1,8
4gt13_91,10,1,111,63,8,11,8
4gt13_91,10,1,111,63,8,12,8
4gt13_91,10,1,111,63,8,4,8
4gt13_91,10,1,111,63,8,14,8
4gt13_91,10,1,111,63,8,15,8
4gt13_91,10,1,111,63,8,10,8
4gt13_91,10,1,111,63,8,13,8
4gt13_91,10,1,110,65,7,1,9
4gt13_91,10,1,110,65,7,2,9
4gt13_91,10,1,110,65,7,3,9
4gt13_91,10,1,110,65,7,4,9
4gt13_91,10,1,110,65,7,5,9
4gt13_91,10,1,110,65,7,6,9
4gt13_91,10,1,110,65,7,8,9
4gt13_91,10,1,110,65,7,9,9
4gt13_91,10,1,110,65,7,12,9
4gt13_91,10,1,110,65,7,13,9
4gt13_91,10,1,110,65,7,7,9
4gt13_91,10,1,110,65,7,15,9
4gt13_91,10,1,110,65,7,10,9
4gt13_91,10,1,110,65,7,11,9
4gt13_91,10,1,110,65,7,14,9
4gt13_91,10,1,110,64,7,1,10
4gt13_91,10,1,110,64,7,2,10
4gt13_91,10,1,110,64,7,3,10
4gt13_91,10,1,110,64,7,4,10
4gt13_91,10,1,110,64,7,10,10
4gt13_91,10,1,110,64,7,5,10
4gt13_91,10,1,110,64,7,6,10
4gt13_91,10,1,110,64,7,7,10
4gt13_91,10,1,110,64,7,8,10
4gt13_91,10,1,110,64,7,13,10
4gt13_91,10,1,110,64,7,9,10
4gt13_91,10,1,110,64,7,11,10
4gt13_91,10,1,110,64,7,15,10
4gt13_91,10,1,110,64,7,12,10
4gt13_91,10,1,110,64,7,14,10
4gt13_91,10,1,110,64,7,1,11
4gt13_91,10,1,110,64,7,2,11
4gt13_91,10,1,110,64,7,4,11
4gt13_91,10,1,110,64,7,7,11
4gt13_91,10,1,110,64,7,8,11
4gt13_91,10,1,110,64,7,9,11
4gt13_91,10,1,110,64,7,3,11
4gt13_91,10,1,110,64,7,5,11
4gt13_91,10,1,110,64,7,12,11
4gt13_91,10,1,110,64,7,6,11
4gt13_91,10,1,110,64,7,15,11
4gt13_91,10,1,110,64,7,10,11
4gt13_91,10,1,110,64,7,11,11
4gt13_91,10,1,110,64,7,13,11
4gt13_91,10,1,110,64,7,14,11
4gt13_91,10,1,107,62,4,2,12
4gt13_91,10,1,107,62,4,4,12
4gt13_91,10,1,107,62,4,5,12
4gt13_91,10,1,107,62,4,6,12
4gt13_91,10,1,107,62,4,7,12
4gt13_91,10,1,107,62,4,9,12
4gt13_91,10,1,107,62,4,1,12
4gt13_91,10,1,107,62,4,10,12
4gt13_91,10,1,107,62,4,3,12
4gt13_91,10,1,107,62,4,13,12
4gt13_91,10,1,107,62,4,15,12
4gt13_91,10,1,107,62,4,8,12
4gt13_91,10,1,107,62,4,11,12
4gt13_91,10,1,107,62,4,12,12
4gt13_91,10,1,107,62,4,14,12
4gt13_91,10,1,109,65,6,2,13
4gt13_91,10,1,109,65,6,3,13
4gt13_91,10,1,109,65,6,4,13
4gt13_91,10,1,109,65,6,5,13
4gt13_91,10,1,109,65,6,7,13
4gt13_91,10,1,109,65,6,1,13
4gt13_91,10,1,109,65,6,11,13
4gt13_91,10,1,109,65,6,6,13
4gt13_91,10,1,109,65,6,13,13
4gt13_91,10,1,109,65,6,14,13
4gt13_91,10,1,109,65,6,15,13
4gt13_91,10,1,109,65,6,8,13
4gt13_91,10,1,109,65,6,9,13
4gt13_91,10,1,109,65,6,10,13
4gt13_91,10,1,109,65,6,12,13
4gt13_91,10,1,109,63,6,2,14
4gt13_91,10,1,109,63,6,4,14
4gt13_91,10,1,109,63,6,5,14
4gt13_91,10,1,109,63,6,6,14
4gt13_91,10,1,109,63,6,1,14
4gt13_91,10,1,109,63,6,3,14
4gt13_91,10,1,109,63,6,12,14
4gt13_91,10,1,109,63,6,13,14
4gt13_91,10,1,109,63,6,14,14
4gt13_91,10,1,109,63,6,15,14
4gt13_91,10,1,109,63,6,7,14
4gt13_91,10,1,109,63,6,8,14
4gt13_91,10,1,109,63,6,9,14
4gt13_91,10,1,109,63,6,10,14
4gt13_91,10,1,109,63,6,11,14
4gt13_91,10,1,112,65,9,1,15
4gt13_91,10,1,112,65,9,5,15
4gt13_91,10,1,112,65,9,6,15
4gt13_91,10,1,112,65,9,7,15
4gt13_91,10,1,112,65,9,8,15
4gt13_91,10,1,112,65,9,9,15
4gt13_91,10,1,112,65,9,2,15
4gt13_91,10,1,112,64,9,3,15
4gt13_91,10,1,112,64,9,11,15
4gt13_91,10,1,112,65,9,4,15
4gt13_91,10,1,112,65,9,10,15
4gt13_91,10,1,112,65,9,12,15
4gt13_91,10,1,112,65,9,13,15
4gt13_91,10,1,112,65,9,14,15
4gt13_91,10,1,112,65,9,15,15
4gt13_91,10,1,110,64,7,3,16
4gt13_91,10,1,110,64,7,4,16
4gt13_91,10,1,110,64,7,2,16
4gt13_91,10,1,110,64,7,5,16
4gt13_91,10,1,110,64,7,6,16
4gt13_91,10,1,110,64,7,1,16
4gt13_91,10,1,110,64,7,7,16
4gt13_91,10,1,110,64,7,8,16
4gt13_91,10,1,110,64,7,10,16
4gt13_91,10,1,110,64,7,14,16
4gt13_91,10,1,110,64,7,9,16
4gt13_91,10,1,110,64,7,11,16
4gt13_91,10,1,110,64,7,12,16
4gt13_91,10,1,110,64,7,13,16
4gt13_91,10,1,110,64,7,15,16
4gt13_91,10,1,111,64,8,2,17
4gt13_91,10,1,111,64,8,3,17
4gt13_91,10,1,111,64,8,4,17
4gt13_91,10,1,111,64,8,5,17
4gt13_91,10,1,111,64,8,6,17
4gt13_91,10,1,111,64,8,1,17
4gt13_91,10,1,111,64,8,13,17
4gt13_91,10,1,111,64,8,14,17
4gt13_91,10,1,111,64,8,7,17
4gt13_91,10,1,111,64,8,15,17
4gt13_91,10,1,111,64,8,8,17
4gt13_91,10,1,111,64,8,9,17
4gt13_91,10,1,111,64,8,10,17
4gt13_91,10,1,111,64,8,11,17
4gt13_91,10,1,111,64,8,12,17
4gt13_91,10,1,110,64,7,1,18
4gt13_91,10,1,110,64,7,2,18
4gt13_91,10,1,110,64,7,5,18
4gt13_91,10,1,110,64,7,6,18
4gt13_91,10,1,110,64,7,8,18
4gt13_91,10,1,110,64,7,3,18
4gt13_91,10,1,110,64,7,10,18
4gt13_91,10,1,110,64,7,4,18
4gt13_91,10,1,110,64,7,13,18
4gt13_91,10,1,110,64,7,7,18
4gt13_91,10,1,110,64,7,9,18
4gt13_91,10,1,110,64,7,11,18
4gt13_91,10,1,110,64,7,12,18
4gt13_91,10,1,110,64,7,14,18
4gt13_91,10,1,110,64,7,15,18
4gt13_91,10,1,110,66,7,2,19
4gt13_91,10,1,110,66,7,1,19
4gt13_91,10,1,110,66,7,9,19
4gt13_91,10,1,110,66,7,8,19
4gt13_91,10,1,110,66,7,3,19
4gt13_91,10,1,110,66,7,4,19
4gt13_91,10,1,110,66,7,5,19
4gt13_91,10,1,110,66,7,6,19
4gt13_91,10,1,110,66,7,7,19
4gt13_91,10,1,110,66,7,15,19
4gt13_91,10,1,110,66,7,10,19
4gt13_91,10,1,110,66,7,11,19
4gt13_91,10,1,110,66,7,12,19
4gt13_91,10,1,110,66,7,13,19
4gt13_91,10,1,110,66,7,14,19
4gt13_91,10,1,110,63,7,1,20
4gt13_91,10,1,110,63,7,6,20
4gt13_91,10,1,110,63,7,7,20
4gt13_91,10,1,110,63,7,8,20
4gt13_91,10,1,110,63,7,2,20
4gt13_91,10,1,110,63,7,3,20
4gt13_91,10,1,110,63,7,4,20
4gt13_91,10,1,110,63,7,5,20
4gt13_91,10,1,110,63,7,15,20
4gt13_91,10,1,110,63,7,9,20
4gt13_91,10,1,110,63,7,10,20
4gt13_91,10,1,110,63,7,11,20
4gt13_91,10,1,110,63,7,12,20
4gt13_91,10,1,110,63,7,13,20
4gt13_91,10,1,110,63,7,14,20
4gt13_91,10,1,111,66,8,2,21
4gt13_91,10,1,111,66,8,1,21
4gt13_91,10,1,111,66,8,3,21
4gt13_91,10,1,111,66,8,4,21
4gt13_91,10,1,111,66,8,5,21
4gt13_91,10,1,111,66,8,6,21
4gt13_91,10,1,111,66,8,7,21
4gt13_91,10,1,111,66,8,8,21
4gt13_91,10,1,111,66,8,14,21
4gt13_91,10,1,111,66,8,9,21
4gt13_91,10,1,111,66,8,10,21
4gt13_91,10,1,111,66,8,11,21
4gt13_91,10,1,111,66,8,12,21
4gt13_91,10,1,111,66,8,13,21
4gt13_91,10,1,111,66,8,15,21
4gt13_91,10,1,120,78,17,2,22
4gt13_91,10,1,120,77,17,3,22
4gt13_91,10,1,120,76,17,4,22
4gt13_91,10,1,120,80,17,5,22
4gt13_91,10,1,120,73,17,6,22
4gt13_91,10,1,120,75,17,1,22
4gt13_91,10,1,120,74,17,11,22
4gt13_91,10,1,120,79,17,13,22
4gt13_91,10,1,120,75,17,7,22
4gt13_91,10,1,120,78,17,8,22
4gt13_91,10,1,120,78,17,9,22
4gt13_91,10,1,120,81,17,10,22
4gt13_91,10,1,120,75,17,12,22
4gt13_91,10,1,120,78,17,14,22
4gt13_91,10,1,120,79,17,15,22
4gt13_91,10,1,110,64,7,1,23
4gt13_91,10,1,110,65,7,2,23
4gt13_91,10,1,110,65,7,3,23
4gt13_91,10,1,110,65,7,4,23
4gt13_91,10,1,110,65,7,5,23
4gt13_91,10,1,110,64,7,6,23
4gt13_91,10,1,110,65,7,10,23
4gt13_91,10,1,110,65,7,12,23
4gt13_91,10,1,110,65,7,7,23
4gt13_91,10,1,110,64,7,14,23
4gt13_91,10,1,110,65,7,15,23
4gt13_91,10,1,110,65,7,8,23
4gt13_91,10,1,110,65,7,9,23
4gt13_91,10,1,110,64,7,11,23
4gt13_91,10,1,110,65,7,13,23
4gt13_91,10,1,108,63,5,2,24
4gt13_91,10,1,108,63,5,3,24
4gt13_91,10,1,108,63,5,5,24
4gt13_91,10,1,108,63,5,1,24
4gt13_91,10,1,108,63,5,9,24
4gt13_91,10,1,108,63,5,10,24
4gt13_91,10,1,108,63,5,4,24
4gt13_91,10,1,108,63,5,11,24
4gt13_91,10,1,108,63,5,6,24
4gt13_91,10,1,108,63,5,14,24
4gt13_91,10,1,108,63,5,7,24
4gt13_91,10,1,108,63,5,8,24
4gt13_91,10,1,108,63,5,12,24
4gt13_91,10,1,108,63,5,13,24
4gt13_91,10,1,108,63,5,15,24
4gt13_91,10,1,113,66,10,3,25
4gt13_91,10,1,113,66,10,7,25
4gt13_91,10,1,112,65,9,8,25
4gt13_91,10,1,113,66,10,1,25
4gt13_91,10,1,112,65,9,9,25
4gt13_91,10,1,112,65,9,2,25
4gt13_91,10,1,112,65,9,4,25
4gt13_91,10,1,113,66,10,5,25
4gt13_91,10,1,112,65,9,10,25
4gt13_91,10,1,113,66,10,6,25
4gt13_91,10,1,112,65,9,13,25
4gt13_91,10,1,112,65,9,11,25
4gt13_91,10,1,113,66,10,12,25
4gt13_91,10,1,112,65,9,14,25
4gt13_91,10,1,113,66,10,15,25
4gt13_91,10,1,109,64,6,4,26
4gt13_91,10,1,109,64,6,6,26
4gt13_91,10,1,109,64,6,3,26
4gt13_91,10,1,109,64,6,1,26
4gt13_91,10,1,109,64,6,2,26
4gt13_91,10,1,109,64,6,5,26
4gt13_91,10,1,109,64,6,7,26
4gt13_91,10,1,109,64,6,8,26
4gt13_91,10,1,109,64,6,9,26
4gt13_91,10,1,109,64,6,10,26
4gt13_91,10,1,109,64,6,11,26
4gt13_91,10,1,109,64,6,15,26
4gt13_91,10,1,109,64,6,12,26
4gt13_91,10,1,109,64,6,13,26
4gt13_91,10,1,109,64,6,14,26
4gt13_91,10,1,112,67,9,1,27
4gt13_91,10,1,112,67,9,2,27
4gt13_91,10,1,112,67,9,4,27
4gt13_91,10,1,112,67,9,5,27
4gt13_91,10,1,112,67,9,6,27
4gt13_91,10,1,112,67,9,7,27
4gt13_91,10,1,112,67,9,8,27
4gt13_91,10,1,112,67,9,3,27
4gt13_91,10,1,112,67,9,14,27
4gt13_91,10,1,112,67,9,9,27
4gt13_91,10,1,112,67,9,10,27
4gt13_91,10,1,112,67,9,11,27
4gt13_91,10,1,112,67,9,12,27
4gt13_91,10,1,112,67,9,13,27
4gt13_91,10,1,112,67,9,15,27
4gt13_91,10,1,109,66,6,2,28
4gt13_91,10,1,109,66,6,3,28
4gt13_91,10,1,109,66,6,5,28
4gt13_91,10,1,109,66,6,1,28
4gt13_91,10,1,109,66,6,4,28
4gt13_91,10,1,109,66,6,11,28
4gt13_91,10,1,109,66,6,6,28
4gt13_91,10,1,109,66,6,13,28
4gt13_91,10,1,109,66,6,7,28
4gt13_91,10,1,109,66,6,8,28
4gt13_91,10,1,109,66,6,9,28
4gt13_91,10,1,109,66,6,10,28
4gt13_91,10,1,109,66,6,12,28
4gt13_91,10,1,109,66,6,14,28
4gt13_91,10,1,109,66,6,15,28
4gt13_91,10,1,115,70,12,1,29
4gt13_91,10,1,115,70,12,2,29
4gt13_91,10,1,115,70,12,3,29
4gt13_91,10,1,115,69,12,4,29
4gt13_91,10,1,115,68,12,12,29
4gt13_91,10,1,115,68,12,6,29
4gt13_91,10,1,115,70,12,13,29
4gt13_91,10,1,115,68,12,7,29
4gt13_91,10,1,115,70,12,5,29
4gt13_91,10,1,115,70,12,14,29
4gt13_91,10,1,115,70,12,8,29
4gt13_91,10,1,115,70,12,10,29
4gt13_91,10,1,115,68,12,9,29
4gt13_91,10,1,115,70,12,11,29
4gt13_91,10,1,115,68,12,15,29
4gt13_91,10,1,112,65,9,1,30
4gt13_91,10,1,112,65,9,2,30
4gt13_91,10,1,112,67,9,3,30
4gt13_91,10,1,112,65,9,4,30
4gt13_91,10,1,112,65,9,5,30
4gt13_91,10,1,112,65,9,10,30
4gt13_91,10,1,112,67,9,12,30
4gt13_91,10,1,112,65,9,6,30
4gt13_91,10,1,112,67,9,11,30
4gt13_91,10,1,112,67,9,7,30
4gt13_91,10,1,112,65,9,8,30
4gt13_91,10,1,112,65,9,9,30
4gt13_91,10,1,112,65,9,13,30
4gt13_91,10,1,112,65,9,14,30
4gt13_91,10,1,112,65,9,15,30
4gt13_91,10,1,109,66,6,4,31
4gt13_91,10,1,109,66,6,8,31
4gt13_91,10,1,109,65,6,1,31
4gt13_91,10,1,109,66,6,2,31
4gt13_91,10,1,109,66,6,3,31
4gt13_91,10,1,109,66,6,10,31
4gt13_91,10,1,109,66,6,5,31
4gt13_91,10,1,109,66,6,6,31
4gt13_91,10,1,109,65,6,11,31
4gt13_91,10,1,109,66,6,7,31
4gt13_91,10,1,109,66,6,13,31
4gt13_91,10,1,109,65,6,9,31
4gt13_91,10,1,109,66,6,12,31
4gt13_91,10,1,109,66,6,14,31
4gt13_91,10,1,109,66,6,15,31
4gt13_91,10,1,111,65,8,3,32
4gt13_91,10,1,111,65,8,1,32
4gt13_91,10,1,111,64,8,2,32
4gt13_91,10,1,111,64,8,7,32
4gt13_91,10,1,111,64,8,8,32
4gt13_91,10,1,111,64,8,4,32
4gt13_91,10,1,111,65,8,5,32
4gt13_91,10,1,111,65,8,6,32
4gt13_91,10,1,111,64,8,14,32
4gt13_91,10,1,111,65,8,10,32
4gt13_91,10,1,111,64,8,9,32
4gt13_91,10,1,111,64,8,11,32
4gt13_91,10,1,111,64,8,12,32
4gt13_91,10,1,111,64,8,13,32
4gt13_91,10,1,111,64,8,15,32
4gt13_91,10,1,110,65,7,3,33
4gt13_91,10,1,110,65,7,4,33
4gt13_91,10,1,110,65,7,7,33
4gt13_91,10,1,110,65,7,8,33
4gt13_91,10,1,110,65,7,9,33
4gt13_91,10,1,110,65,7,1,33
4gt13_91,10,1,110,65,7,2,33
4gt13_91,10,1,110,65,7,12,33
4gt13_91,10,1,110,65,7,5,33
4gt13_91,10,1,110,65,7,6,33
4gt13_91,10,1,110,65,7,14,33
4gt13_91,10,1,110,65,7,10,33
4gt13_91,10,1,110,65,7,15,33
4gt13_91,10,1,110,65,7,11,33
4gt13_91,10,1,110,65,7,13,33
4gt13_91,10,1,109,63,6,2,34
4gt13_91,10,1,109,63,6,3,34
4gt13_91,10,1,109,63,6,4,34
4gt13_91,10,1,109,63,6,5,34
4gt13_91,10,1,109,63,6,6,34
4gt13_91,10,1,109,63,6,7,34
4gt13_91,10,1,109,63,6,9,34
4gt13_91,10,1,109,63,6,1,34
4gt13_91,10,1,109,63,6,11,34
4gt13_91,10,1,109,63,6,12,34
4gt13_91,10,1,109,63,6,13,34
4gt13_91,10,1,109,63,6,8,34
4gt13_91,10,1,109,63,6,10,34
4gt13_91,10,1,109,63,6,14,34
4gt13_91,10,1,109,63,6,15,34
4gt13_91,10,1,113,68,10,3,35
4gt13_91,10,1,113,69,10,4,35
4gt13_91,10,1,113,69,10,5,35
4gt13_91,10,1,113,69,10,6,35
4gt13_91,10,1,113,68,10,8,35
4gt13_91,10,1,113,68,10,7,35
4gt13_91,10,1,113,68,10,9,35
4gt13_91,10,1,113,69,10,1,35
4gt13_91,10,1,113,68,10,2,35
4gt13_91,10,1,113,67,10,11,35
4gt13_91,10,1,113,67,10,13,35
4gt13_91,10,1,113,68,10,10,35
4gt13_91,10,1,113,68,10,12,35
4gt13_91,10,1,113,67,10,14,35
4gt13_91,10,1,113,67,10,15,35
4gt13_91,10,1,111,66,8,1,36
4gt13_91,10,1,111,66,8,3,36
4gt13_91,10,1,111,65,8,6,36
4gt13_91,10,1,111,66,8,7,36
4gt13_91,10,1,111,66,8,8,36
4gt13_91,10,1,111,64,8,2,36
4gt13_91,10,1,111,66,8,12,36
4gt13_91,10,1,111,66,8,11,36
4gt13_91,10,1,111,66,8,4,36
4gt13_91,10,1,111,65,8,5,36
4gt13_91,10,1,111,65,8,14,36
4gt13_91,10,1,111,65,8,15,36
4gt13_91,10,1,111,66,8,9,36
4gt13_91,10,1,111,65,8,10,36
4gt13_91,10,1,111,66,8,13,36
4gt13_91,10,1,109,63,6,1,37
4gt13_91,10,1,109,63,6,2,37
4gt13_91,10,1,109,63,6,3,37
4gt13_91,10,1,109,63,6,4,37
4gt13_91,10,1,109,63,6,5,37
4gt13_91,10,1,109,63,6,6,37
4gt13_91,10,1,109,63,6,7,37
4gt13_91,10,1,109,63,6,10,37
4gt13_91,10,1,109,63,6,8,37
4gt13_91,10,1,109,63,6,9,37
4gt13_91,10,1,109,63,6,13,37
4gt13_91,10,1,109,63,6,11,37
4gt13_91,10,1,109,63,6,12,37
4gt13_91,10,1,109,63,6,14,37
4gt13_91,10,1,109,63,6,15,37
4gt13_91,10,1,110,66,7,5,38
4gt13_91,10,1,110,66,7,6,38
4gt13_91,10,1,110,66,7,7,38
4gt13_91,10,1,110,66,7,8,38
4gt13_91,10,1,110,66,7,9,38
4gt13_91,10,1,110,66,7,1,38
4gt13_91,10,1,110,66,7,2,38
4gt13_91,10,1,110,66,7,3,38
4gt13_91,10,1,110,66,7,11,38
4gt13_91,10,1,110,66,7,4,38
4gt13_91,10,1,110,66,7,13,38
4gt13_91,10,1,110,66,7,10,38
4gt13_91,10,1,110,66,7,12,38
4gt13_91,10,1,110,66,7,14,38
4gt13_91,10,1,110,66,7,15,38
4gt13_91,10,1,111,67,8,5,39
4gt13_91,10,1,111,67,8,6,39
4gt13_91,10,1,111,68,8,7,39
4gt13_91,10,1,111,66,8,8,39
4gt13_91,10,1,111,67,8,9,39
4gt13_91,10,1,111,66,8,1,39
4gt13_91,10,1,111,66,8,2,39
4gt13_91,10,1,111,66,8,3,39
4gt13_91,10,1,111,66,8,11,39
4gt13_91,10,1,111,67,8,12,39
4gt13_91,10,1,111,67,8,4,39
4gt13_91,10,1,111,68,8,13,39
4gt13_91,10,1,111,66,8,14,39
4gt13_91,10,1,111,66,8,15,39
4gt13_91,10,1,111,66,8,10,39
4gt13_91,10,1,110,65,7,4,40
4gt13_91,10,1,110,65,7,5,40
4gt13_91,10,1,110,65,7,3,40
4gt13_91,10,1,110,65,7,6,40
4gt13_91,10,1,110,65,7,7,40
4gt13_91,10,1,110,65,7,8,40
4gt13_91,10,1,110,65,7,1,40
4gt13_91,10,1,110,65,7,2,40
4gt13_91,10,1,110,65,7,10,40
4gt13_91,10,1,110,65,7,11,40
4gt13_91,10,1,110,65,7,13,40
4gt13_91,10,1,110,65,7,14,40
4gt13_91,10,1,110,65,7,9,40
4gt13_91,10,1,110,65,7,12,40
4gt13_91,10,1,110,65,7,15,40
4gt13_91,10,1,110,66,7,1,41
4gt13_91,10,1,110,66,7,2,41
4gt13_91,10,1,110,66,7,3,41
4gt13_91,10,1,110,66,7,4,41
4gt13_91,10,1,110,66,7,5,41
4gt13_91,10,1,110,66,7,11,41
4gt13_91,10,1,110,66,7,12,41
4gt13_91,10,1,110,66,7,13,41
4gt13_91,10,1,110,66,7,6,41
4gt13_91,10,1,110,66,7,7,41
4gt13_91,10,1,110,66,7,8,41
4gt13_91,10,1,110,66,7,9,41
4gt13_91,10,1,110,66,7,10,41
4gt13_91,10,1,110,66,7,14,41
4gt13_91,10,1,110,66,7,15,41
4gt13_91,10,1,108,63,5,1,42
4gt13_91,10,1,108,63,5,8,42
4gt13_91,10,1,108,63,5,2,42
4gt13_91,10,1,108,63,5,3,42
4gt13_91,10,1,108,63,5,4,42
4gt13_91,10,1,108,63,5,11,42
4gt13_91,10,1,108,63,5,5,42
4gt13_91,10,1,108,63,5,6,42
4gt13_91,10,1,108,63,5,13,42
4gt13_91,10,1,108,63,5,7,42
4gt13_91,10,1,108,63,5,9,42
4gt13_91,10,1,108,63,5,10,42
4gt13_91,10,1,108,63,5,12,42
4gt13_91,10,1,108,63,5,14,42
4gt13_91,10,1,108,63,5,15,42
4gt13_91,10,1,111,66,8,1,43
4gt13_91,10,1,111,65,8,2,43
4gt13_91,10,1,111,66,8,3,43
4gt13_91,10,1,111,66,8,4,43
4gt13_91,10,1,111,65,8,5,43
4gt13_91,10,1,111,65,8,6,43
4gt13_91,10,1,111,66,8,7,43
4gt13_91,10,1,111,65,8,11,43
4gt13_91,10,1,111,66,8,9,43
4gt13_91,10,1,111,65,8,8,43
4gt13_91,10,1,111,65,8,10,43
4gt13_91,10,1,111,65,8,12,43
4gt13_91,10,1,111,65,8,13,43
4gt13_91,10,1,111,66,8,15,43
4gt13_91,10,1,111,66,8,14,43
4gt13_91,10,1,113,70,10,1,44
4gt13_91,10,1,113,68,10,2,44
4gt13_91,10,1,113,68,10,3,44
4gt13_91,10,1,113,68,10,4,44
4gt13_91,10,1,113,68,10,5,44
4gt13_91,10,1,113,69,10,6,44
4gt13_91,10,1,113,69,10,8,44
4gt13_91,10,1,113,67,10,10,44
4gt13_91,10,1,113,68,10,12,44
4gt13_91,10,1,113,69,10,14,44
4gt13_91,10,1,113,68,10,7,44
4gt13_91,10,1,113,68,10,9,44
4gt13_91,10,1,113,69,10,11,44
4gt13_91,10,1,113,69,10,13,44
4gt13_91,10,1,113,69,10,15,44
4gt13_91,10,1,111,65,8,1,45
4gt13_91,10,1,111,65,8,2,45
4gt13_91,10,1,111,65,8,3,45
4gt13_91,10,1,111,65,8,6,45
4gt13_91,10,1,111,64,8,4,45
4gt13_91,10,1,111,64,8,10,45
4gt13_91,10,1,111,64,8,5,45
4gt13_91,10,1,111,65,8,7,45
4gt13_91,10,1,111,64,8,15,45
4gt13_91,10,1,111,65,8,8,45
4gt13_91,10,1,111,65,8,9,45
4gt13_91,10,1,111,65,8,11,45
4gt13_91,10,1,111,65,8,12,45
4gt13_91,10,1,111,65,8,13,45
4gt13_91,10,1,111,65,8,14,45
4gt13_91,10,1,109,65,6,1,46
4gt13_91,10,1,109,65,6,2,46
4gt13_91,10,1,109,65,6,3,46
4gt13_91,10,1,109,65,6,4,46
4gt13_91,10,1,109,65,6,5,46
4gt13_91,10,1,109,65,6,6,46
4gt13_91,10,1,109,65,6,7,46
4gt13_91,10,1,109,65,6,8,46
4gt13_91,10,1,109,65,6,10,46
4gt13_91,10,1,109,65,6,11,46
4gt13_91,10,1,109,65,6,9,46
4gt13_91,10,1,109,65,6,12,46
4gt13_91,10,1,109,65,6,13,46
4gt13_91,10,1,109,65,6,14,46
4gt13_91,10,1,109,65,6,15,46
4gt13_91,10,1,113,68,10,2,47
4gt13_91,10,1,113,67,10,3,47
4gt13_91,10,1,113,68,10,5,47
4gt13_91,10,1,113,68,10,6,47
4gt13_91,10,1,113,68,10,7,47
4gt13_91,10,1,113,68,10,1,47
4gt13_91,10,1,113,69,10,4,47
4gt13_91,10,1,113,69,10,11,47
4gt13_91,10,1,113,70,10,12,47
4gt13_91,10,1,113,68,10,13,47
4gt13_91,10,1,113,69,10,15,47
4gt13_91,10,1,113,68,10,8,47
4gt13_91,10,1,113,67,10,9,47
4gt13_91,10,1,113,69,10,10,47
4gt13_91,10,1,113,70,10,14,47
4gt13_91,10,1,110,64,7,1,48
4gt13_91,10,1,110,64,7,2,48
4gt13_91,10,1,110,64,7,3,48
4gt13_91,10,1,110,64,7,4,48
4gt13_91,10,1,110,64,7,5,48
4gt13_91,10,1,110,64,7,6,48
4gt13_91,10,1,110,64,7,8,48
4gt13_91,10,1,110,64,7,13,48
4gt13_91,10,1,110,64,7,7,48
4gt13_91,10,1,110,64,7,15,48
4gt13_91,10,1,110,64,7,9,48
4gt13_91,10,1,110,64,7,10,48
4gt13_91,10,1,110,64,7,11,48
4gt13_91,10,1,110,64,7,12,48
4gt13_91,10,1,110,64,7,14,48
4gt13_91,10,1,110,66,7,1,49
4gt13_91,10,1,110,66,7,2,49
4gt13_91,10,1,110,66,7,6,49
4gt13_91,10,1,110,66,7,8,49
4gt13_91,10,1,110,66,7,3,49
4gt13_91,10,1,110,66,7,4,49
4gt13_91,10,1,110,66,7,5,49
4gt13_91,10,1,110,66,7,7,49
4gt13_91,10,1,110,66,7,12,49
4gt13_91,10,1,110,66,7,9,49
4gt13_91,10,1,110,66,7,10,49
4gt13_91,10,1,110,66,7,11,49
4gt13_91,10,1,110,66,7,13,49
4gt13_91,10,1,110,66,7,15,49
4gt13_91,10,1,110,66,7,14,49
4gt13_91,10,1,111,65,8,1,50
4gt13_91,10,1,111,65,8,2,50
4gt13_91,10,1,111,65,8,3,50
4gt13_91,10,1,111,65,8,4,50
4gt13_91,10,1,111,65,8,10,50
4gt13_91,10,1,111,65,8,5,50
4gt13_91,10,1,111,65,8,6,50
4gt13_91,10,1,111,65,8,13,50
4gt13_91,10,1,111,65,8,14,50
4gt13_91,10,1,111,65,8,7,50
4gt13_91,10,1,111,65,8,8,50
4gt13_91,10,1,111,65,8,9,50
4gt13_91,10,1,111,65,8,11,50
4gt13_91,10,1,111,65,8,12,50
4gt13_91,10,1,111,65,8,15,50
0410184_169,10,1,246,136,35,1,0
0410184_169,10,1,246,133,35,3,0
0410184_169,10,1,244,139,33,4,0
0410184_169,10,1,245,132,34,5,0
0410184_169,10,1,245,136,34,10,0
0410184_169,10,1,248,133,37,2,0
0410184_169,10,1,249,138,38,13,0
0410184_169,10,1,246,131,35,6,0
0410184_169,10,1,245,142,34,7,0
0410184_169,10,1,245,127,34,8,0
0410184_169,10,1,246,139,35,9,0
0410184_169,10,1,242,123,31,11,0
0410184_169,10,1,246,137,35,12,0
0410184_169,10,1,247,135,36,14,0
0410184_169,10,1,246,133,35,15,0
0410184_169,10,1,242,121,31,1,1
0410184_169,10,1,243,134,32,3,1
0410184_169,10,1,243,126,32,5,1
0410184_169,10,1,241,131,30,2,1
0410184_169,10,1,244,125,33,4,1
0410184_169,10,1,242,129,31,11,1
0410184_169,10,1,243,127,32,13,1
0410184_169,10,1,239,124,28,6,1
0410184_169,10,1,241,130,30,7,1
0410184_169,10,1,242,125,31,8,1
0410184_169,10,1,237,122,26,9,1
0410184_169,10,1,244,127,33,10,1
0410184_169,10,1,242,130,31,12,1
0410184_169,10,1,243,126,32,14,1
0410184_169,10,1,242,122,31,15,1
0410184_169,10,1,241,127,30,1,2
0410184_169,10,1,239,129,28,3,2
0410184_169,10,1,243,125,32,4,2
0410184_169,10,1,241,129,30,5,2
0410184_169,10,1,243,132,32,7,2
0410184_169,10,1,242,126,31,2,2
0410184_169,10,1,240,131,29,6,2
0410184_169,10,1,242,132,31,14,2
0410184_169,10,1,243,135,32,8,2
0410184_169,10,1,239,124,28,9,2
0410184_169,10,1,241,129,30,10,2
0410184_169,10,1,242,120,31,11,2
0410184_169,10,1,242,123,31,12,2
0410184_169,10,1,242,123,31,13,2
0410184_169,10,1,243,122,32,15,2
0410184_169,10,1,242,123,31,1,3
0410184_169,10,1,242,123,31,2,3
0410184_169,10,1,245,126,34,3,3
0410184_169,10,1,243,123,32,4,3
0410184_169,10,1,243,127,32,6,3
0410184_169,10,1,242,133,31,5,3
0410184_169,10,1,247,131,36,12,3
0410184_169,10,1,241,129,30,14,3
0410184_169,10,1,244,130,33,7,3
0410184_169,10,1,246,136,35,15,3
0410184_169,10,1,240,129,29,8,3
0410184_169,10,1,240,123,29,9,3
0410184_169,10,1,242,130,31,10,3
0410184_169,10,1,241,121,30,11,3
0410184_169,10,1,247,136,36,13,3
0410184_169,10,1,238,128,27,2,4
0410184_169,10,1,246,125,35,3,4
0410184_169,10,1,247,127,36,4,4
0410184_169,10,1,245,127,34,6,4
0410184_169,10,1,246,125,35,7,4
0410184_169,10,1,249,127,38,8,4
0410184_169,10,1,249,125,38,1,4
0410184_169,10,1,248,129,37,11,4
0410184_169,10,1,249,133,38,12,4
0410184_169,10,1,246,118,35,5,4
0410184_169,10,1,247,124,36,15,4
0410184_169,10,1,248,122,37,9,4
0410184_169,10,1,250,118,39,13,4
0410184_169,10,1,249,123,38,10,4
0410184_169,10,1,249,127,38,14,4
0410184_169,10,1,241,130,30,1,5
0410184_169,10,1,243,126,32,2,5
0410184_169,10,1,239,127,28,4,5
0410184_169,10,1,241,126,30,5,5
0410184_169,10,1,237,121,26,8,5
0410184_169,10,1,242,126,31,3,5
0410184_169,10,1,242,128,31,10,5
0410184_169,10,1,241,129,30,6,5
0410184_169,10,1,240,123,29,7,5
0410184_169,10,1,242,121,31,12,5
0410184_169,10,1,240,121,29,9,5
0410184_169,10,1,238,121,27,11,5
0410184_169,10,1,242,122,31,13,5
0410184_169,10,1,240,127,29,14,5
0410184_169,10,1,241,121,30,15,5
0410184_169,10,1,238,117,27,1,6
0410184_169,10,1,241,121,30,5,6
0410184_169,10,1,240,125,29,9,6
0410184_169,10,1,238,122,27,2,6
0410184_169,10,1,239,132,28,3,6
0410184_169,10,1,236,114,25,4,6
0410184_169,10,1,240,127,29,12,6
0410184_169,10,1,238,121,27,6,6
0410184_169,10,1,239,120,28,7,6
0410184_169,10,1,239,130,28,15,6
0410184_169,10,1,240,123,29,8,6
0410184_169,10,1,239,127,28,10,6
0410184_169,10,1,239,122,28,11,6
0410184_169,10,1,238,123,27,13,6
0410184_169,10,1,236,124,25,14,6
0410184_169,10,1,244,129,33,6,7
0410184_169,10,1,244,126,33,1,7
0410184_169,10,1,239,124,28,7,7
0410184_169,10,1,243,131,32,8,7
0410184_169,10,1,244,128,33,2,7
0410184_169,10,1,244,130,33,10,7
0410184_169,10,1,241,124,30,3,7
0410184_169,10,1,236,122,25,4,7
0410184_169,10,1,238,122,27,9,7
0410184_169,10,1,245,140,34,5,7
0410184_169,10,1,244,133,33,13,7
0410184_169,10,1,240,127,29,11,7
0410184_169,10,1,243,127,32,12,7
0410184_169,10,1,234,117,23,14,7
0410184_169,10,1,242,127,31,15,7
0410184_169,10,1,242,128,31,1,8
0410184_169,10,1,245,138,34,2,8
0410184_169,10,1,245,124,34,3,8
0410184_169,10,1,245,130,34,4,8
0410184_169,10,1,244,128,33,5,8
0410184_169,10,1,245,117,34,9,8
0410184_169,10,1,246,132,35,13,8
0410184_169,10,1,244,123,33,6,8
0410184_169,10,1,246,123,35,14,8
0410184_169,10,1,244,135,33,7,8
0410184_169,10,1,244,130,33,8,8
0410184_169,10,1,238,117,27,10,8
0410184_169,10,1,245,133,34,11,8
0410184_169,10,1,246,119,35,12,8
0410184_169,10,1,244,131,33,15,8
0410184_169,10,1,234,122,23,3,9
0410184_169,10,1,232,118,21,4,9
0410184_169,10,1,238,118,27,6,9
0410184_169,10,1,233,124,22,7,9
0410184_169,10,1,236,125,25,1,9
0410184_169,10,1,241,126,30,10,9
0410184_169,10,1,234,118,23,11,9
0410184_169,10,1,241,129,30,2,9
0410184_169,10,1,235,125,24,5,9
0410184_169,10,1,239,124,28,8,9
0410184_169,10,1,241,119,30,9,9
0410184_169,10,1,236,128,25,12,9
0410184_169,10,1,239,117,28,13,9
0410184_169,10,1,237,126,26,14,9
0410184_169,10,1,242,130,31,15,9
0410184_169,10,1,240,125,29,2,10
0410184_169,10,1,240,119,29,1,10
0410184_169,10,1,238,126,27,5,10
0410184_169,10,1,239,134,28,6,10
0410184_169,10,1,233,126,22,3,10
0410184_169,10,1,239,131,28,4,10
0410184_169,10,1,234,123,23,13,10
0410184_169,10,1,233,118,22,7,10
0410184_169,10,1,236,121,25,15,10
0410184_169,10,1,241,130,30,8,10
0410184_169,10,1,242,128,31,9,10
0410184_169,10,1,241,132,30,10,10
0410184_169,10,1,240,126,29,11,10
0410184_169,10,1,237,125,26,12,10
0410184_169,10,1,239,130,28,14,10
0410184_169,10,1,241,129,30,2,11
0410184_169,10,1,235,123,24,4,11
0410184_169,10,1,237,121,26,1,11
0410184_169,10,1,235,128,24,9,11
0410184_169,10,1,238,130,27,3,11
0410184_169,10,1,235,120,24,5,11
0410184_169,10,1,242,127,31,6,11
0410184_169,10,1,239,127,28,14,11
0410184_169,10,1,233,128,22,7,11
0410184_169,10,1,235,125,24,10,11
0410184_169,10,1,237,125,26,8,11
0410184_169,10,1,233,124,22,11,11
0410184_169,10,1,237,126,26,12,11
0410184_169,10,1,235,117,24,13,11
0410184_169,10,1,238,123,27,15,11
0410184_169,10,1,234,120,23,1,12
0410184_169,10,1,230,110,19,2,12
0410184_169,10,1,236,129,25,3,12
0410184_169,10,1,230,115,19,4,12
0410184_169,10,1,238,125,27,5,12
0410184_169,10,1,231,108,20,7,12
0410184_169,10,1,237,116,26,10,12
0410184_169,10,1,236,126,25,11,12
0410184_169,10,1,237,119,26,12,12
0410184_169,10,1,237,123,26,6,12
0410184_169,10,1,237,124,26,8,12
0410184_169,10,1,237,114,26,9,12
0410184_169,10,1,238,129,27,15,12
0410184_169,10,1,232,117,21,13,12
0410184_169,10,1,236,129,25,14,12
0410184_169,10,1,232,120,21,1,13
0410184_169,10,1,230,117,19,2,13
0410184_169,10,1,232,122,21,3,13
0410184_169,10,1,231,121,20,6,13
0410184_169,10,1,231,119,20,7,13
0410184_169,10,1,232,119,21,10,13
0410184_169,10,1,233,120,22,4,13
0410184_169,10,1,231,117,20,5,13
0410184_169,10,1,231,120,20,15,13
0410184_169,10,1,233,125,22,8,13
0410184_169,10,1,234,123,23,9,13
0410184_169,10,1,232,120,21,11,13
0410184_169,10,1,232,120,21,12,13
0410184_169,10,1,233,120,22,13,13
0410184_169,10,1,233,122,22,14,13
0410184_169,10,1,244,125,33,1,14
0410184_169,10,1,243,122,32,2,14
0410184_169,10,1,245,127,34,3,14
0410184_169,10,1,246,123,35,4,14
0410184_169,10,1,244,128,33,5,14
0410184_169,10,1,247,129,36,7,14
0410184_169,10,1,246,135,35,9,14
0410184_169,10,1,249,141,38,11,14
0410184_169,10,1,246,130,35,10,14
0410184_169,10,1,246,132,35,12,14
0410184_169,10,1,243,125,32,14,14
0410184_169,10,1,246,130,35,6,14
0410184_169,10,1,246,136,35,15,14
0410184_169,10,1,248,136,37,8,14
0410184_169,10,1,244,127,33,13,14
0410184_169,10,1,247,127,36,1,15
0410184_169,10,1,241,128,30,2,15
0410184_169,10,1,246,128,35,3,15
0410184_169,10,1,246,132,35,4,15
0410184_169,10,1,241,127,30,5,15
0410184_169,10,1,248,126,37,6,15
0410184_169,10,1,239,123,28,7,15
0410184_169,10,1,241,129,30,9,15
0410184_169,10,1,246,130,35,12,15
0410184_169,10,1,246,126,35,15,15
0410184_169,10,1,247,129,36,8,15
0410184_169,10,1,242,126,31,10,15
0410184_169,10,1,247,129,36,11,15
0410184_169,10,1,243,125,32,13,15
0410184_169,10,1,245,126,34,14,15
0410184_169,10,1,245,125,34,1,16
0410184_169,10,1,244,122,33,2,16
0410184_169,10,1,245,127,34,3,16
0410184_169,10,1,241,126,30,4,16
0410184_169,10,1,243,125,32,5,16
0410184_169,10,1,240,127,29,6,16
0410184_169,10,1,243,122,32,11,16
0410184_169,10,1,246,130,35,12,16
0410184_169,10,1,242,127,31,13,16
0410184_169,10,1,243,125,32,7,16
0410184_169,10,1,240,126,29,8,16
0410184_169,10,1,241,120,30,9,16
0410184_169,10,1,246,122,35,10,16
0410184_169,10,1,238,127,27,14,16
0410184_169,10,1,243,126,32,15,16
0410184_169,10,1,240,129,29,2,17
0410184_169,10,1,239,122,28,3,17
0410184_169,10,1,234,116,23,5,17
0410184_169,10,1,244,124,33,6,17
0410184_169,10,1,240,122,29,7,17
0410184_169,10,1,242,131,31,9,17
0410184_169,10,1,243,127,32,1,17
0410184_169,10,1,241,127,30,11,17
0410184_169,10,1,238,126,27,12,17
0410184_169,10,1,244,128,33,4,17
0410184_169,10,1,236,114,25,15,17
0410184_169,10,1,243,124,32,8,17
0410184_169,10,1,240,120,29,10,17
0410184_169,10,1,241,125,30,13,17
0410184_169,10,1,240,126,29,14,17
0410184_169,10,1,236,120,25,5,18
0410184_169,10,1,237,127,26,6,18
0410184_169,10,1,241,128,30,7,18
0410184_169,10,1,236,125,25,8,18
0410184_169,10,1,236,124,25,9,18
0410184_169,10,1,237,122,26,1,18
0410184_169,10,1,236,127,25,2,18
0410184_169,10,1,233,124,22,10,18
0410184_169,10,1,233,127,22,3,18
0410184_169,10,1,240,125,29,13,18
0410184_169,10,1,235,127,24,4,18
0410184_169,10,1,234,122,23,14,18
0410184_169,10,1,236,117,25,15,18
0410184_169,10,1,241,129,30,11,18
0410184_169,10,1,234,122,23,12,18
0410184_169,10,1,240,128,29,3,19
0410184_169,10,1,240,130,29,6,19
0410184_169,10,1,236,127,25,7,19
0410184_169,10,1,236,123,25,8,19
0410184_169,10,1,237,124,26,1,19
0410184_169,10,1,238,129,27,2,19
0410184_169,10,1,240,132,29,4,19
0410184_169,10,1,238,131,27,10,19
0410184_169,10,1,240,127,29,5,19
0410184_169,10,1,233,133,22,13,19
0410184_169,10,1,237,124,26,9,19
0410184_169,10,1,238,127,27,11,19
0410184_169,10,1,242,135,31,12,19
0410184_169,10,1,238,136,27,14,19
0410184_169,10,1,241,135,30,15,19
0410184_169,10,1,232,116,21,3,20
0410184_169,10,1,236,128,25,4,20
0410184_169,10,1,232,119,21,2,20
0410184_169,10,1,231,113,20,5,20
0410184_169,10,1,233,117,22,6,20
0410184_169,10,1,232,113,21,7,20
0410184_169,10,1,235,115,24,8,20
0410184_169,10,1,230,112,19,1,20
0410184_169,10,1,230,114,19,11,20
0410184_169,10,1,232,118,21,13,20
0410184_169,10,1,230,119,19,9,20
0410184_169,10,1,233,116,22,10,20
0410184_169,10,1,231,118,20,12,20
0410184_169,10,1,231,120,20,14,20
0410184_169,10,1,233,121,22,15,20
0410184_169,10,1,249,127,38,3,21
0410184_169,10,1,241,134,30,5,21
0410184_169,10,1,250,129,39,1,21
0410184_169,10,1,247,138,36,2,21
0410184_169,10,1,242,123,31,4,21
0410184_169,10,1,249,129,38,6,21
0410184_169,10,1,245,133,34,11,21
0410184_169,10,1,248,139,37,7,21
0410184_169,10,1,246,130,35,8,21
0410184_169,10,1,244,124,33,9,21
0410184_169,10,1,249,127,38,15,21
0410184_169,10,1,246,123,35,10,21
0410184_169,10,1,244,131,33,12,21
0410184_169,10,1,250,141,39,13,21
0410184_169,10,1,245,125,34,14,21
0410184_169,10,1,245,135,34,1,22
0410184_169,10,1,243,135,32,4,22
0410184_169,10,1,240,129,29,5,22
0410184_169,10,1,243,128,32,6,22
0410184_169,10,1,243,130,32,7,22
0410184_169,10,1,242,130,31,8,22
0410184_169,10,1,246,127,35,3,22
0410184_169,10,1,244,129,33,2,22
0410184_169,10,1,246,136,35,9,22
0410184_169,10,1,247,125,36,10,22
0410184_169,10,1,244,136,33,12,22
0410184_169,10,1,242,121,31,11,22
0410184_169,10,1,244,117,33,13,22
0410184_169,10,1,239,129,28,14,22
0410184_169,10,1,241,125,30,15,22
0410184_169,10,1,246,137,35,2,23
0410184_169,10,1,244,131,33,4,23
0410184_169,10,1,238,127,27,1,23
0410184_169,10,1,236,128,25,6,23
0410184_169,10,1,245,133,34,3,23
0410184_169,10,1,239,127,28,10,23
0410184_169,10,1,243,134,32,5,23
0410184_169,10,1,247,134,36,7,23
0410184_169,10,1,245,134,34,8,23
0410184_169,10,1,246,131,35,9,23
0410184_169,10,1,245,128,34,11,23
0410184_169,10,1,244,129,33,12,23
0410184_169,10,1,241,134,30,13,23
0410184_169,10,1,247,125,36,14,23
0410184_169,10,1,244,138,33,15,23
0410184_169,10,1,244,128,33,1,24
0410184_169,10,1,244,119,33,7,24
0410184_169,10,1,244,129,33,2,24
0410184_169,10,1,241,120,30,3,24
0410184_169,10,1,241,121,30,4,24
0410184_169,10,1,243,126,32,5,24
0410184_169,10,1,243,132,32,6,24
0410184_169,10,1,243,127,32,13,24
0410184_169,10,1,239,124,28,11,24
0410184_169,10,1,241,123,30,8,24
0410184_169,10,1,239,125,28,9,24
0410184_169,10,1,232,120,21,10,24
0410184_169,10,1,241,121,30,14,24
0410184_169,10,1,246,130,35,12,24
0410184_169,10,1,241,115,30,15,24
0410184_169,10,1,240,123,29,2,25
0410184_169,10,1,239,120,28,3,25
0410184_169,10,1,243,126,32,4,25
0410184_169,10,1,243,129,32,7,25
0410184_169,10,1,235,124,24,9,25
0410184_169,10,1,243,127,32,1,25
0410184_169,10,1,243,128,32,12,25
0410184_169,10,1,241,127,30,5,25
0410184_169,10,1,239,122,28,6,25
0410184_169,10,1,241,125,30,15,25
0410184_169,10,1,240,122,29,8,25
0410184_169,10,1,238,122,27,10,25
0410184_169,10,1,239,124,28,11,25
0410184_169,10,1,243,128,32,13,25
0410184_169,10,1,243,130,32,14,25
0410184_169,10,1,239,116,28,3,26
0410184_169,10,1,238,122,27,5,26
0410184_169,10,1,242,120,31,7,26
0410184_169,10,1,244,126,33,8,26
0410184_169,10,1,244,131,33,9,26
0410184_169,10,1,239,135,28,1,26
0410184_169,10,1,241,117,30,2,26
0410184_169,10,1,244,129,33,11,26
0410184_169,10,1,238,113,27,4,26
0410184_169,10,1,241,124,30,13,26
0410184_169,10,1,242,127,31,14,26
0410184_169,10,1,239,124,28,6,26
0410184_169,10,1,243,123,32,10,26
0410184_169,10,1,240,122,29,12,26
0410184_169,10,1,242,123,31,15,26
0410184_169,10,1,237,121,26,2,27
0410184_169,10,1,236,120,25,1,27
0410184_169,10,1,239,124,28,5,27
0410184_169,10,1,239,123,28,3,27
0410184_169,10,1,236,120,25,8,27
0410184_169,10,1,237,126,26,4,27
0410184_169,10,1,237,124,26,11,27
0410184_169,10,1,236,117,25,6,27
0410184_169,10,1,234,121,23,7,27
0410184_169,10,1,236,121,25,9,27
0410184_169,10,1,236,122,25,10,27
0410184_169,10,1,236,122,25,12,27
0410184_169,10,1,235,125,24,13,27
0410184_169,10,1,236,118,25,14,27
0410184_169,10,1,238,116,27,15,27
0410184_169,10,1,245,129,34,1,28
0410184_169,10,1,243,122,32,3,28
0410184_169,10,1,240,119,29,5,28
0410184_169,10,1,243,124,32,7,28
0410184_169,10,1,246,132,35,2,28
0410184_169,10,1,241,130,30,10,28
0410184_169,10,1,245,132,34,11,28
0410184_169,10,1,241,128,30,12,28
0410184_169,10,1,246,133,35,4,28
0410184_169,10,1,245,130,34,14,28
0410184_169,10,1,246,127,35,6,28
0410184_169,10,1,246,138,35,8,28
0410184_169,10,1,244,133,33,9,28
0410184_169,10,1,244,136,33,13,28
0410184_169,10,1,245,135,34,15,28
0410184_169,10,1,238,123,27,3,29
0410184_169,10,1,245,121,34,7,29
0410184_169,10,1,240,132,29,9,29
0410184_169,10,1,245,128,34,8,29
0410184_169,10,1,244,123,33,1,29
0410184_169,10,1,247,133,36,2,29
0410184_169,10,1,238,128,27,4,29
0410184_169,10,1,241,122,30,5,29
0410184_169,10,1,245,126,34,15,29
0410184_169,10,1,246,120,35,14,29
0410184_169,10,1,244,125,33,10,29
0410184_169,10,1,246,136,35,6,29
0410184_169,10,1,245,122,34,13,29
0410184_169,10,1,245,122,34,11,29
0410184_169,10,1,244,123,33,12,29
0410184_169,10,1,247,128,36,1,30
0410184_169,10,1,244,126,33,2,30
0410184_169,10,1,241,134,30,5,30
0410184_169,10,1,247,124,36,6,30
0410184_169,10,1,241,122,30,7,30
0410184_169,10,1,245,130,34,8,30
0410184_169,10,1,245,127,34,9,30
0410184_169,10,1,244,122,33,3,30
0410184_169,10,1,243,124,32,12,30
0410184_169,10,1,242,121,31,4,30
0410184_169,10,1,244,126,33,14,30
0410184_169,10,1,241,128,30,10,30
0410184_169,10,1,241,122,30,11,30
0410184_169,10,1,240,127,29,13,30
0410184_169,10,1,243,123,32,15,30
0410184_169,10,1,239,122,28,1,31
0410184_169,10,1,244,132,33,3,31
0410184_169,10,1,248,127,37,4,31
0410184_169,10,1,247,132,36,6,31
0410184_169,10,1,247,131,36,7,31
0410184_169,10,1,241,127,30,8,31
0410184_169,10,1,245,122,34,2,31
0410184_169,10,1,245,121,34,5,31
0410184_169,10,1,242,134,31,12,31
0410184_169,10,1,245,132,34,9,31
0410184_169,10,1,248,141,37,10,31
0410184_169,10,1,246,132,35,14,31
0410184_169,10,1,245,132,34,11,31
0410184_169,10,1,247,136,36,13,31
0410184_169,10,1,245,123,34,15,31
0410184_169,10,1,238,124,27,1,32
0410184_169,10,1,238,120,27,3,32
0410184_169,10,1,239,124,28,4,32
0410184_169,10,1,239,123,28,5,32
0410184_169,10,1,238,129,27,6,32
0410184_169,10,1,239,126,28,7,32
0410184_169,10,1,239,123,28,2,32
0410184_169,10,1,240,124,29,10,32
0410184_169,10,1,239,129,28,8,32
0410184_169,10,1,237,123,26,9,32
0410184_169,10,1,240,127,29,11,32
0410184_169,10,1,237,132,26,12,32
0410184_169,10,1,238,130,27,13,32
0410184_169,10,1,237,122,26,14,32
0410184_169,10,1,236,122,25,15,32
0410184_169,10,1,241,124,30,1,33
0410184_169,10,1,238,123,27,3,33
0410184_169,10,1,237,118,26,4,33
0410184_169,10,1,245,128,34,6,33
0410184_169,10,1,242,127,31,7,33
0410184_169,10,1,243,122,32,9,33
0410184_169,10,1,243,124,32,2,33
0410184_169,10,1,242,128,31,5,33
0410184_169,10,1,240,122,29,8,33
0410184_169,10,1,244,130,33,10,33
0410184_169,10,1,244,124,33,11,33
0410184_169,10,1,242,122,31,12,33
0410184_169,10,1,241,119,30,13,33
0410184_169,10,1,242,124,31,14,33
0410184_169,10,1,242,126,31,15,33
0410184_169,10,1,245,133,34,2,34
0410184_169,10,1,244,124,33,3,34
0410184_169,10,1,245,130,34,4,34
0410184_169,10,1,242,123,31,5,34
0410184_169,10,1,243,126,32,7,34
0410184_169,10,1,240,125,29,8,34
0410184_169,10,1,245,133,34,1,34
0410184_169,10,1,241,123,30,12,34
0410184_169,10,1,243,121,32,6,34
0410184_169,10,1,242,121,31,14,34
0410184_169,10,1,241,132,30,9,34
0410184_169,10,1,243,120,32,10,34
0410184_169,10,1,245,128,34,11,34
0410184_169,10,1,240,120,29,13,34
0410184_169,10,1,245,121,34,15,34
0410184_169,10,1,243,122,32,3,35
0410184_169,10,1,243,126,32,5,35
0410184_169,10,1,244,131,33,1,35
0410184_169,10,1,238,124,27,2,35
0410184_169,10,1,243,138,32,6,35
0410184_169,10,1,246,143,35,7,35
0410184_169,10,1,242,130,31,9,35
0410184_169,10,1,245,125,34,4,35
0410184_169,10,1,244,136,33,14,35
0410184_169,10,1,241,123,30,8,35
0410184_169,10,1,246,133,35,10,35
0410184_169,10,1,239,126,28,11,35
0410184_169,10,1,246,125,35,12,35
0410184_169,10,1,240,130,29,13,35
0410184_169,10,1,239,124,28,15,35
0410184_169,10,1,243,123,32,1,36
0410184_169,10,1,239,121,28,2,36
0410184_169,10,1,246,128,35,4,36
0410184_169,10,1,245,123,34,6,36
0410184_169,10,1,243,129,32,7,36
0410184_169,10,1,245,124,34,8,36
0410184_169,10,1,247,127,36,9,36
0410184_169,10,1,245,120,34,10,36
0410184_169,10,1,244,124,33,3,36
0410184_169,10,1,244,127,33,14,36
0410184_169,10,1,239,118,28,15,36
0410184_169,10,1,241,117,30,5,36
0410184_169,10,1,245,131,34,11,36
0410184_169,10,1,241,117,30,12,36
0410184_169,10,1,243,122,32,13,36
0410184_169,10,1,240,125,29,1,37
0410184_169,10,1,239,125,28,9,37
0410184_169,10,1,240,122,29,2,37
0410184_169,10,1,239,125,28,3,37
0410184_169,10,1,242,133,31,4,37
0410184_169,10,1,240,119,29,5,37
0410184_169,10,1,240,128,29,6,37
0410184_169,10,1,241,121,30,7,37
0410184_169,10,1,241,131,30,8,37
0410184_169,10,1,240,124,29,10,37
0410184_169,10,1,241,131,30,15,37
0410184_169,10,1,240,125,29,11,37
0410184_169,10,1,242,128,31,12,37
0410184_169,10,1,241,119,30,13,37
0410184_169,10,1,240,125,29,14,37
0410184_169,10,1,237,127,26,6,38
0410184_169,10,1,237,128,26,1,38
0410184_169,10,1,237,125,26,10,38
0410184_169,10,1,235,131,24,2,38
0410184_169,10,1,238,134,27,12,38
0410184_169,10,1,235,127,24,3,38
0410184_169,10,1,238,133,27,13,38
0410184_169,10,1,237,130,26,4,38
0410184_169,10,1,236,126,25,15,38
0410184_169,10,1,236,129,25,5,38
0410184_169,10,1,235,123,24,7,38
0410184_169,10,1,237,127,26,8,38
0410184_169,10,1,238,126,27,9,38
0410184_169,10,1,237,132,26,11,38
0410184_169,10,1,238,130,27,14,38
0410184_169,10,1,241,126,30,4,39
0410184_169,10,1,242,124,31,6,39
0410184_169,10,1,241,124,30,1,39
0410184_169,10,1,243,123,32,2,39
0410184_169,10,1,244,125,33,3,39
0410184_169,10,1,242,124,31,5,39
0410184_169,10,1,244,124,33,13,39
0410184_169,10,1,245,128,34,7,39
0410184_169,10,1,244,131,33,15,39
0410184_169,10,1,242,125,31,8,39
0410184_169,10,1,243,129,32,9,39
0410184_169,10,1,244,124,33,10,39
0410184_169,10,1,241,120,30,11,39
0410184_169,10,1,242,121,31,12,39
0410184_169,10,1,245,121,34,14,39
0410184_169,10,1,241,125,30,1,40
0410184_169,10,1,242,115,31,3,40
0410184_169,10,1,242,130,31,6,40
0410184_169,10,1,243,132,32,7,40
0410184_169,10,1,244,122,33,9,40
0410184_169,10,1,243,120,32,2,40
0410184_169,10,1,244,125,33,4,40
0410184_169,10,1,244,130,33,5,40
0410184_169,10,1,239,121,28,8,40
0410184_169,10,1,242,128,31,14,40
0410184_169,10,1,238,118,27,10,40
0410184_169,10,1,244,132,33,11,40
0410184_169,10,1,244,129,33,12,40
0410184_169,10,1,242,123,31,13,40
0410184_169,10,1,240,125,29,15,40
0410184_169,10,1,241,132,30,4,41
0410184_169,10,1,244,132,33,3,41
0410184_169,10,1,244,133,33,5,41
0410184_169,10,1,241,124,30,7,41
0410184_169,10,1,243,131,32,8,41
0410184_169,10,1,244,127,33,9,41
0410184_169,10,1,242,125,31,1,41
0410184_169,10,1,244,136,33,2,41
0410184_169,10,1,243,132,32,12,41
0410184_169,10,1,239,129,28,6,41
0410184_169,10,1,242,134,31,14,41
0410184_169,10,1,236,124,25,15,41
0410184_169,10,1,240,127,29,10,41
0410184_169,10,1,238,128,27,11,41
0410184_169,10,1,239,126,28,13,41
0410184_169,10,1,235,127,24,2,42
0410184_169,10,1,234,126,23,1,42
0410184_169,10,1,234,121,23,3,42
0410184_169,10,1,230,118,19,5,42
0410184_169,10,1,232,116,21,6,42
0410184_169,10,1,233,129,22,7,42
0410184_169,10,1,234,122,23,8,42
0410184_169,10,1,234,122,23,4,42
0410184_169,10,1,234,123,23,12,42
0410184_169,10,1,233,128,22,15,42
0410184_169,10,1,233,120,22,9,42
0410184_169,10,1,232,119,21,10,42
0410184_169,10,1,233,119,22,11,42
0410184_169,10,1,234,120,23,13,42
0410184_169,10,1,232,121,21,14,42
0410184_169,10,1,239,125,28,1,43
0410184_169,10,1,236,121,25,2,43
0410184_169,10,1,241,113,30,3,43
0410184_169,10,1,239,123,28,4,43
0410184_169,10,1,235,116,24,6,43
0410184_169,10,1,240,125,29,7,43
0410184_169,10,1,240,124,29,5,43
0410184_169,10,1,237,117,26,8,43
0410184_169,10,1,235,119,24,9,43
0410184_169,10,1,240,124,29,10,43
0410184_169,10,1,233,116,22,14,43
0410184_169,10,1,239,120,28,11,43
0410184_169,10,1,238,126,27,12,43
0410184_169,10,1,236,122,25,13,43
0410184_169,10,1,241,123,30,15,43
0410184_169,10,1,240,134,29,1,44
0410184_169,10,1,243,138,32,2,44
0410184_169,10,1,241,136,30,3,44
0410184_169,10,1,241,136,30,4,44
0410184_169,10,1,239,122,28,5,44
0410184_169,10,1,244,138,33,6,44
0410184_169,10,1,241,132,30,8,44
0410184_169,10,1,240,130,29,10,44
0410184_169,10,1,242,126,31,13,44
0410184_169,10,1,241,131,30,15,44
0410184_169,10,1,240,128,29,7,44
0410184_169,10,1,239,133,28,9,44
0410184_169,10,1,241,130,30,11,44
0410184_169,10,1,244,140,33,12,44
0410184_169,10,1,240,124,29,14,44
0410184_169,10,1,241,127,30,2,45
0410184_169,10,1,241,132,30,3,45
0410184_169,10,1,238,128,27,5,45
0410184_169,10,1,246,140,35,6,45
0410184_169,10,1,247,137,36,8,45
0410184_169,10,1,241,129,30,9,45
0410184_169,10,1,241,126,30,1,45
0410184_169,10,1,243,120,32,4,45
0410184_169,10,1,240,127,29,13,45
0410184_169,10,1,242,133,31,14,45
0410184_169,10,1,244,134,33,7,45
0410184_169,10,1,245,124,34,10,45
0410184_169,10,1,241,124,30,11,45
0410184_169,10,1,243,125,32,12,45
0410184_169,10,1,243,134,32,15,45
0410184_169,10,1,235,113,24,3,46
0410184_169,10,1,230,112,19,4,46
0410184_169,10,1,236,122,25,5,46
0410184_169,10,1,234,122,23,6,46
0410184_169,10,1,232,117,21,7,46
0410184_169,10,1,232,118,21,8,46
0410184_169,10,1,234,121,23,1,46
0410184_169,10,1,233,117,22,9,46
0410184_169,10,1,236,122,25,2,46
0410184_169,10,1,232,122,21,11,46
0410184_169,10,1,236,125,25,12,46
0410184_169,10,1,236,121,25,10,46
0410184_169,10,1,232,120,21,13,46
0410184_169,10,1,231,116,20,14,46
0410184_169,10,1,231,117,20,15,46
0410184_169,10,1,233,120,22,3,47
0410184_169,10,1,234,121,23,4,47
0410184_169,10,1,234,119,23,1,47
0410184_169,10,1,235,126,24,6,47
0410184_169,10,1,233,119,22,2,47
0410184_169,10,1,233,121,22,11,47
0410184_169,10,1,231,121,20,7,47
0410184_169,10,1,235,130,24,9,47
0410184_169,10,1,234,119,23,8,47
0410184_169,10,1,237,125,26,5,47
0410184_169,10,1,234,120,23,12,47
0410184_169,10,1,236,120,25,14,47
0410184_169,10,1,234,120,23,15,47
0410184_169,10,1,236,121,25,10,47
0410184_169,10,1,231,116,20,13,47
0410184_169,10,1,237,124,26,1,48
0410184_169,10,1,235,123,24,3,48
0410184_169,10,1,239,124,28,4,48
0410184_169,10,1,239,130,28,5,48
0410184_169,10,1,236,126,25,6,48
0410184_169,10,1,241,130,30,7,48
0410184_169,10,1,238,123,27,8,48
0410184_169,10,1,240,125,29,9,48
0410184_169,10,1,237,123,26,10,48
0410184_169,10,1,243,128,32,2,48
0410184_169,10,1,241,121,30,12,48
0410184_169,10,1,242,129,31,14,48
0410184_169,10,1,239,125,28,11,48
0410184_169,10,1,239,124,28,13,48
0410184_169,10,1,243,131,32,15,48
0410184_169,10,1,240,130,29,1,49
0410184_169,10,1,238,124,27,4,49
0410184_169,10,1,238,130,27,5,49
0410184_169,10,1,240,127,29,6,49
0410184_169,10,1,237,128,26,7,49
0410184_169,10,1,236,129,25,8,49
0410184_169,10,1,239,121,28,9,49
0410184_169,10,1,238,125,27,10,49
0410184_169,10,1,239,127,28,11,49
0410184_169,10,1,236,120,25,2,49
0410184_169,10,1,238,124,27,3,49
0410184_169,10,1,235,120,24,13,49
0410184_169,10,1,238,119,27,12,49
0410184_169,10,1,238,125,27,14,49
0410184_169,10,1,240,131,29,15,49
0410184_169,10,1,242,125,31,1,50
0410184_169,10,1,236,127,25,2,50
0410184_169,10,1,240,118,29,5,50
0410184_169,10,1,243,128,32,6,50
0410184_169,10,1,236,125,25,7,50
0410184_169,10,1,244,126,33,8,50
0410184_169,10,1,238,130,27,9,50
0410184_169,10,1,237,120,26,3,50
0410184_169,10,1,241,115,30,4,50
0410184_169,10,1,242,133,31,13,50
0410184_169,10,1,241,126,30,14,50
0410184_169,10,1,242,131,31,10,50
0410184_169,10,1,241,127,30,11,50
0410184_169,10,1,242,125,31,12,50
0410184_169,10,1,244,118,33,15,50
ex3_229,10,1,434,252,31,3,0
ex3_229,10,1,438,251,35,2,0
ex3_229,10,1,434,253,31,6,0
ex3_229,10,1,437,258,34,7,0
ex3_229,10,1,432,248,29,8,0
ex3_229,10,1,435,256,32,9,0
ex3_229,10,1,434,250,31,1,0
ex3_229,10,1,431,246,28,11,0
ex3_229,10,1,433,251,30,4,0
ex3_229,10,1,435,251,32,5,0
ex3_229,10,1,431,248,28,10,0
ex3_229,10,1,436,256,33,14,0
ex3_229,10,1,430,246,27,12,0
ex3_229,10,1,434,255,31,13,0
ex3_229,10,1,435,251,32,15,0
ex3_229,10,1,419,240,16,2,1
ex3_229,10,1,419,241,16,3,1
ex3_229,10,1,422,242,19,4,1
ex3_229,10,1,422,241,19,5,1
ex3_229,10,1,421,244,18,1,1
ex3_229,10,1,419,241,16,10,1
ex3_229,10,1,419,239,16,11,1
ex3_229,10,1,420,239,17,9,1
ex3_229,10,1,419,239,16,7,1
ex3_229,10,1,421,238,18,6,1
ex3_229,10,1,419,237,16,8,1
ex3_229,10,1,421,241,18,12,1
ex3_229,10,1,421,243,18,13,1
ex3_229,10,1,424,243,21,14,1
ex3_229,10,1,425,245,22,15,1
ex3_229,10,1,445,264,42,2,2
ex3_229,10,1,446,265,43,4,2
ex3_229,10,1,445,259,42,6,2
ex3_229,10,1,444,266,41,5,2
ex3_229,10,1,445,264,42,8,2
ex3_229,10,1,446,269,43,9,2
ex3_229,10,1,445,268,42,10,2
ex3_229,10,1,443,259,40,1,2
ex3_229,10,1,446,263,43,11,2
ex3_229,10,1,446,266,43,3,2
ex3_229,10,1,443,267,40,15,2
ex3_229,10,1,444,265,41,7,2
ex3_229,10,1,446,275,43,12,2
ex3_229,10,1,443,265,40,13,2
ex3_229,10,1,444,265,41,14,2
ex3_229,10,1,430,251,27,2,3
ex3_229,10,1,426,243,23,1,3
ex3_229,10,1,425,242,22,3,3
ex3_229,10,1,425,240,22,7,3
ex3_229,10,1,421,237,18,5,3
ex3_229,10,1,423,240,20,9,3
ex3_229,10,1,429,246,26,8,3
ex3_229,10,1,425,244,22,6,3
ex3_229,10,1,424,241,21,4,3
ex3_229,10,1,425,241,22,11,3
ex3_229,10,1,425,244,22,10,3
ex3_229,10,1,428,244,25,12,3
ex3_229,10,1,429,244,26,13,3
ex3_229,10,1,423,240,20,14,3
ex3_229,10,1,429,247,26,15,3
ex3_229,10,1,417,236,14,2,4
ex3_229,10,1,417,234,14,6,4
ex3_229,10,1,417,236,14,7,4
ex3_229,10,1,417,235,14,8,4
ex3_229,10,1,417,235,14,9,4
ex3_229,10,1,417,236,14,1,4
ex3_229,10,1,417,235,14,10,4
ex3_229,10,1,417,236,14,11,4
ex3_229,10,1,417,236,14,3,4
ex3_229,10,1,417,236,14,4,4
ex3_229,10,1,417,235,14,5,4
ex3_229,10,1,417,237,14,15,4
ex3_229,10,1,417,234,14,12,4
ex3_229,10,1,417,237,14,13,4
ex3_229,10,1,417,234,14,14,4
ex3_229,10,1,419,240,16,2,5
ex3_229,10,1,419,238,16,5,5
ex3_229,10,1,419,239,16,6,5
ex3_229,10,1,419,240,16,7,5
ex3_229,10,1,419,239,16,8,5
ex3_229,10,1,419,236,16,9,5
ex3_229,10,1,419,240,16,1,5
ex3_229,10,1,419,239,16,3,5
ex3_229,10,1,419,239,16,11,5
ex3_229,10,1,421,241,18,4,5
ex3_229,10,1,421,240,18,10,5
ex3_229,10,1,419,238,16,12,5
ex3_229,10,1,419,239,16,13,5
ex3_229,10,1,421,241,18,14,5
ex3_229,10,1,419,238,16,15,5
ex3_229,10,1,414,233,11,1,6
ex3_229,10,1,413,234,10,2,6
ex3_229,10,1,413,233,10,3,6
ex3_229,10,1,414,235,11,5,6
ex3_229,10,1,414,235,11,7,6
ex3_229,10,1,415,237,12,6,6
ex3_229,10,1,413,235,10,8,6
ex3_229,10,1,415,234,12,4,6
ex3_229,10,1,415,237,12,11,6
ex3_229,10,1,414,235,11,12,6
ex3_229,10,1,415,236,12,13,6
ex3_229,10,1,414,235,11,14,6
ex3_229,10,1,415,236,12,9,6
ex3_229,10,1,413,235,10,10,6
ex3_229,10,1,415,236,12,15,6
ex3_229,10,1,422,240,19,4,7
ex3_229,10,1,422,239,19,5,7
ex3_229,10,1,422,242,19,6,7
ex3_229,10,1,422,239,19,7,7
ex3_229,10,1,422,239,19,8,7
ex3_229,10,1,422,241,19,1,7
ex3_229,10,1,422,241,19,11,7
ex3_229,10,1,422,241,19,2,7
ex3_229,10,1,422,240,19,13,7
ex3_229,10,1,422,240,19,3,7
ex3_229,10,1,422,242,19,14,7
ex3_229,10,1,420,240,17,15,7
ex3_229,10,1,422,240,19,9,7
ex3_229,10,1,422,240,19,10,7
ex3_229,10,1,422,239,19,12,7
ex3_229,10,1,416,235,13,3,8
ex3_229,10,1,415,234,12,4,8
ex3_229,10,1,415,234,12,5,8
ex3_229,10,1,417,232,14,6,8
ex3_229,10,1,416,235,13,7,8
ex3_229,10,1,417,235,14,8,8
ex3_229,10,1,416,233,13,1,8
ex3_229,10,1,415,234,12,2,8
ex3_229,10,1,417,236,14,13,8
ex3_229,10,1,415,233,12,14,8
ex3_229,10,1,415,233,12,15,8
ex3_229,10,1,415,235,12,9,8
ex3_229,10,1,418,234,15,12,8
ex3_229,10,1,417,236,14,10,8
ex3_229,10,1,418,238,15,11,8
ex3_229,10,1,429,242,26,1,9
ex3_229,10,1,431,248,28,2,9
ex3_229,10,1,426,241,23,3,9
ex3_229,10,1,428,244,25,4,9
ex3_229,10,1,429,240,26,7,9
ex3_229,10,1,428,246,25,8,9
ex3_229,10,1,430,250,27,9,9
ex3_229,10,1,427,244,24,10,9
ex3_229,10,1,428,240,25,5,9
ex3_229,10,1,428,247,25,15,9
ex3_229,10,1,429,245,26,6,9
ex3_229,10,1,424,241,21,11,9
ex3_229,10,1,426,241,23,12,9
ex3_229,10,1,428,243,25,13,9
ex3_229,10,1,427,240,24,14,9
ex3_229,10,1,417,237,14,2,10
ex3_229,10,1,416,233,13,3,10
ex3_229,10,1,419,235,16,4,10
ex3_229,10,1,420,241,17,5,10
ex3_229,10,1,416,235,13,6,10
ex3_229,10,1,419,238,16,7,10
ex3_229,10,1,421,240,18,8,10
ex3_229,10,1,419,237,16,1,10
ex3_229,10,1,419,237,16,13,10
ex3_229,10,1,416,236,13,9,10
ex3_229,10,1,416,235,13,10,10
ex3_229,10,1,420,237,17,11,10
ex3_229,10,1,418,235,15,15,10
ex3_229,10,1,422,240,19,12,10
ex3_229,10,1,419,241,16,14,10
ex3_229,10,1,415,238,12,1,11
ex3_229,10,1,416,239,13,2,11
ex3_229,10,1,415,237,12,3,11
ex3_229,10,1,416,237,13,4,11
ex3_229,10,1,415,238,12,5,11
ex3_229,10,1,416,239,13,8,11
ex3_229,10,1,416,238,13,6,11
ex3_229,10,1,416,238,13,13,11
ex3_229,10,1,416,237,13,11,11
ex3_229,10,1,415,237,12,7,11
ex3_229,10,1,415,239,12,15,11
ex3_229,10,1,416,239,13,9,11
ex3_229,10,1,416,239,13,10,11
ex3_229,10,1,416,240,13,12,11
ex3_229,10,1,416,238,13,14,11
ex3_229,10,1,435,249,32,2,12
ex3_229,10,1,447,260,44,6,12
ex3_229,10,1,446,260,43,7,12
ex3_229,10,1,444,258,41,8,12
ex3_229,10,1,444,255,41,9,12
ex3_229,10,1,438,256,35,1,12
ex3_229,10,1,446,265,43,3,12
ex3_229,10,1,447,259,44,13,12
ex3_229,10,1,443,265,40,4,12
ex3_229,10,1,440,259,37,14,12
ex3_229,10,1,450,269,47,5,12
ex3_229,10,1,446,265,43,10,12
ex3_229,10,1,443,259,40,11,12
ex3_229,10,1,441,259,38,12,12
ex3_229,10,1,441,261,38,15,12
ex3_229,10,1,417,236,14,1,13
ex3_229,10,1,416,236,13,3,13
ex3_229,10,1,417,241,14,4,13
ex3_229,10,1,417,237,14,5,13
ex3_229,10,1,416,237,13,2,13
ex3_229,10,1,417,238,14,6,13
ex3_229,10,1,416,236,13,7,13
ex3_229,10,1,415,236,12,8,13
ex3_229,10,1,415,235,12,10,13
ex3_229,10,1,416,236,13,9,13
ex3_229,10,1,417,238,14,12,13
ex3_229,10,1,415,237,12,14,13
ex3_229,10,1,417,237,14,11,13
ex3_229,10,1,415,236,12,13,13
ex3_229,10,1,417,237,14,15,13
ex3_229,10,1,418,240,15,5,14
ex3_229,10,1,416,239,13,4,14
ex3_229,10,1,416,238,13,2,14
ex3_229,10,1,416,238,13,6,14
ex3_229,10,1,418,239,15,7,14
ex3_229,10,1,416,237,13,1,14
ex3_229,10,1,416,237,13,8,14
ex3_229,10,1,416,236,13,11,14
ex3_229,10,1,416,237,13,13,14
ex3_229,10,1,418,240,15,9,14
ex3_229,10,1,420,239,17,3,14
ex3_229,10,1,416,239,13,15,14
ex3_229,10,1,416,236,13,10,14
ex3_229,10,1,416,239,13,12,14
ex3_229,10,1,416,237,13,14,14
ex3_229,10,1,425,245,22,2,15
ex3_229,10,1,427,243,24,3,15
ex3_229,10,1,420,239,17,4,15
ex3_229,10,1,424,239,21,5,15
ex3_229,10,1,422,242,19,6,15
ex3_229,10,1,425,241,22,7,15
ex3_229,10,1,428,249,25,8,15
ex3_229,10,1,428,244,25,1,15
ex3_229,10,1,420,240,17,10,15
ex3_229,10,1,424,240,21,14,15
ex3_229,10,1,424,240,21,9,15
ex3_229,10,1,424,242,21,11,15
ex3_229,10,1,420,239,17,12,15
ex3_229,10,1,424,248,21,13,15
ex3_229,10,1,422,239,19,15,15
ex3_229,10,1,420,238,17,2,16
ex3_229,10,1,418,236,15,3,16
ex3_229,10,1,419,237,16,6,16
ex3_229,10,1,419,237,16,7,16
ex3_229,10,1,418,238,15,8,16
ex3_229,10,1,418,236,15,10,16
ex3_229,10,1,418,238,15,1,16
ex3_229,10,1,418,237,15,12,16
ex3_229,10,1,418,238,15,13,16
ex3_229,10,1,418,238,15,14,16
ex3_229,10,1,418,237,15,4,16
ex3_229,10,1,419,239,16,5,16
ex3_229,10,1,418,239,15,9,16
ex3_229,10,1,418,238,15,11,16
ex3_229,10,1,418,235,15,15,16
ex3_229,10,1,423,243,20,1,17
ex3_229,10,1,423,240,20,2,17
ex3_229,10,1,423,242,20,3,17
ex3_229,10,1,424,245,21,4,17
ex3_229,10,1,423,240,20,5,17
ex3_229,10,1,424,241,21,6,17
ex3_229,10,1,422,241,19,7,17
ex3_229,10,1,420,238,17,8,17
ex3_229,10,1,424,244,21,11,17
ex3_229,10,1,425,246,22,12,17
ex3_229,10,1,427,247,24,14,17
ex3_229,10,1,423,243,20,9,17
ex3_229,10,1,424,246,21,10,17
ex3_229,10,1,423,239,20,13,17
ex3_229,10,1,421,242,18,15,17
ex3_229,10,1,421,241,18,2,18
ex3_229,10,1,420,242,17,3,18
ex3_229,10,1,421,241,18,5,18
ex3_229,10,1,419,241,16,1,18
ex3_229,10,1,420,241,17,6,18
ex3_229,10,1,419,242,16,7,18
ex3_229,10,1,421,241,18,12,18
ex3_229,10,1,420,245,17,4,18
ex3_229,10,1,422,246,19,14,18
ex3_229,10,1,421,246,18,8,18
ex3_229,10,1,420,240,17,9,18
ex3_229,10,1,420,239,17,10,18
ex3_229,10,1,423,241,20,11,18
ex3_229,10,1,419,241,16,13,18
ex3_229,10,1,420,240,17,15,18
ex3_229,10,1,414,237,11,1,19
ex3_229,10,1,418,241,15,2,19
ex3_229,10,1,414,234,11,3,19
ex3_229,10,1,414,235,11,5,19
ex3_229,10,1,420,242,17,7,19
ex3_229,10,1,413,236,10,9,19
ex3_229,10,1,413,235,10,10,19
ex3_229,10,1,413,234,10,11,19
ex3_229,10,1,414,236,11,4,19
ex3_229,10,1,414,235,11,6,19
ex3_229,10,1,414,235,11,8,19
ex3_229,10,1,414,236,11,12,19
ex3_229,10,1,413,235,10,13,19
ex3_229,10,1,413,234,10,14,19
ex3_229,10,1,414,235,11,15,19
ex3_229,10,1,419,238,16,1,20
ex3_229,10,1,421,241,18,2,20
ex3_229,10,1,419,237,16,4,20
ex3_229,10,1,419,237,16,5,20
ex3_229,10,1,417,237,14,7,20
ex3_229,10,1,419,237,16,8,20
ex3_229,10,1,419,238,16,9,20
ex3_229,10,1,419,237,16,10,20
ex3_229,10,1,419,238,16,12,20
ex3_229,10,1,417,236,14,11,20
ex3_229,10,1,420,243,17,3,20
ex3_229,10,1,419,238,16,14,20
ex3_229,10,1,419,243,16,6,20
ex3_229,10,1,418,237,15,13,20
ex3_229,10,1,419,238,16,15,20
ex3_229,10,1,445,259,42,4,21
ex3_229,10,1,437,249,34,7,21
ex3_229,10,1,439,250,36,1,21
ex3_229,10,1,437,253,34,2,21
ex3_229,10,1,447,267,44,5,21
ex3_229,10,1,442,257,39,3,21
ex3_229,10,1,447,261,44,10,21
ex3_229,10,1,436,250,33,6,21
ex3_229,10,1,440,256,37,8,21
ex3_229,10,1,442,257,39,9,21
ex3_229,10,1,449,269,46,12,21
ex3_229,10,1,440,256,37,15,21
ex3_229,10,1,437,248,34,11,21
ex3_229,10,1,440,254,37,13,21
ex3_229,10,1,443,256,40,14,21
ex3_229,10,1,441,262,38,1,22
ex3_229,10,1,438,261,35,2,22
ex3_229,10,1,439,257,36,3,22
ex3_229,10,1,441,255,38,4,22
ex3_229,10,1,438,257,35,5,22
ex3_229,10,1,439,261,36,8,22
ex3_229,10,1,441,262,38,10,22
ex3_229,10,1,438,256,35,13,22
ex3_229,10,1,437,254,34,14,22
ex3_229,10,1,439,256,36,6,22
ex3_229,10,1,437,254,34,7,22
ex3_229,10,1,437,258,34,9,22
ex3_229,10,1,442,261,39,11,22
ex3_229,10,1,439,256,36,12,22
ex3_229,10,1,436,255,33,15,22
ex3_229,10,1,435,246,32,4,23
ex3_229,10,1,439,250,36,5,23
ex3_229,10,1,436,262,33,8,23
ex3_229,10,1,437,252,34,9,23
ex3_229,10,1,438,258,35,1,23
ex3_229,10,1,438,255,35,11,23
ex3_229,10,1,443,257,40,2,23
ex3_229,10,1,440,254,37,12,23
ex3_229,10,1,440,256,37,3,23
ex3_229,10,1,433,249,30,14,23
ex3_229,10,1,433,250,30,6,23
ex3_229,10,1,439,255,36,7,23
ex3_229,10,1,437,257,34,10,23
ex3_229,10,1,433,249,30,13,23
ex3_229,10,1,441,262,38,15,23
ex3_229,10,1,423,241,20,1,24
ex3_229,10,1,421,240,18,3,24
ex3_229,10,1,421,240,18,4,24
ex3_229,10,1,424,243,21,5,24
ex3_229,10,1,418,238,15,6,24
ex3_229,10,1,420,240,17,7,24
ex3_229,10,1,420,239,17,8,24
ex3_229,10,1,418,238,15,2,24
ex3_229,10,1,421,242,18,11,24
ex3_229,10,1,422,243,19,14,24
ex3_229,10,1,420,241,17,9,24
ex3_229,10,1,422,241,19,10,24
ex3_229,10,1,424,244,21,12,24
ex3_229,10,1,424,244,21,13,24
ex3_229,10,1,422,240,19,15,24
ex3_229,10,1,431,247,28,2,25
ex3_229,10,1,426,244,23,4,25
ex3_229,10,1,428,246,25,6,25
ex3_229,10,1,431,247,28,7,25
ex3_229,10,1,430,248,27,8,25
ex3_229,10,1,429,247,26,9,25
ex3_229,10,1,425,242,22,1,25
ex3_229,10,1,431,250,28,3,25
ex3_229,10,1,430,245,27,15,25
ex3_229,10,1,431,245,28,5,25
ex3_229,10,1,434,250,31,13,25
ex3_229,10,1,428,248,25,11,25
ex3_229,10,1,430,250,27,10,25
ex3_229,10,1,430,252,27,12,25
ex3_229,10,1,426,246,23,14,25
ex3_229,10,1,449,274,46,1,26
ex3_229,10,1,446,267,43,3,26
ex3_229,10,1,443,265,40,5,26
ex3_229,10,1,437,254,34,6,26
ex3_229,10,1,444,253,41,7,26
ex3_229,10,1,445,263,42,9,26
ex3_229,10,1,445,267,42,2,26
ex3_229,10,1,449,266,46,11,26
ex3_229,10,1,442,256,39,13,26
ex3_229,10,1,441,262,38,4,26
ex3_229,10,1,446,268,43,8,26
ex3_229,10,1,445,258,42,14,26
ex3_229,10,1,445,255,42,10,26
ex3_229,10,1,444,263,41,15,26
ex3_229,10,1,445,267,42,12,26
ex3_229,10,1,414,235,11,1,27
ex3_229,10,1,415,233,12,2,27
ex3_229,10,1,414,234,11,3,27
ex3_229,10,1,415,233,12,4,27
ex3_229,10,1,414,234,11,5,27
ex3_229,10,1,416,236,13,6,27
ex3_229,10,1,416,238,13,9,27
ex3_229,10,1,416,238,13,10,27
ex3_229,10,1,414,234,11,8,27
ex3_229,10,1,416,239,13,7,27
ex3_229,10,1,415,235,12,11,27
ex3_229,10,1,416,236,13,13,27
ex3_229,10,1,416,238,13,12,27
ex3_229,10,1,416,240,13,14,27
ex3_229,10,1,416,237,13,15,27
ex3_229,10,1,428,246,25,3,28
ex3_229,10,1,431,251,28,5,28
ex3_229,10,1,433,252,30,7,28
ex3_229,10,1,429,241,26,8,28
ex3_229,10,1,430,249,27,1,28
ex3_229,10,1,433,250,30,10,28
ex3_229,10,1,434,248,31,11,28
ex3_229,10,1,432,252,29,2,28
ex3_229,10,1,432,253,29,4,28
ex3_229,10,1,429,250,26,6,28
ex3_229,10,1,430,247,27,15,28
ex3_229,10,1,433,250,30,9,28
ex3_229,10,1,431,251,28,12,28
ex3_229,10,1,435,251,32,13,28
ex3_229,10,1,434,254,31,14,28
ex3_229,10,1,418,235,15,2,29
ex3_229,10,1,423,239,20,3,29
ex3_229,10,1,423,242,20,4,29
ex3_229,10,1,423,243,20,5,29
ex3_229,10,1,424,242,21,6,29
ex3_229,10,1,425,243,22,7,29
ex3_229,10,1,423,239,20,1,29
ex3_229,10,1,423,240,20,14,29
ex3_229,10,1,420,237,17,8,29
ex3_229,10,1,424,243,21,9,29
ex3_229,10,1,422,238,19,10,29
ex3_229,10,1,424,236,21,11,29
ex3_229,10,1,424,241,21,12,29
ex3_229,10,1,423,243,20,13,29
ex3_229,10,1,419,236,16,15,29
ex3_229,10,1,421,239,18,3,30
ex3_229,10,1,421,238,18,5,30
ex3_229,10,1,423,241,20,7,30
ex3_229,10,1,424,240,21,1,30
ex3_229,10,1,421,238,18,11,30
ex3_229,10,1,423,242,20,2,30
ex3_229,10,1,420,237,17,10,30
ex3_229,10,1,422,239,19,12,30
ex3_229,10,1,420,239,17,13,30
ex3_229,10,1,420,236,17,4,30
ex3_229,10,1,421,242,18,6,30
ex3_229,10,1,420,236,17,8,30
ex3_229,10,1,420,236,17,9,30
ex3_229,10,1,421,242,18,14,30
ex3_229,10,1,422,239,19,15,30
ex3_229,10,1,430,254,27,4,31
ex3_229,10,1,431,254,28,6,31
ex3_229,10,1,427,245,24,8,31
ex3_229,10,1,429,244,26,7,31
ex3_229,10,1,428,247,25,9,31
ex3_229,10,1,425,241,22,1,31
ex3_229,10,1,425,243,22,2,31
ex3_229,10,1,427,243,24,3,31
ex3_229,10,1,428,247,25,5,31
ex3_229,10,1,423,242,20,10,31
ex3_229,10,1,431,253,28,11,31
ex3_229,10,1,427,244,24,12,31
ex3_229,10,1,431,254,28,13,31
ex3_229,10,1,428,244,25,14,31
ex3_229,10,1,427,246,24,15,31
ex3_229,10,1,418,240,15,2,32
ex3_229,10,1,418,239,15,4,32
ex3_229,10,1,418,238,15,1,32
ex3_229,10,1,419,244,16,12,32
ex3_229,10,1,419,245,16,11,32
ex3_229,10,1,417,238,14,3,32
ex3_229,10,1,417,238,14,13,32
ex3_229,10,1,418,239,15,14,32
ex3_229,10,1,419,242,16,5,32
ex3_229,10,1,418,241,15,6,32
ex3_229,10,1,418,243,15,7,32
ex3_229,10,1,419,240,16,8,32
ex3_229,10,1,419,240,16,9,32
ex3_229,10,1,418,238,15,10,32
ex3_229,10,1,419,238,16,15,32
ex3_229,10,1,429,242,26,1,33
ex3_229,10,1,429,250,26,2,33
ex3_229,10,1,425,245,22,4,33
ex3_229,10,1,425,243,22,6,33
ex3_229,10,1,423,242,20,11,33
ex3_229,10,1,434,253,31,12,33
ex3_229,10,1,429,250,26,3,33
ex3_229,10,1,427,244,24,5,33
ex3_229,10,1,430,240,27,8,33
ex3_229,10,1,428,248,25,7,33
ex3_229,10,1,425,243,22,9,33
ex3_229,10,1,422,238,19,10,33
ex3_229,10,1,422,243,19,13,33
ex3_229,10,1,424,241,21,14,33
ex3_229,10,1,424,241,21,15,33
ex3_229,10,1,417,239,14,8,34
ex3_229,10,1,415,236,12,7,34
ex3_229,10,1,415,235,12,1,34
ex3_229,10,1,417,237,14,11,34
ex3_229,10,1,415,235,12,3,34
ex3_229,10,1,415,236,12,2,34
ex3_229,10,1,417,238,14,4,34
ex3_229,10,1,415,236,12,14,34
ex3_229,10,1,415,235,12,5,34
ex3_229,10,1,417,239,14,6,34
ex3_229,10,1,416,237,13,9,34
ex3_229,10,1,415,236,12,10,34
ex3_229,10,1,417,241,14,12,34
ex3_229,10,1,416,237,13,13,34
ex3_229,10,1,415,236,12,15,34
ex3_229,10,1,445,254,42,2,35
ex3_229,10,1,443,258,40,4,35
ex3_229,10,1,447,259,44,5,35
ex3_229,10,1,446,255,43,6,35
ex3_229,10,1,443,257,40,9,35
ex3_229,10,1,444,257,41,10,35
ex3_229,10,1,442,256,39,1,35
ex3_229,10,1,446,261,43,12,35
ex3_229,10,1,442,258,39,3,35
ex3_229,10,1,439,252,36,7,35
ex3_229,10,1,439,259,36,8,35
ex3_229,10,1,445,259,42,11,35
ex3_229,10,1,443,260,40,13,35
ex3_229,10,1,446,265,43,14,35
ex3_229,10,1,444,260,41,15,35
ex3_229,10,1,421,238,18,5,36
ex3_229,10,1,422,241,19,6,36
ex3_229,10,1,417,236,14,7,36
ex3_229,10,1,423,240,20,8,36
ex3_229,10,1,421,242,18,1,36
ex3_229,10,1,417,235,14,2,36
ex3_229,10,1,422,242,19,3,36
ex3_229,10,1,422,242,19,13,36
ex3_229,10,1,420,241,17,14,36
ex3_229,10,1,420,239,17,4,36
ex3_229,10,1,422,234,19,12,36
ex3_229,10,1,422,240,19,9,36
ex3_229,10,1,420,238,17,10,36
ex3_229,10,1,422,244,19,11,36
ex3_229,10,1,422,242,19,15,36
ex3_229,10,1,425,243,22,2,37
ex3_229,10,1,425,242,22,3,37
ex3_229,10,1,427,239,24,4,37
ex3_229,10,1,425,240,22,5,37
ex3_229,10,1,424,239,21,7,37
ex3_229,10,1,427,243,24,8,37
ex3_229,10,1,425,241,22,1,37
ex3_229,10,1,426,240,23,14,37
ex3_229,10,1,425,238,22,6,37
ex3_229,10,1,425,238,22,10,37
ex3_229,10,1,428,239,25,9,37
ex3_229,10,1,424,240,21,11,37
ex3_229,10,1,431,247,28,12,37
ex3_229,10,1,425,240,22,13,37
ex3_229,10,1,425,239,22,15,37
ex3_229,10,1,416,236,13,4,38
ex3_229,10,1,415,235,12,5,38
ex3_229,10,1,416,235,13,1,38
ex3_229,10,1,416,236,13,2,38
ex3_229,10,1,416,239,13,3,38
ex3_229,10,1,416,237,13,8,38
ex3_229,10,1,416,239,13,10,38
ex3_229,10,1,416,237,13,9,38
ex3_229,10,1,416,236,13,6,38
ex3_229,10,1,414,233,11,7,38
ex3_229,10,1,416,236,13,11,38
ex3_229,10,1,415,234,12,13,38
ex3_229,10,1,414,233,11,12,38
ex3_229,10,1,415,235,12,14,38
ex3_229,10,1,416,236,13,15,38
ex3_229,10,1,418,238,15,1,39
ex3_229,10,1,428,246,25,2,39
ex3_229,10,1,422,239,19,3,39
ex3_229,10,1,419,240,16,4,39
ex3_229,10,1,418,238,15,6,39
ex3_229,10,1,425,240,22,7,39
ex3_229,10,1,419,237,16,8,39
ex3_229,10,1,423,241,20,10,39
ex3_229,10,1,420,239,17,12,39
ex3_229,10,1,423,242,20,5,39
ex3_229,10,1,423,247,20,15,39
ex3_229,10,1,426,245,23,9,39
ex3_229,10,1,420,241,17,11,39
ex3_229,10,1,420,240,17,13,39
ex3_229,10,1,420,241,17,14,39
ex3_229,10,1,419,237,16,1,40
ex3_229,10,1,421,237,18,2,40
ex3_229,10,1,420,238,17,4,40
ex3_229,10,1,419,237,16,5,40
ex3_229,10,1,420,241,17,7,40
ex3_229,10,1,421,235,18,8,40
ex3_229,10,1,420,239,17,11,40
ex3_229,10,1,424,242,21,3,40
ex3_229,10,1,420,237,17,13,40
ex3_229,10,1,421,236,18,14,40
ex3_229,10,1,421,242,18,15,40
ex3_229,10,1,421,241,18,6,40
ex3_229,10,1,420,237,17,9,40
ex3_229,10,1,419,237,16,10,40
ex3_229,10,1,422,241,19,12,40
ex3_229,10,1,426,246,23,1,41
ex3_229,10,1,426,244,23,2,41
ex3_229,10,1,427,250,24,3,41
ex3_229,10,1,424,243,21,4,41
ex3_229,10,1,425,242,22,7,41
ex3_229,10,1,423,244,20,8,41
ex3_229,10,1,424,241,21,12,41
ex3_229,10,1,427,243,24,11,41
ex3_229,10,1,426,244,23,14,41
ex3_229,10,1,424,244,21,5,41
ex3_229,10,1,427,247,24,6,41
ex3_229,10,1,424,246,21,9,41
ex3_229,10,1,424,243,21,10,41
ex3_229,10,1,425,243,22,13,41
ex3_229,10,1,425,241,22,15,41
ex3_229,10,1,420,237,17,2,42
ex3_229,10,1,420,240,17,4,42
ex3_229,10,1,421,240,18,6,42
ex3_229,10,1,422,239,19,5,42
ex3_229,10,1,426,241,23,7,42
ex3_229,10,1,425,244,22,8,42
ex3_229,10,1,423,239,20,10,42
ex3_229,10,1,425,239,22,12,42
ex3_229,10,1,422,240,19,1,42
ex3_229,10,1,422,239,19,3,42
ex3_229,10,1,426,245,23,9,42
ex3_229,10,1,420,237,17,11,42
ex3_229,10,1,424,241,21,13,42
ex3_229,10,1,422,241,19,14,42
ex3_229,10,1,420,240,17,15,42
ex3_229,10,1,424,243,21,3,43
ex3_229,10,1,429,247,26,5,43
ex3_229,10,1,426,244,23,6,43
ex3_229,10,1,426,245,23,7,43
ex3_229,10,1,428,247,25,8,43
ex3_229,10,1,424,243,21,9,43
ex3_229,10,1,423,240,20,1,43
ex3_229,10,1,424,243,21,11,43
ex3_229,10,1,428,240,25,2,43
ex3_229,10,1,424,241,21,4,43
ex3_229,10,1,424,243,21,14,43
ex3_229,10,1,425,242,22,10,43
ex3_229,10,1,424,243,21,12,43
ex3_229,10,1,426,240,23,13,43
ex3_229,10,1,424,243,21,15,43
ex3_229,10,1,420,239,17,6,44
ex3_229,10,1,420,239,17,1,44
ex3_229,10,1,418,231,15,3,44
ex3_229,10,1,418,232,15,2,44
ex3_229,10,1,422,241,19,4,44
ex3_229,10,1,420,239,17,5,44
ex3_229,10,1,420,237,17,14,44
ex3_229,10,1,419,235,16,7,44
ex3_229,10,1,418,232,15,11,44
ex3_229,10,1,418,234,15,8,44
ex3_229,10,1,420,241,17,10,44
ex3_229,10,1,420,235,17,9,44
ex3_229,10,1,420,239,17,12,44
ex3_229,10,1,420,239,17,13,44
ex3_229,10,1,418,233,15,15,44
ex3_229,10,1,421,240,18,1,45
ex3_229,10,1,421,243,18,2,45
ex3_229,10,1,421,244,18,3,45
ex3_229,10,1,421,240,18,4,45
ex3_229,10,1,419,240,16,5,45
ex3_229,10,1,421,240,18,6,45
ex3_229,10,1,422,239,19,7,45
ex3_229,10,1,425,242,22,8,45
ex3_229,10,1,418,236,15,9,45
ex3_229,10,1,421,240,18,10,45
ex3_229,10,1,421,239,18,11,45
ex3_229,10,1,420,239,17,12,45
ex3_229,10,1,421,239,18,13,45
ex3_229,10,1,423,243,20,14,45
ex3_229,10,1,424,245,21,15,45
ex3_229,10,1,427,246,24,1,46
ex3_229,10,1,425,243,22,2,46
ex3_229,10,1,425,247,22,3,46
ex3_229,10,1,425,243,22,4,46
ex3_229,10,1,426,247,23,5,46
ex3_229,10,1,426,245,23,7,46
ex3_229,10,1,430,248,27,11,46
ex3_229,10,1,423,241,20,13,46
ex3_229,10,1,425,241,22,12,46
ex3_229,10,1,426,245,23,6,46
ex3_229,10,1,423,240,20,9,46
ex3_229,10,1,427,245,24,8,46
ex3_229,10,1,423,240,20,10,46
ex3_229,10,1,423,240,20,14,46
ex3_229,10,1,425,245,22,15,46
ex3_229,10,1,439,257,36,4,47
ex3_229,10,1,438,261,35,5,47
ex3_229,10,1,430,240,27,6,47
ex3_229,10,1,442,254,39,8,47
ex3_229,10,1,435,256,32,9,47
ex3_229,10,1,435,253,32,1,47
ex3_229,10,1,436,250,33,10,47
ex3_229,10,1,437,256,34,2,47
ex3_229,10,1,438,257,35,3,47
ex3_229,10,1,437,249,34,14,47
ex3_229,10,1,430,242,27,7,47
ex3_229,10,1,438,251,35,11,47
ex3_229,10,1,442,265,39,12,47
ex3_229,10,1,433,247,30,13,47
ex3_229,10,1,430,243,27,15,47
ex3_229,10,1,418,241,15,1,48
ex3_229,10,1,418,236,15,3,48
ex3_229,10,1,419,244,16,4,48
ex3_229,10,1,418,235,15,5,48
ex3_229,10,1,417,237,14,6,48
ex3_229,10,1,419,238,16,7,48
ex3_229,10,1,418,238,15,2,48
ex3_229,10,1,419,238,16,10,48
ex3_229,10,1,419,238,16,8,48
ex3_229,10,1,417,236,14,9,48
ex3_229,10,1,418,237,15,11,48
ex3_229,10,1,418,237,15,12,48
ex3_229,10,1,418,238,15,13,48
ex3_229,10,1,418,236,15,14,48
ex3_229,10,1,418,239,15,15,48
ex3_229,10,1,420,238,17,1,49
ex3_229,10,1,421,241,18,2,49
ex3_229,10,1,421,241,18,5,49
ex3_229,10,1,421,242,18,7,49
ex3_229,10,1,421,242,18,8,49
ex3_229,10,1,421,239,18,9,49
ex3_229,10,1,421,240,18,10,49
ex3_229,10,1,420,239,17,11,49
ex3_229,10,1,421,242,18,3,49
ex3_229,10,1,421,241,18,12,49
ex3_229,10,1,421,243,18,4,49
ex3_229,10,1,421,242,18,6,49
ex3_229,10,1,421,245,18,14,49
ex3_229,10,1,421,241,18,13,49
ex3_229,10,1,421,242,18,15,49
ex3_229,10,1,420,240,17,3,50
ex3_229,10,1,422,243,19,4,50
ex3_229,10,1,424,245,21,5,50
ex3_229,10,1,423,243,20,6,50
ex3_229,10,1,421,238,18,7,50
ex3_229,10,1,424,243,21,8,50
ex3_229,10,1,424,242,21,9,50
ex3_229,10,1,423,238,20,1,50
ex3_229,10,1,421,238,18,2,50
ex3_229,10,1,423,243,20,14,50
ex3_229,10,1,425,244,22,13,50
ex3_229,10,1,421,239,18,10,50
ex3_229,10,1,420,238,17,11,50
ex3_229,10,1,420,241,17,12,50
ex3_229,10,1,420,239,17,15,50
sf_276,10,10,832,478,54,1,0
sf_276,10,10,859,498,81,2,0
sf_276,10,10,832,481,54,3,0
sf_276,10,10,855,493,77,4,0
sf_276,10,10,841,486,63,5,0
sf_276,10,10,824,461,46,6,0
sf_276,10,10,855,500,77,7,0
sf_276,10,10,839,487,61,11,0
sf_276,10,10,859,496,81,13,0
sf_276,10,10,841,483,63,8,0
sf_276,10,10,855,496,77,9,0
sf_276,10,10,839,483,61,10,0
sf_276,10,10,824,459,46,12,0
sf_276,10,10,824,463,46,14,0
sf_276,10,10,855,495,77,15,0
sf_276,10,10,799,452,21,2,1
sf_276,10,10,817,468,39,1,1
sf_276,10,10,799,447,21,5,1
sf_276,10,10,799,452,21,6,1
sf_276,10,10,799,453,21,8,1
sf_276,10,10,815,466,37,9,1
sf_276,10,10,838,489,60,14,1
sf_276,10,10,799,453,21,15,1
sf_276,10,10,799,450,21,3,1
sf_276,10,10,799,452,21,4,1
sf_276,10,10,799,453,21,7,1
sf_276,10,10,799,454,21,10,1
sf_276,10,10,815,467,37,11,1
sf_276,10,10,799,454,21,12,1
sf_276,10,10,799,450,21,13,1
sf_276,10,10,850,499,72,5,2
sf_276,10,10,825,480,47,7,2
sf_276,10,10,832,482,54,8,2
sf_276,10,10,832,484,54,9,2
sf_276,10,10,833,488,55,11,2
sf_276,10,10,832,482,54,13,2
sf_276,10,10,851,499,73,14,2
sf_276,10,10,833,484,55,1,2
sf_276,10,10,825,478,47,15,2
sf_276,10,10,832,484,54,3,2
sf_276,10,10,825,479,47,2,2
sf_276,10,10,825,477,47,4,2
sf_276,10,10,825,477,47,6,2
sf_276,10,10,825,478,47,10,2
sf_276,10,10,832,483,54,12,2
sf_276,10,10,824,464,46,2,3
sf_276,10,10,824,466,46,1,3
sf_276,10,10,824,469,46,3,3
sf_276,10,10,823,468,45,4,3
sf_276,10,10,823,471,45,5,3
sf_276,10,10,823,466,45,6,3
sf_276,10,10,823,468,45,13,3
sf_276,10,10,824,468,46,7,3
sf_276,10,10,824,465,46,8,3
sf_276,10,10,823,468,45,10,3
sf_276,10,10,823,467,45,14,3
sf_276,10,10,824,468,46,11,3
sf_276,10,10,824,469,46,9,3
sf_276,10,10,823,469,45,12,3
sf_276,10,10,824,466,46,15,3
sf_276,10,10,837,484,59,1,4
sf_276,10,10,835,487,57,5,4
sf_276,10,10,837,485,59,6,4
sf_276,10,10,835,485,57,7,4
sf_276,10,10,837,489,59,9,4
sf_276,10,10,837,488,59,8,4
sf_276,10,10,837,487,59,12,4
sf_276,10,10,837,487,59,14,4
sf_276,10,10,837,485,59,2,4
sf_276,10,10,837,482,59,15,4
sf_276,10,10,837,483,59,3,4
sf_276,10,10,837,486,59,4,4
sf_276,10,10,837,483,59,10,4
sf_276,10,10,837,484,59,11,4
sf_276,10,10,835,485,57,13,4
sf_276,10,10,795,448,17,1,5
sf_276,10,10,833,475,55,2,5
sf_276,10,10,811,467,33,5,5
sf_276,10,10,799,451,21,6,5
sf_276,10,10,813,465,35,7,5
sf_276,10,10,833,474,55,8,5
sf_276,10,10,813,464,35,3,5
sf_276,10,10,799,453,21,4,5
sf_276,10,10,829,479,51,9,5
sf_276,10,10,824,464,46,10,5
sf_276,10,10,825,471,47,11,5
sf_276,10,10,824,466,46,12,5
sf_276,10,10,829,478,51,13,5
sf_276,10,10,813,462,35,14,5
sf_276,10,10,825,473,47,15,5
sf_276,10,10,795,452,17,1,6
sf_276,10,10,795,452,17,3,6
sf_276,10,10,795,451,17,6,6
sf_276,10,10,795,451,17,7,6
sf_276,10,10,795,450,17,8,6
sf_276,10,10,795,449,17,11,6
sf_276,10,10,795,452,17,12,6
sf_276,10,10,795,451,17,10,6
sf_276,10,10,795,451,17,14,6
sf_276,10,10,795,451,17,15,6
sf_276,10,10,795,450,17,2,6
sf_276,10,10,795,449,17,4,6
sf_276,10,10,795,450,17,5,6
sf_276,10,10,795,452,17,9,6
sf_276,10,10,795,448,17,13,6
sf_276,10,10,824,467,46,2,7
sf_276,10,10,824,470,46,4,7
sf_276,10,10,793,449,15,5,7
sf_276,10,10,793,447,15,12,7
sf_276,10,10,825,469,47,1,7
sf_276,10,10,793,449,15,13,7
sf_276,10,10,824,467,46,14,7
sf_276,10,10,824,466,46,15,7
sf_276,10,10,793,447,15,3,7
sf_276,10,10,825,464,47,6,7
sf_276,10,10,793,448,15,7,7
sf_276,10,10,825,465,47,8,7
sf_276,10,10,793,446,15,9,7
sf_276,10,10,825,467,47,10,7
sf_276,10,10,825,466,47,11,7
sf_276,10,10,793,447,15,1,8
sf_276,10,10,793,446,15,5,8
sf_276,10,10,793,447,15,6,8
sf_276,10,10,793,448,15,8,8
sf_276,10,10,793,447,15,9,8
sf_276,10,10,793,447,15,11,8
sf_276,10,10,793,448,15,12,8
sf_276,10,10,793,445,15,14,8
sf_276,10,10,793,447,15,15,8
sf_276,10,10,793,446,15,2,8
sf_276,10,10,793,447,15,3,8
sf_276,10,10,793,447,15,4,8
sf_276,10,10,793,447,15,7,8
sf_276,10,10,793,447,15,10,8
sf_276,10,10,793,448,15,13,8
sf_276,10,10,829,478,51,1,9
sf_276,10,10,829,476,51,2,9
sf_276,10,10,829,472,51,4,9
sf_276,10,10,829,476,51,5,9
sf_276,10,10,829,477,51,6,9
sf_276,10,10,829,476,51,7,9
sf_276,10,10,829,476,51,11,9
sf_276,10,10,829,475,51,3,9
sf_276,10,10,829,480,51,9,9
sf_276,10,10,829,476,51,8,9
sf_276,10,10,829,477,51,10,9
sf_276,10,10,829,478,51,12,9
sf_276,10,10,829,478,51,13,9
sf_276,10,10,829,474,51,14,9
sf_276,10,10,829,481,51,15,9
sf_276,10,10,793,446,15,1,10
sf_276,10,10,793,447,15,2,10
sf_276,10,10,793,445,15,3,10
sf_276,10,10,792,447,14,4,10
sf_276,10,10,793,445,15,6,10
sf_276,10,10,793,445,15,7,10
sf_276,10,10,793,445,15,9,10
sf_276,10,10,792,449,14,14,10
sf_276,10,10,793,446,15,15,10
sf_276,10,10,793,443,15,5,10
sf_276,10,10,793,445,15,8,10
sf_276,10,10,793,445,15,10,10
sf_276,10,10,793,447,15,11,10
sf_276,10,10,793,445,15,12,10
sf_276,10,10,793,445,15,13,10
sf_276,10,10,799,452,21,1,11
sf_276,10,10,795,452,17,2,11
sf_276,10,10,813,467,35,3,11
sf_276,10,10,799,455,21,4,11
sf_276,10,10,813,467,35,8,11
sf_276,10,10,795,452,17,11,11
sf_276,10,10,795,452,17,12,11
sf_276,10,10,795,451,17,13,11
sf_276,10,10,799,455,21,15,11
sf_276,10,10,799,457,21,5,11
sf_276,10,10,795,449,17,6,11
sf_276,10,10,799,454,21,7,11
sf_276,10,10,795,450,17,9,11
sf_276,10,10,813,468,35,10,11
sf_276,10,10,799,456,21,14,11
sf_276,10,10,833,482,55,2,12
sf_276,10,10,843,492,65,3,12
sf_276,10,10,818,461,40,4,12
sf_276,10,10,833,485,55,6,12
sf_276,10,10,833,489,55,7,12
sf_276,10,10,833,484,55,10,12
sf_276,10,10,812,451,34,11,12
sf_276,10,10,833,484,55,12,12
sf_276,10,10,820,465,42,13,12
sf_276,10,10,833,487,55,1,12
sf_276,10,10,833,484,55,5,12
sf_276,10,10,833,486,55,8,12
sf_276,10,10,833,488,55,9,12
sf_276,10,10,833,480,55,14,12
sf_276,10,10,833,486,55,15,12
sf_276,10,10,789,447,11,1,13
sf_276,10,10,789,445,11,3,13
sf_276,10,10,789,447,11,5,13
sf_276,10,10,789,446,11,9,13
sf_276,10,10,789,447,11,2,13
sf_276,10,10,789,447,11,14,13
sf_276,10,10,789,446,11,4,13
sf_276,10,10,789,446,11,6,13
sf_276,10,10,789,447,11,7,13
sf_276,10,10,789,446,11,8,13
sf_276,10,10,789,446,11,10,13
sf_276,10,10,789,446,11,11,13
sf_276,10,10,789,446,11,13,13
sf_276,10,10,789,446,11,12,13
sf_276,10,10,789,447,11,15,13
sf_276,10,10,798,452,20,1,14
sf_276,10,10,798,452,20,2,14
sf_276,10,10,798,450,20,3,14
sf_276,10,10,798,451,20,4,14
sf_276,10,10,814,470,36,10,14
sf_276,10,10,798,453,20,12,14
sf_276,10,10,814,466,36,13,14
sf_276,10,10,798,451,20,5,14
sf_276,10,10,798,451,20,6,14
sf_276,10,10,798,449,20,7,14
sf_276,10,10,798,453,20,8,14
sf_276,10,10,798,451,20,9,14
sf_276,10,10,798,452,20,11,14
sf_276,10,10,798,452,20,14,14
sf_276,10,10,798,451,20,15,14
sf_276,10,10,800,449,22,1,15
sf_276,10,10,800,449,22,10,15
sf_276,10,10,825,468,47,2,15
sf_276,10,10,800,447,22,13,15
sf_276,10,10,800,446,22,14,15
sf_276,10,10,800,450,22,3,15
sf_276,10,10,825,468,47,4,15
sf_276,10,10,800,447,22,5,15
sf_276,10,10,800,448,22,6,15
sf_276,10,10,800,449,22,7,15
sf_276,10,10,800,449,22,8,15
sf_276,10,10,800,448,22,9,15
sf_276,10,10,800,448,22,11,15
sf_276,10,10,800,449,22,12,15
sf_276,10,10,800,448,22,15,15
sf_276,10,10,837,487,59,4,16
sf_276,10,10,830,475,52,5,16
sf_276,10,10,830,481,52,6,16
sf_276,10,10,830,475,52,7,16
sf_276,10,10,830,475,52,8,16
sf_276,10,10,830,478,52,12,16
sf_276,10,10,830,476,52,13,16
sf_276,10,10,830,477,52,14,16
sf_276,10,10,830,480,52,1,16
sf_276,10,10,830,477,52,2,16
sf_276,10,10,830,478,52,3,16
sf_276,10,10,830,479,52,9,16
sf_276,10,10,830,476,52,10,16
sf_276,10,10,830,478,52,11,16
sf_276,10,10,830,478,52,15,16
sf_276,10,10,836,486,58,1,17
sf_276,10,10,833,479,55,2,17
sf_276,10,10,836,490,58,4,17
sf_276,10,10,836,487,58,5,17
sf_276,10,10,836,492,58,6,17
sf_276,10,10,836,485,58,7,17
sf_276,10,10,836,483,58,8,17
sf_276,10,10,833,481,55,13,17
sf_276,10,10,836,485,58,15,17
sf_276,10,10,836,484,58,3,17
sf_276,10,10,836,487,58,9,17
sf_276,10,10,833,484,55,10,17
sf_276,10,10,818,466,40,12,17
sf_276,10,10,836,487,58,14,17
sf_276,10,10,833,476,55,11,17
sf_276,10,10,830,482,52,2,18
sf_276,10,10,830,484,52,7,18
sf_276,10,10,830,484,52,1,18
sf_276,10,10,830,479,52,13,18
sf_276,10,10,830,484,52,14,18
sf_276,10,10,830,483,52,3,18
sf_276,10,10,830,483,52,4,18
sf_276,10,10,830,483,52,5,18
sf_276,10,10,830,484,52,6,18
sf_276,10,10,830,480,52,9,18
sf_276,10,10,830,482,52,11,18
sf_276,10,10,830,481,52,8,18
sf_276,10,10,830,479,52,10,18
sf_276,10,10,830,480,52,12,18
sf_276,10,10,830,481,52,15,18
sf_276,10,10,791,447,13,6,19
sf_276,10,10,791,444,13,5,19
sf_276,10,10,791,450,13,1,19
sf_276,10,10,791,442,13,2,19
sf_276,10,10,791,446,13,3,19
sf_276,10,10,791,446,13,4,19
sf_276,10,10,791,448,13,14,19
sf_276,10,10,791,446,13,13,19
sf_276,10,10,791,447,13,7,19
sf_276,10,10,791,448,13,15,19
sf_276,10,10,791,447,13,8,19
sf_276,10,10,791,449,13,9,19
sf_276,10,10,791,447,13,10,19
sf_276,10,10,791,446,13,11,19
sf_276,10,10,791,445,13,12,19
sf_276,10,10,800,456,22,3,20
sf_276,10,10,800,457,22,2,20
sf_276,10,10,800,456,22,4,20
sf_276,10,10,800,455,22,8,20
sf_276,10,10,831,480,53,12,20
sf_276,10,10,800,456,22,1,20
sf_276,10,10,800,455,22,11,20
sf_276,10,10,831,481,53,5,20
sf_276,10,10,800,455,22,13,20
sf_276,10,10,800,454,22,6,20
sf_276,10,10,800,455,22,7,20
sf_276,10,10,831,480,53,10,20
sf_276,10,10,831,481,53,9,20
sf_276,10,10,800,455,22,14,20
sf_276,10,10,800,455,22,15,20
sf_276,10,10,839,487,61,1,21
sf_276,10,10,839,484,61,5,21
sf_276,10,10,839,491,61,3,21
sf_276,10,10,839,488,61,6,21
sf_276,10,10,812,447,34,7,21
sf_276,10,10,839,485,61,2,21
sf_276,10,10,839,488,61,12,21
sf_276,10,10,839,488,61,8,21
sf_276,10,10,839,489,61,9,21
sf_276,10,10,839,485,61,10,21
sf_276,10,10,839,484,61,4,21
sf_276,10,10,839,485,61,11,21
sf_276,10,10,839,485,61,13,21
sf_276,10,10,839,490,61,14,21
sf_276,10,10,839,487,61,15,21
sf_276,10,10,817,463,39,2,22
sf_276,10,10,836,488,58,3,22
sf_276,10,10,836,487,58,5,22
sf_276,10,10,815,459,37,7,22
sf_276,10,10,844,493,66,8,22
sf_276,10,10,836,487,58,9,22
sf_276,10,10,836,487,58,11,22
sf_276,10,10,809,453,31,12,22
sf_276,10,10,836,486,58,1,22
sf_276,10,10,815,457,37,4,22
sf_276,10,10,836,489,58,6,22
sf_276,10,10,844,500,66,10,22
sf_276,10,10,809,452,31,13,22
sf_276,10,10,836,489,58,14,22
sf_276,10,10,815,459,37,15,22
sf_276,10,10,832,478,54,3,23
sf_276,10,10,832,487,54,2,23
sf_276,10,10,832,487,54,4,23
sf_276,10,10,832,485,54,6,23
sf_276,10,10,832,487,54,7,23
sf_276,10,10,832,487,54,8,23
sf_276,10,10,832,485,54,9,23
sf_276,10,10,832,485,54,10,23
sf_276,10,10,832,485,54,12,23
sf_276,10,10,832,483,54,13,23
sf_276,10,10,832,488,54,1,23
sf_276,10,10,832,483,54,14,23
sf_276,10,10,832,485,54,5,23
sf_276,10,10,832,483,54,11,23
sf_276,10,10,832,487,54,15,23
sf_276,10,10,793,446,15,1,24
sf_276,10,10,793,446,15,2,24
sf_276,10,10,793,447,15,3,24
sf_276,10,10,793,448,15,6,24
sf_276,10,10,793,448,15,4,24
sf_276,10,10,793,446,15,5,24
sf_276,10,10,793,445,15,7,24
sf_276,10,10,793,444,15,15,24
sf_276,10,10,793,447,15,8,24
sf_276,10,10,793,447,15,9,24
sf_276,10,10,793,445,15,10,24
sf_276,10,10,793,447,15,12,24
sf_276,10,10,793,444,15,11,24
sf_276,10,10,793,448,15,13,24
sf_276,10,10,793,446,15,14,24
sf_276,10,10,827,465,49,1,25
sf_276,10,10,824,463,46,2,25
sf_276,10,10,811,449,33,3,25
sf_276,10,10,824,467,46,4,25
sf_276,10,10,811,449,33,5,25
sf_276,10,10,811,451,33,10,25
sf_276,10,10,824,466,46,11,25
sf_276,10,10,824,462,46,13,25
sf_276,10,10,823,465,45,14,25
sf_276,10,10,811,450,33,6,25
sf_276,10,10,824,465,46,7,25
sf_276,10,10,823,461,45,8,25
sf_276,10,10,824,466,46,9,25
sf_276,10,10,811,448,33,12,25
sf_276,10,10,818,453,40,15,25
sf_276,10,10,827,471,49,8,26
sf_276,10,10,816,452,38,10,26
sf_276,10,10,816,452,38,1,26
sf_276,10,10,825,464,47,2,26
sf_276,10,10,833,480,55,11,26
sf_276,10,10,816,451,38,3,26
sf_276,10,10,825,462,47,4,26
sf_276,10,10,825,466,47,14,26
sf_276,10,10,815,448,37,5,26
sf_276,10,10,824,460,46,6,26
sf_276,10,10,815,451,37,7,26
sf_276,10,10,833,478,55,15,26
sf_276,10,10,826,472,48,9,26
sf_276,10,10,825,461,47,12,26
sf_276,10,10,816,451,38,13,26
sf_276,10,10,792,448,14,2,27
sf_276,10,10,792,447,14,3,27
sf_276,10,10,792,447,14,4,27
sf_276,10,10,792,448,14,7,27
sf_276,10,10,792,448,14,12,27
sf_276,10,10,792,447,14,13,27
sf_276,10,10,792,447,14,1,27
sf_276,10,10,792,448,14,11,27
sf_276,10,10,792,447,14,15,27
sf_276,10,10,792,448,14,5,27
sf_276,10,10,792,449,14,6,27
sf_276,10,10,792,447,14,8,27
sf_276,10,10,792,448,14,10,27
sf_276,10,10,792,447,14,9,27
sf_276,10,10,792,445,14,14,27
sf_276,10,10,831,483,53,2,28
sf_276,10,10,831,485,53,3,28
sf_276,10,10,831,479,53,4,28
sf_276,10,10,831,482,53,5,28
sf_276,10,10,831,482,53,6,28
sf_276,10,10,831,481,53,7,28
sf_276,10,10,831,480,53,11,28
sf_276,10,10,831,478,53,1,28
sf_276,10,10,831,480,53,8,28
sf_276,10,10,831,482,53,9,28
sf_276,10,10,831,482,53,14,28
sf_276,10,10,831,479,53,10,28
sf_276,10,10,831,480,53,12,28
sf_276,10,10,831,480,53,13,28
sf_276,10,10,831,478,53,15,28
sf_276,10,10,796,446,18,1,29
sf_276,10,10,796,446,18,3,29
sf_276,10,10,796,447,18,4,29
sf_276,10,10,796,446,18,6,29
sf_276,10,10,796,447,18,9,29
sf_276,10,10,796,445,18,11,29
sf_276,10,10,796,446,18,10,29
sf_276,10,10,796,448,18,12,29
sf_276,10,10,796,444,18,14,29
sf_276,10,10,796,447,18,2,29
sf_276,10,10,796,447,18,15,29
sf_276,10,10,796,447,18,5,29
sf_276,10,10,796,446,18,8,29
sf_276,10,10,796,446,18,7,29
sf_276,10,10,796,446,18,13,29
sf_276,10,10,800,454,22,2,30
sf_276,10,10,800,455,22,3,30
sf_276,10,10,800,452,22,8,30
sf_276,10,10,800,451,22,10,30
sf_276,10,10,800,453,22,1,30
sf_276,10,10,832,478,54,12,30
sf_276,10,10,832,485,54,4,30
sf_276,10,10,816,469,38,5,30
sf_276,10,10,800,452,22,6,30
sf_276,10,10,832,478,54,14,30
sf_276,10,10,816,466,38,7,30
sf_276,10,10,795,450,17,15,30
sf_276,10,10,800,453,22,9,30
sf_276,10,10,832,482,54,11,30
sf_276,10,10,800,452,22,13,30
sf_276,10,10,833,481,55,1,31
sf_276,10,10,829,475,51,2,31
sf_276,10,10,829,478,51,3,31
sf_276,10,10,835,481,57,6,31
sf_276,10,10,829,476,51,8,31
sf_276,10,10,829,481,51,9,31
sf_276,10,10,829,476,51,12,31
sf_276,10,10,833,483,55,14,31
sf_276,10,10,829,478,51,4,31
sf_276,10,10,829,476,51,5,31
sf_276,10,10,829,478,51,7,31
sf_276,10,10,829,480,51,10,31
sf_276,10,10,829,477,51,11,31
sf_276,10,10,826,477,48,13,31
sf_276,10,10,829,477,51,15,31
sf_276,10,10,797,450,19,1,32
sf_276,10,10,793,444,15,3,32
sf_276,10,10,793,446,15,4,32
sf_276,10,10,797,450,19,5,32
sf_276,10,10,793,447,15,8,32
sf_276,10,10,797,450,19,7,32
sf_276,10,10,792,445,14,10,32
sf_276,10,10,797,450,19,13,32
sf_276,10,10,793,448,15,14,32
sf_276,10,10,797,448,19,2,32
sf_276,10,10,793,447,15,6,32
sf_276,10,10,793,447,15,11,32
sf_276,10,10,793,448,15,9,32
sf_276,10,10,793,447,15,12,32
sf_276,10,10,793,446,15,15,32
sf_276,10,10,825,461,47,3,33
sf_276,10,10,825,467,47,1,33
sf_276,10,10,825,461,47,2,33
sf_276,10,10,825,459,47,5,33
sf_276,10,10,812,450,34,6,33
sf_276,10,10,824,462,46,4,33
sf_276,10,10,812,452,34,13,33
sf_276,10,10,822,462,44,7,33
sf_276,10,10,825,468,47,8,33
sf_276,10,10,822,462,44,9,33
sf_276,10,10,824,468,46,10,33
sf_276,10,10,826,464,48,11,33
sf_276,10,10,824,463,46,12,33
sf_276,10,10,812,450,34,14,33
sf_276,10,10,824,465,46,15,33
sf_276,10,10,792,445,14,1,34
sf_276,10,10,792,446,14,2,34
sf_276,10,10,792,445,14,4,34
sf_276,10,10,792,447,14,5,34
sf_276,10,10,792,445,14,3,34
sf_276,10,10,792,445,14,11,34
sf_276,10,10,792,444,14,14,34
sf_276,10,10,792,446,14,6,34
sf_276,10,10,792,444,14,7,34
sf_276,10,10,792,447,14,8,34
sf_276,10,10,792,444,14,10,34
sf_276,10,10,792,447,14,9,34
sf_276,10,10,792,447,14,12,34
sf_276,10,10,792,447,14,13,34
sf_276,10,10,792,444,14,15,34
sf_276,10,10,837,489,59,1,35
sf_276,10,10,837,487,59,2,35
sf_276,10,10,837,489,59,3,35
sf_276,10,10,826,467,48,5,35
sf_276,10,10,837,486,59,6,35
sf_276,10,10,837,489,59,7,35
sf_276,10,10,837,488,59,13,35
sf_276,10,10,837,487,59,4,35
sf_276,10,10,837,488,59,8,35
sf_276,10,10,837,485,59,9,35
sf_276,10,10,837,486,59,12,35
sf_276,10,10,837,489,59,10,35
sf_276,10,10,837,488,59,11,35
sf_276,10,10,837,483,59,14,35
sf_276,10,10,837,485,59,15,35
sf_276,10,10,811,446,33,1,36
sf_276,10,10,836,484,58,2,36
sf_276,10,10,836,484,58,7,36
sf_276,10,10,811,446,33,6,36
sf_276,10,10,836,476,58,9,36
sf_276,10,10,836,476,58,3,36
sf_276,10,10,811,448,33,4,36
sf_276,10,10,811,445,33,12,36
sf_276,10,10,836,484,58,5,36
sf_276,10,10,836,482,58,8,36
sf_276,10,10,836,484,58,10,36
sf_276,10,10,811,446,33,11,36
sf_276,10,10,811,447,33,13,36
sf_276,10,10,811,447,33,14,36
sf_276,10,10,811,446,33,15,36
sf_276,10,10,831,477,53,1,37
sf_276,10,10,830,479,52,3,37
sf_276,10,10,830,480,52,6,37
sf_276,10,10,831,478,53,7,37
sf_276,10,10,835,480,57,10,37
sf_276,10,10,830,482,52,11,37
sf_276,10,10,831,479,53,12,37
sf_276,10,10,831,476,53,2,37
sf_276,10,10,831,479,53,4,37
sf_276,10,10,830,480,52,15,37
sf_276,10,10,835,482,57,5,37
sf_276,10,10,835,478,57,9,37
sf_276,10,10,837,483,59,8,37
sf_276,10,10,830,486,52,13,37
sf_276,10,10,835,482,57,14,37
sf_276,10,10,791,446,13,2,38
sf_276,10,10,791,446,13,1,38
sf_276,10,10,791,443,13,3,38
sf_276,10,10,791,444,13,4,38
sf_276,10,10,791,444,13,12,38
sf_276,10,10,791,446,13,5,38
sf_276,10,10,791,446,13,14,38
sf_276,10,10,791,445,13,15,38
sf_276,10,10,791,444,13,7,38
sf_276,10,10,791,446,13,6,38
sf_276,10,10,791,444,13,8,38
sf_276,10,10,791,444,13,9,38
sf_276,10,10,791,445,13,10,38
sf_276,10,10,791,444,13,11,38
sf_276,10,10,791,446,13,13,38
sf_276,10,10,829,473,51,2,39
sf_276,10,10,829,477,51,4,39
sf_276,10,10,829,473,51,7,39
sf_276,10,10,829,475,51,6,39
sf_276,10,10,829,475,51,9,39
sf_276,10,10,828,475,50,11,39
sf_276,10,10,829,469,51,10,39
sf_276,10,10,828,475,50,1,39
sf_276,10,10,828,473,50,15,39
sf_276,10,10,829,476,51,3,39
sf_276,10,10,829,473,51,5,39
sf_276,10,10,828,471,50,8,39
sf_276,10,10,828,474,50,12,39
sf_276,10,10,829,475,51,13,39
sf_276,10,10,829,475,51,14,39
sf_276,10,10,793,446,15,1,40
sf_276,10,10,793,446,15,2,40
sf_276,10,10,793,446,15,3,40
sf_276,10,10,793,447,15,4,40
sf_276,10,10,793,446,15,5,40
sf_276,10,10,793,447,15,6,40
sf_276,10,10,793,445,15,7,40
sf_276,10,10,793,447,15,15,40
sf_276,10,10,793,447,15,8,40
sf_276,10,10,793,447,15,9,40
sf_276,10,10,793,447,15,10,40
sf_276,10,10,793,445,15,11,40
sf_276,10,10,793,447,15,12,40
sf_276,10,10,793,446,15,13,40
sf_276,10,10,793,445,15,14,40
sf_276,10,10,799,452,21,1,41
sf_276,10,10,799,453,21,2,41
sf_276,10,10,799,452,21,3,41
sf_276,10,10,799,452,21,4,41
sf_276,10,10,799,451,21,5,41
sf_276,10,10,799,452,21,6,41
sf_276,10,10,799,453,21,12,41
sf_276,10,10,799,454,21,15,41
sf_276,10,10,799,451,21,7,41
sf_276,10,10,799,453,21,8,41
sf_276,10,10,799,453,21,9,41
sf_276,10,10,799,454,21,10,41
sf_276,10,10,799,452,21,11,41
sf_276,10,10,799,450,21,13,41
sf_276,10,10,799,451,21,14,41
sf_276,10,10,835,479,57,1,42
sf_276,10,10,848,497,70,2,42
sf_276,10,10,835,477,57,3,42
sf_276,10,10,841,490,63,4,42
sf_276,10,10,851,504,73,6,42
sf_276,10,10,848,493,70,5,42
sf_276,10,10,848,496,70,7,42
sf_276,10,10,851,509,73,13,42
sf_276,10,10,847,503,69,14,42
sf_276,10,10,842,493,64,15,42
sf_276,10,10,845,502,67,9,42
sf_276,10,10,827,472,49,8,42
sf_276,10,10,835,479,57,10,42
sf_276,10,10,826,471,48,11,42
sf_276,10,10,841,492,63,12,42
sf_276,10,10,798,451,20,1,43
sf_276,10,10,798,449,20,2,43
sf_276,10,10,798,450,20,3,43
sf_276,10,10,798,449,20,4,43
sf_276,10,10,798,451,20,5,43
sf_276,10,10,798,447,20,7,43
sf_276,10,10,798,451,20,8,43
sf_276,10,10,798,450,20,12,43
sf_276,10,10,798,450,20,6,43
sf_276,10,10,798,451,20,9,43
sf_276,10,10,798,451,20,10,43
sf_276,10,10,798,449,20,11,43
sf_276,10,10,798,450,20,13,43
sf_276,10,10,798,448,20,14,43
sf_276,10,10,798,450,20,15,43
sf_276,10,10,834,485,56,1,44
sf_276,10,10,834,485,56,5,44
sf_276,10,10,799,452,21,7,44
sf_276,10,10,834,488,56,10,44
sf_276,10,10,799,453,21,13,44
sf_276,10,10,834,485,56,2,44
sf_276,10,10,799,452,21,14,44
sf_276,10,10,834,489,56,3,44
sf_276,10,10,834,489,56,4,44
sf_276,10,10,834,487,56,6,44
sf_276,10,10,834,482,56,8,44
sf_276,10,10,834,488,56,9,44
sf_276,10,10,834,483,56,11,44
sf_276,10,10,834,483,56,12,44
sf_276,10,10,834,487,56,15,44
sf_276,10,10,831,479,53,1,45
sf_276,10,10,831,480,53,3,45
sf_276,10,10,831,482,53,4,45
sf_276,10,10,831,481,53,6,45
sf_276,10,10,831,477,53,8,45
sf_276,10,10,831,479,53,9,45
sf_276,10,10,831,482,53,10,45
sf_276,10,10,831,482,53,12,45
sf_276,10,10,831,482,53,13,45
sf_276,10,10,831,480,53,2,45
sf_276,10,10,831,478,53,5,45
sf_276,10,10,831,477,53,7,45
sf_276,10,10,831,481,53,11,45
sf_276,10,10,831,477,53,14,45
sf_276,10,10,831,478,53,15,45
sf_276,10,10,830,474,52,1,46
sf_276,10,10,824,467,46,3,46
sf_276,10,10,824,465,46,2,46
sf_276,10,10,824,464,46,5,46
sf_276,10,10,824,466,46,9,46
sf_276,10,10,830,476,52,4,46
sf_276,10,10,824,467,46,7,46
sf_276,10,10,824,465,46,8,46
sf_276,10,10,830,477,52,15,46
sf_276,10,10,830,471,52,6,46
sf_276,10,10,830,474,52,11,46
sf_276,10,10,824,466,46,10,46
sf_276,10,10,830,477,52,12,46
sf_276,10,10,830,477,52,13,46
sf_276,10,10,824,468,46,14,46
sf_276,10,10,832,483,54,1,47
sf_276,10,10,807,446,29,2,47
sf_276,10,10,832,474,54,4,47
sf_276,10,10,807,444,29,5,47
sf_276,10,10,807,443,29,6,47
sf_276,10,10,807,445,29,7,47
sf_276,10,10,832,479,54,8,47
sf_276,10,10,832,478,54,10,47
sf_276,10,10,807,444,29,3,47
sf_276,10,10,832,479,54,15,47
sf_276,10,10,807,444,29,9,47
sf_276,10,10,807,442,29,11,47
sf_276,10,10,807,444,29,12,47
sf_276,10,10,832,477,54,13,47
sf_276,10,10,832,477,54,14,47
sf_276,10,10,815,464,37,1,48
sf_276,10,10,801,454,23,2,48
sf_276,10,10,801,453,23,3,48
sf_276,10,10,797,448,19,5,48
sf_276,10,10,797,449,19,6,48
sf_276,10,10,797,448,19,7,48
sf_276,10,10,797,449,19,11,48
sf_276,10,10,797,451,19,13,48
sf_276,10,10,815,463,37,14,48
sf_276,10,10,797,448,19,4,48
sf_276,10,10,815,466,37,8,48
sf_276,10,10,801,451,23,9,48
sf_276,10,10,797,448,19,10,48
sf_276,10,10,797,448,19,12,48
sf_276,10,10,815,463,37,15,48
sf_276,10,10,831,477,53,1,49
sf_276,10,10,831,481,53,2,49
sf_276,10,10,831,479,53,4,49
sf_276,10,10,831,476,53,3,49
sf_276,10,10,831,479,53,5,49
sf_276,10,10,831,482,53,6,49
sf_276,10,10,831,480,53,7,49
sf_276,10,10,831,482,53,11,49
sf_276,10,10,831,481,53,10,49
sf_276,10,10,831,479,53,14,49
sf_276,10,10,831,479,53,8,49
sf_276,10,10,831,475,53,9,49
sf_276,10,10,831,479,53,12,49
sf_276,10,10,831,480,53,13,49
sf_276,10,10,831,479,53,15,49
sf_276,10,10,794,447,16,1,50
sf_276,10,10,794,447,16,2,50
sf_276,10,10,794,448,16,3,50
sf_276,10,10,794,447,16,4,50
sf_276,10,10,794,447,16,6,50
sf_276,10,10,794,448,16,7,50
sf_276,10,10,794,447,16,10,50
sf_276,10,10,794,447,16,13,50
sf_276,10,10,794,448,16,14,50
sf_276,10,10,794,446,16,15,50
sf_276,10,10,794,448,16,5,50
sf_276,10,10,794,447,16,8,50
sf_276,10,10,794,447,16,9,50
sf_276,10,10,794,448,16,11,50
sf_276,10,10,794,448,16,12,50
rd53_131,10,1,521,301,52,1,0
rd53_131,10,1,528,307,59,2,0
rd53_131,10,1,525,306,56,3,0
rd53_131,10,1,524,303,55,4,0
rd53_131,10,1,527,310,58,6,0
rd53_131,10,1,519,304,50,7,0
rd53_131,10,1,519,301,50,9,0
rd53_131,10,1,520,296,51,5,0
rd53_131,10,1,523,300,54,8,0
rd53_131,10,1,527,303,58,10,0
rd53_131,10,1,515,300,46,11,0
rd53_131,10,1,518,298,49,12,0
rd53_131,10,1,518,301,49,15,0
rd53_131,10,1,525,307,56,14,0
rd53_131,10,1,530,315,61,13,0
rd53_131,10,1,501,285,32,1,1
rd53_131,10,1,502,290,33,2,1
rd53_131,10,1,496,278,27,3,1
rd53_131,10,1,493,278,24,4,1
rd53_131,10,1,497,281,28,5,1
rd53_131,10,1,500,283,31,8,1
rd53_131,10,1,491,278,22,10,1
rd53_131,10,1,499,284,30,13,1
rd53_131,10,1,497,278,28,6,1
rd53_131,10,1,489,269,20,7,1
rd53_131,10,1,510,296,41,14,1
rd53_131,10,1,491,276,22,15,1
rd53_131,10,1,496,279,27,9,1
rd53_131,10,1,502,283,33,11,1
rd53_131,10,1,497,283,28,12,1
rd53_131,10,1,504,288,35,1,2
rd53_131,10,1,496,283,27,4,2
rd53_131,10,1,499,285,30,5,2
rd53_131,10,1,495,283,26,6,2
rd53_131,10,1,500,285,31,7,2
rd53_131,10,1,501,283,32,11,2
rd53_131,10,1,490,279,21,2,2
rd53_131,10,1,493,279,24,3,2
rd53_131,10,1,499,285,30,14,2
rd53_131,10,1,503,288,34,15,2
rd53_131,10,1,497,280,28,8,2
rd53_131,10,1,497,285,28,9,2
rd53_131,10,1,498,284,29,10,2
rd53_131,10,1,501,284,32,12,2
rd53_131,10,1,499,288,30,13,2
rd53_131,10,1,508,293,39,1,3
rd53_131,10,1,509,285,40,2,3
rd53_131,10,1,507,288,38,3,3
rd53_131,10,1,512,298,43,4,3
rd53_131,10,1,505,282,36,5,3
rd53_131,10,1,509,284,40,6,3
rd53_131,10,1,514,298,45,9,3
rd53_131,10,1,510,290,41,11,3
rd53_131,10,1,499,283,30,10,3
rd53_131,10,1,513,299,44,12,3
rd53_131,10,1,518,297,49,13,3
rd53_131,10,1,511,296,42,15,3
rd53_131,10,1,496,281,27,7,3
rd53_131,10,1,507,279,38,8,3
rd53_131,10,1,511,296,42,14,3
rd53_131,10,1,506,289,37,2,4
rd53_131,10,1,500,280,31,1,4
rd53_131,10,1,503,282,34,3,4
rd53_131,10,1,501,280,32,4,4
rd53_131,10,1,506,288,37,5,4
rd53_131,10,1,507,286,38,10,4
rd53_131,10,1,507,289,38,6,4
rd53_131,10,1,503,282,34,9,4
rd53_131,10,1,505,288,36,14,4
rd53_131,10,1,509,292,40,7,4
rd53_131,10,1,504,284,35,11,4
rd53_131,10,1,503,284,34,8,4
rd53_131,10,1,508,295,39,12,4
rd53_131,10,1,505,285,36,13,4
rd53_131,10,1,511,294,42,15,4
rd53_131,10,1,500,284,31,2,5
rd53_131,10,1,499,285,30,3,5
rd53_131,10,1,502,289,33,1,5
rd53_131,10,1,504,283,35,7,5
rd53_131,10,1,500,283,31,4,5
rd53_131,10,1,503,285,34,5,5
rd53_131,10,1,507,297,38,8,5
rd53_131,10,1,503,288,34,13,5
rd53_131,10,1,506,290,37,6,5
rd53_131,10,1,499,279,30,15,5
rd53_131,10,1,507,292,38,9,5
rd53_131,10,1,506,292,37,10,5
rd53_131,10,1,494,277,25,11,5
rd53_131,10,1,507,295,38,12,5
rd53_131,10,1,501,289,32,14,5
rd53_131,10,1,499,281,30,2,6
rd53_131,10,1,509,293,40,1,6
rd53_131,10,1,502,287,33,3,6
rd53_131,10,1,506,293,37,4,6
rd53_131,10,1,510,293,41,5,6
rd53_131,10,1,506,290,37,6,6
rd53_131,10,1,498,281,29,8,6
rd53_131,10,1,507,291,38,12,6
rd53_131,10,1,502,292,33,13,6
rd53_131,10,1,504,288,35,14,6
rd53_131,10,1,501,284,32,7,6
rd53_131,10,1,507,291,38,9,6
rd53_131,10,1,507,294,38,10,6
rd53_131,10,1,501,286,32,11,6
rd53_131,10,1,504,285,35,15,6
rd53_131,10,1,510,295,41,2,7
rd53_131,10,1,497,277,28,3,7
rd53_131,10,1,504,286,35,4,7
rd53_131,10,1,505,290,36,5,7
rd53_131,10,1,498,278,29,6,7
rd53_131,10,1,509,296,40,7,7
rd53_131,10,1,509,292,40,9,7
rd53_131,10,1,498,277,29,1,7
rd53_131,10,1,502,285,33,12,7
rd53_131,10,1,512,293,43,15,7
rd53_131,10,1,505,287,36,11,7
rd53_131,10,1,500,284,31,8,7
rd53_131,10,1,506,285,37,10,7
rd53_131,10,1,504,290,35,13,7
rd53_131,10,1,503,287,34,14,7
rd53_131,10,1,509,288,40,1,8
rd53_131,10,1,515,296,46,3,8
rd53_131,10,1,516,300,47,2,8
rd53_131,10,1,499,284,30,4,8
rd53_131,10,1,507,293,38,5,8
rd53_131,10,1,512,289,43,7,8
rd53_131,10,1,512,305,43,13,8
rd53_131,10,1,517,303,48,6,8
rd53_131,10,1,511,292,42,8,8
rd53_131,10,1,509,289,40,9,8
rd53_131,10,1,513,297,44,12,8
rd53_131,10,1,509,293,40,10,8
rd53_131,10,1,507,289,38,11,8
rd53_131,10,1,510,289,41,14,8
rd53_131,10,1,508,290,39,15,8
rd53_131,10,1,508,289,39,2,9
rd53_131,10,1,503,282,34,1,9
rd53_131,10,1,513,304,44,4,9
rd53_131,10,1,512,288,43,6,9
rd53_131,10,1,501,278,32,5,9
rd53_131,10,1,499,282,30,7,9
rd53_131,10,1,500,279,31,8,9
rd53_131,10,1,509,287,40,10,9
rd53_131,10,1,506,287,37,12,9
rd53_131,10,1,503,285,34,3,9
rd53_131,10,1,508,287,39,14,9
rd53_131,10,1,511,295,42,9,9
rd53_131,10,1,508,292,39,11,9
rd53_131,10,1,512,295,43,13,9
rd53_131,10,1,506,287,37,15,9
rd53_131,10,1,503,287,34,1,10
rd53_131,10,1,504,288,35,4,10
rd53_131,10,1,509,289,40,3,10
rd53_131,10,1,504,289,35,5,10
rd53_131,10,1,506,289,37,7,10
rd53_131,10,1,509,299,40,8,10
rd53_131,10,1,511,296,42,2,10
rd53_131,10,1,500,281,31,12,10
rd53_131,10,1,516,296,47,14,10
rd53_131,10,1,514,291,45,6,10
rd53_131,10,1,501,287,32,10,10
rd53_131,10,1,508,295,39,9,10
rd53_131,10,1,510,290,41,11,10
rd53_131,10,1,509,291,40,13,10
rd53_131,10,1,515,293,46,15,10
rd53_131,10,1,505,284,36,2,11
rd53_131,10,1,509,292,40,3,11
rd53_131,10,1,499,284,30,4,11
rd53_131,10,1,492,282,23,5,11
rd53_131,10,1,503,284,34,6,11
rd53_131,10,1,511,295,42,7,11
rd53_131,10,1,507,294,38,8,11
rd53_131,10,1,504,291,35,10,11
rd53_131,10,1,509,295,40,1,11
rd53_131,10,1,504,287,35,12,11
rd53_131,10,1,498,283,29,13,11
rd53_131,10,1,501,289,32,14,11
rd53_131,10,1,505,291,36,15,11
rd53_131,10,1,510,299,41,9,11
rd53_131,10,1,508,296,39,11,11
rd53_131,10,1,509,292,40,3,12
rd53_131,10,1,516,303,47,2,12
rd53_131,10,1,505,292,36,4,12
rd53_131,10,1,496,284,27,5,12
rd53_131,10,1,510,292,41,6,12
rd53_131,10,1,512,291,43,1,12
rd53_131,10,1,514,302,45,11,12
rd53_131,10,1,504,288,35,7,12
rd53_131,10,1,509,294,40,8,12
rd53_131,10,1,505,294,36,9,12
rd53_131,10,1,511,292,42,10,12
rd53_131,10,1,497,287,28,12,12
rd53_131,10,1,491,278,22,13,12
rd53_131,10,1,511,293,42,14,12
rd53_131,10,1,496,279,27,15,12
rd53_131,10,1,501,287,32,1,13
rd53_131,10,1,500,284,31,2,13
rd53_131,10,1,495,280,26,3,13
rd53_131,10,1,497,285,28,4,13
rd53_131,10,1,496,279,27,5,13
rd53_131,10,1,496,284,27,7,13
rd53_131,10,1,501,278,32,11,13
rd53_131,10,1,494,277,25,12,13
rd53_131,10,1,496,276,27,14,13
rd53_131,10,1,490,272,21,15,13
rd53_131,10,1,509,296,40,6,13
rd53_131,10,1,495,278,26,8,13
rd53_131,10,1,491,280,22,9,13
rd53_131,10,1,499,284,30,10,13
rd53_131,10,1,495,282,26,13,13
rd53_131,10,1,507,287,38,1,14
rd53_131,10,1,510,290,41,2,14
rd53_131,10,1,509,296,40,3,14
rd53_131,10,1,509,290,40,4,14
rd53_131,10,1,501,284,32,5,14
rd53_131,10,1,509,296,40,6,14
rd53_131,10,1,512,297,43,7,14
rd53_131,10,1,506,287,37,11,14
rd53_131,10,1,507,285,38,13,14
rd53_131,10,1,501,278,32,14,14
rd53_131,10,1,499,282,30,15,14
rd53_131,10,1,517,302,48,8,14
rd53_131,10,1,505,292,36,9,14
rd53_131,10,1,510,289,41,10,14
rd53_131,10,1,503,286,34,12,14
rd53_131,10,1,497,280,28,1,15
rd53_131,10,1,502,286,33,2,15
rd53_131,10,1,507,288,38,4,15
rd53_131,10,1,499,284,30,3,15
rd53_131,10,1,508,295,39,6,15
rd53_131,10,1,500,288,31,5,15
rd53_131,10,1,493,275,24,7,15
rd53_131,10,1,493,277,24,10,15
rd53_131,10,1,495,275,26,8,15
rd53_131,10,1,503,286,34,9,15
rd53_131,10,1,505,293,36,15,15
rd53_131,10,1,508,297,39,11,15
rd53_131,10,1,495,275,26,12,15
rd53_131,10,1,498,279,29,13,15
rd53_131,10,1,495,278,26,14,15
rd53_131,10,1,512,292,43,2,16
rd53_131,10,1,508,289,39,3,16
rd53_131,10,1,507,293,38,4,16
rd53_131,10,1,506,290,37,5,16
rd53_131,10,1,515,298,46,9,16
rd53_131,10,1,516,297,47,1,16
rd53_131,10,1,510,289,41,6,16
rd53_131,10,1,505,286,36,7,16
rd53_131,10,1,508,293,39,8,16
rd53_131,10,1,509,295,40,10,16
rd53_131,10,1,502,281,33,11,16
rd53_131,10,1,511,288,42,12,16
rd53_131,10,1,514,294,45,13,16
rd53_131,10,1,511,290,42,14,16
rd53_131,10,1,506,288,37,15,16
rd53_131,10,1,500,287,31,1,17
rd53_131,10,1,504,285,35,2,17
rd53_131,10,1,501,287,32,3,17
rd53_131,10,1,498,283,29,5,17
rd53_131,10,1,504,288,35,6,17
rd53_131,10,1,497,284,28,7,17
rd53_131,10,1,501,281,32,9,17
rd53_131,10,1,501,285,32,11,17
rd53_131,10,1,503,293,34,13,17
rd53_131,10,1,504,292,35,4,17
rd53_131,10,1,502,283,33,14,17
rd53_131,10,1,501,285,32,8,17
rd53_131,10,1,501,282,32,10,17
rd53_131,10,1,500,283,31,12,17
rd53_131,10,1,500,281,31,15,17
rd53_131,10,1,504,294,35,1,18
rd53_131,10,1,510,295,41,2,18
rd53_131,10,1,509,293,40,3,18
rd53_131,10,1,517,305,48,4,18
rd53_131,10,1,504,286,35,5,18
rd53_131,10,1,515,294,46,6,18
rd53_131,10,1,512,294,43,8,18
rd53_131,10,1,512,301,43,12,18
rd53_131,10,1,508,293,39,7,18
rd53_131,10,1,508,286,39,9,18
rd53_131,10,1,503,289,34,11,18
rd53_131,10,1,508,292,39,10,18
rd53_131,10,1,497,284,28,14,18
rd53_131,10,1,497,286,28,13,18
rd53_131,10,1,508,295,39,15,18
rd53_131,10,1,506,293,37,1,19
rd53_131,10,1,509,292,40,2,19
rd53_131,10,1,510,298,41,3,19
rd53_131,10,1,507,295,38,4,19
rd53_131,10,1,509,296,40,5,19
rd53_131,10,1,509,298,40,6,19
rd53_131,10,1,508,295,39,8,19
rd53_131,10,1,509,297,40,9,19
rd53_131,10,1,511,298,42,12,19
rd53_131,10,1,508,292,39,13,19
rd53_131,10,1,504,286,35,14,19
rd53_131,10,1,508,291,39,7,19
rd53_131,10,1,506,294,37,10,19
rd53_131,10,1,510,298,41,11,19
rd53_131,10,1,508,290,39,15,19
rd53_131,10,1,499,290,30,1,20
rd53_131,10,1,505,288,36,2,20
rd53_131,10,1,503,285,34,3,20
rd53_131,10,1,500,282,31,4,20
rd53_131,10,1,499,286,30,5,20
rd53_131,10,1,503,289,34,8,20
rd53_131,10,1,508,297,39,9,20
rd53_131,10,1,504,289,35,13,20
rd53_131,10,1,510,291,41,6,20
rd53_131,10,1,508,291,39,7,20
rd53_131,10,1,499,279,30,10,20
rd53_131,10,1,502,286,33,11,20
rd53_131,10,1,505,292,36,12,20
rd53_131,10,1,506,290,37,14,20
rd53_131,10,1,506,291,37,15,20
rd53_131,10,1,511,294,42,1,21
rd53_131,10,1,498,283,29,2,21
rd53_131,10,1,516,301,47,3,21
rd53_131,10,1,515,296,46,4,21
rd53_131,10,1,512,291,43,5,21
rd53_131,10,1,503,291,34,6,21
rd53_131,10,1,521,316,52,7,21
rd53_131,10,1,504,290,35,11,21
rd53_131,10,1,510,294,41,9,21
rd53_131,10,1,518,297,49,15,21
rd53_131,10,1,509,290,40,8,21
rd53_131,10,1,506,291,37,10,21
rd53_131,10,1,514,292,45,12,21
rd53_131,10,1,518,292,49,13,21
rd53_131,10,1,513,302,44,14,21
rd53_131,10,1,494,286,25,1,22
rd53_131,10,1,495,285,26,2,22
rd53_131,10,1,496,288,27,3,22
rd53_131,10,1,495,282,26,4,22
rd53_131,10,1,498,289,29,5,22
rd53_131,10,1,501,290,32,7,22
rd53_131,10,1,505,293,36,12,22
rd53_131,10,1,502,294,33,14,22
rd53_131,10,1,496,285,27,15,22
rd53_131,10,1,499,285,30,6,22
rd53_131,10,1,497,284,28,8,22
rd53_131,10,1,495,285,26,9,22
rd53_131,10,1,494,283,25,10,22
rd53_131,10,1,501,288,32,11,22
rd53_131,10,1,496,286,27,13,22
rd53_131,10,1,497,279,28,1,23
rd53_131,10,1,500,284,31,2,23
rd53_131,10,1,507,293,38,3,23
rd53_131,10,1,504,283,35,6,23
rd53_131,10,1,506,289,37,7,23
rd53_131,10,1,503,287,34,9,23
rd53_131,10,1,504,287,35,4,23
rd53_131,10,1,501,280,32,11,23
rd53_131,10,1,500,287,31,10,23
rd53_131,10,1,503,289,34,5,23
rd53_131,10,1,499,279,30,8,23
rd53_131,10,1,500,284,31,12,23
rd53_131,10,1,500,284,31,13,23
rd53_131,10,1,495,282,26,14,23
rd53_131,10,1,509,289,40,15,23
rd53_131,10,1,511,292,42,1,24
rd53_131,10,1,506,294,37,4,24
rd53_131,10,1,512,291,43,3,24
rd53_131,10,1,498,283,29,5,24
rd53_131,10,1,509,296,40,2,24
rd53_131,10,1,496,283,27,6,24
rd53_131,10,1,509,292,40,8,24
rd53_131,10,1,498,280,29,7,24
rd53_131,10,1,507,291,38,9,24
rd53_131,10,1,497,282,28,10,24
rd53_131,10,1,498,280,29,11,24
rd53_131,10,1,506,289,37,12,24
rd53_131,10,1,512,290,43,13,24
rd53_131,10,1,508,293,39,14,24
rd53_131,10,1,496,280,27,15,24
rd53_131,10,1,498,282,29,1,25
rd53_131,10,1,500,287,31,2,25
rd53_131,10,1,506,285,37,5,25
rd53_131,10,1,497,278,28,6,25
rd53_131,10,1,504,293,35,8,25
rd53_131,10,1,496,280,27,9,25
rd53_131,10,1,499,280,30,3,25
rd53_131,10,1,499,283,30,14,25
rd53_131,10,1,498,287,29,13,25
rd53_131,10,1,499,282,30,4,25
rd53_131,10,1,502,283,33,7,25
rd53_131,10,1,498,282,29,10,25
rd53_131,10,1,499,281,30,11,25
rd53_131,10,1,498,287,29,12,25
rd53_131,10,1,507,287,38,15,25
rd53_131,10,1,507,290,38,1,26
rd53_131,10,1,515,300,46,2,26
rd53_131,10,1,514,296,45,3,26
rd53_131,10,1,518,295,49,4,26
rd53_131,10,1,520,302,51,5,26
rd53_131,10,1,506,284,37,9,26
rd53_131,10,1,516,300,47,10,26
rd53_131,10,1,516,297,47,11,26
rd53_131,10,1,515,293,46,14,26
rd53_131,10,1,517,298,48,15,26
rd53_131,10,1,503,284,34,6,26
rd53_131,10,1,515,290,46,7,26
rd53_131,10,1,519,294,50,8,26
rd53_131,10,1,503,282,34,12,26
rd53_131,10,1,520,304,51,13,26
rd53_131,10,1,509,295,40,1,27
rd53_131,10,1,508,286,39,2,27
rd53_131,10,1,506,291,37,3,27
rd53_131,10,1,511,291,42,4,27
rd53_131,10,1,506,284,37,9,27
rd53_131,10,1,502,276,33,10,27
rd53_131,10,1,506,289,37,12,27
rd53_131,10,1,506,282,37,13,27
rd53_131,10,1,509,294,40,14,27
rd53_131,10,1,506,291,37,5,27
rd53_131,10,1,503,288,34,6,27
rd53_131,10,1,506,282,37,7,27
rd53_131,10,1,505,289,36,8,27
rd53_131,10,1,506,291,37,11,27
rd53_131,10,1,508,292,39,15,27
rd53_131,10,1,494,276,25,1,28
rd53_131,10,1,502,282,33,2,28
rd53_131,10,1,500,279,31,3,28
rd53_131,10,1,505,287,36,4,28
rd53_131,10,1,512,285,43,6,28
rd53_131,10,1,515,294,46,9,28
rd53_131,10,1,502,285,33,10,28
rd53_131,10,1,495,275,26,13,28
rd53_131,10,1,510,289,41,5,28
rd53_131,10,1,501,282,32,7,28
rd53_131,10,1,505,282,36,8,28
rd53_131,10,1,506,282,37,11,28
rd53_131,10,1,510,287,41,12,28
rd53_131,10,1,506,288,37,14,28
rd53_131,10,1,502,290,33,15,28
rd53_131,10,1,507,291,38,1,29
rd53_131,10,1,514,297,45,2,29
rd53_131,10,1,509,290,40,3,29
rd53_131,10,1,509,291,40,5,29
rd53_131,10,1,517,292,48,7,29
rd53_131,10,1,513,293,44,8,29
rd53_131,10,1,519,287,50,9,29
rd53_131,10,1,516,296,47,12,29
rd53_131,10,1,511,294,42,4,29
rd53_131,10,1,517,294,48,6,29
rd53_131,10,1,506,285,37,14,29
rd53_131,10,1,503,282,34,10,29
rd53_131,10,1,501,279,32,11,29
rd53_131,10,1,515,295,46,13,29
rd53_131,10,1,514,296,45,15,29
rd53_131,10,1,502,288,33,1,30
rd53_131,10,1,507,291,38,2,30
rd53_131,10,1,503,284,34,3,30
rd53_131,10,1,504,286,35,4,30
rd53_131,10,1,513,293,44,5,30
rd53_131,10,1,515,298,46,6,30
rd53_131,10,1,507,283,38,8,30
rd53_131,10,1,509,296,40,11,30
rd53_131,10,1,507,293,38,13,30
rd53_131,10,1,503,282,34,7,30
rd53_131,10,1,506,288,37,9,30
rd53_131,10,1,507,290,38,10,30
rd53_131,10,1,507,294,38,12,30
rd53_131,10,1,508,283,39,14,30
rd53_131,10,1,509,293,40,15,30
rd53_131,10,1,506,287,37,2,31
rd53_131,10,1,507,290,38,1,31
rd53_131,10,1,505,285,36,3,31
rd53_131,10,1,509,291,40,5,31
rd53_131,10,1,500,279,31,6,31
rd53_131,10,1,516,296,47,4,31
rd53_131,10,1,504,283,35,7,31
rd53_131,10,1,506,287,37,8,31
rd53_131,10,1,513,288,44,14,31
rd53_131,10,1,493,268,24,9,31
rd53_131,10,1,499,280,30,10,31
rd53_131,10,1,505,291,36,13,31
rd53_131,10,1,511,290,42,11,31
rd53_131,10,1,501,280,32,12,31
rd53_131,10,1,502,284,33,15,31
rd53_131,10,1,503,288,34,2,32
rd53_131,10,1,492,276,23,1,32
rd53_131,10,1,492,276,23,3,32
rd53_131,10,1,497,282,28,4,32
rd53_131,10,1,494,279,25,5,32
rd53_131,10,1,501,288,32,9,32
rd53_131,10,1,501,288,32,13,32
rd53_131,10,1,498,287,29,12,32
rd53_131,10,1,501,287,32,15,32
rd53_131,10,1,499,281,30,14,32
rd53_131,10,1,496,278,27,6,32
rd53_131,10,1,503,283,34,7,32
rd53_131,10,1,496,280,27,8,32
rd53_131,10,1,490,273,21,10,32
rd53_131,10,1,498,284,29,11,32
rd53_131,10,1,507,290,38,1,33
rd53_131,10,1,499,285,30,2,33
rd53_131,10,1,500,283,31,3,33
rd53_131,10,1,505,290,36,9,33
rd53_131,10,1,500,283,31,4,33
rd53_131,10,1,506,287,37,5,33
rd53_131,10,1,506,287,37,12,33
rd53_131,10,1,499,278,30,6,33
rd53_131,10,1,503,290,34,13,33
rd53_131,10,1,504,286,35,8,33
rd53_131,10,1,502,282,33,7,33
rd53_131,10,1,505,285,36,10,33
rd53_131,10,1,495,271,26,11,33
rd53_131,10,1,505,280,36,14,33
rd53_131,10,1,505,290,36,15,33
