instance_name,timeout,num_chunks,gate_out,depth_out,num_swaps,seed,seed_is
miller_11,10,1,61,37,11,6,0
miller_11,10,1,61,37,11,1,0
miller_11,10,1,59,37,9,2,0
miller_11,10,1,61,37,11,3,0
miller_11,10,1,61,37,11,4,0
miller_11,10,1,59,37,9,5,0
miller_11,10,1,61,37,11,7,0
miller_11,10,1,60,37,10,8,0
miller_11,10,1,60,37,10,9,0
miller_11,10,1,60,37,10,10,0
miller_11,10,1,61,37,11,12,0
miller_11,10,1,60,37,10,11,0
miller_11,10,1,59,37,9,13,0
miller_11,10,1,59,37,9,14,0
miller_11,10,1,61,37,11,15,0
miller_11,10,1,51,29,1,2,1
miller_11,10,1,51,29,1,7,1
miller_11,10,1,51,29,1,1,1
miller_11,10,1,51,29,1,3,1
miller_11,10,1,51,29,1,4,1
miller_11,10,1,51,29,1,5,1
miller_11,10,1,51,29,1,6,1
miller_11,10,1,51,29,1,13,1
miller_11,10,1,51,29,1,14,1
miller_11,10,1,51,29,1,8,1
miller_11,10,1,51,29,1,15,1
miller_11,10,1,51,29,1,9,1
miller_11,10,1,51,29,1,10,1
miller_11,10,1,51,29,1,11,1
miller_11,10,1,51,29,1,12,1
miller_11,10,1,52,30,2,1,2
miller_11,10,1,52,30,2,2,2
miller_11,10,1,52,30,2,3,2
miller_11,10,1,52,30,2,4,2
miller_11,10,1,52,30,2,5,2
miller_11,10,1,52,30,2,6,2
miller_11,10,1,52,30,2,7,2
miller_11,10,1,52,30,2,8,2
miller_11,10,1,52,30,2,12,2
miller_11,10,1,52,30,2,13,2
miller_11,10,1,52,30,2,14,2
miller_11,10,1,52,30,2,15,2
miller_11,10,1,52,30,2,9,2
miller_11,10,1,52,30,2,10,2
miller_11,10,1,52,30,2,11,2
miller_11,10,1,55,31,5,2,3
miller_11,10,1,54,31,4,4,3
miller_11,10,1,54,31,4,5,3
miller_11,10,1,54,31,4,6,3
miller_11,10,1,55,31,5,7,3
miller_11,10,1,55,31,5,8,3
miller_11,10,1,55,31,5,9,3
miller_11,10,1,54,31,4,1,3
miller_11,10,1,54,31,4,3,3
miller_11,10,1,55,31,5,11,3
miller_11,10,1,55,31,5,14,3
miller_11,10,1,55,31,5,10,3
miller_11,10,1,55,31,5,15,3
miller_11,10,1,54,31,4,12,3
miller_11,10,1,54,31,4,13,3
miller_11,10,1,53,30,3,2,4
miller_11,10,1,53,30,3,4,4
miller_11,10,1,53,30,3,5,4
miller_11,10,1,53,30,3,6,4
miller_11,10,1,53,30,3,1,4
miller_11,10,1,53,30,3,9,4
miller_11,10,1,53,30,3,3,4
miller_11,10,1,53,30,3,7,4
miller_11,10,1,53,30,3,8,4
miller_11,10,1,53,30,3,12,4
miller_11,10,1,53,30,3,11,4
miller_11,10,1,53,30,3,10,4
miller_11,10,1,53,30,3,15,4
miller_11,10,1,53,30,3,13,4
miller_11,10,1,53,30,3,14,4
miller_11,10,1,53,30,3,1,5
miller_11,10,1,53,30,3,2,5
miller_11,10,1,53,30,3,4,5
miller_11,10,1,53,30,3,7,5
miller_11,10,1,53,30,3,3,5
miller_11,10,1,53,30,3,5,5
miller_11,10,1,53,30,3,6,5
miller_11,10,1,53,30,3,13,5
miller_11,10,1,53,30,3,12,5
miller_11,10,1,53,30,3,14,5
miller_11,10,1,53,30,3,15,5
miller_11,10,1,53,30,3,8,5
miller_11,10,1,53,30,3,9,5
miller_11,10,1,53,30,3,10,5
miller_11,10,1,53,30,3,11,5
miller_11,10,1,53,30,3,1,6
miller_11,10,1,53,30,3,3,6
miller_11,10,1,53,30,3,5,6
miller_11,10,1,53,30,3,6,6
miller_11,10,1,53,30,3,8,6
miller_11,10,1,53,30,3,2,6
miller_11,10,1,53,30,3,4,6
miller_11,10,1,53,30,3,11,6
miller_11,10,1,53,30,3,12,6
miller_11,10,1,53,30,3,13,6
miller_11,10,1,53,30,3,7,6
miller_11,10,1,53,30,3,14,6
miller_11,10,1,53,30,3,15,6
miller_11,10,1,53,30,3,9,6
miller_11,10,1,53,30,3,10,6
miller_11,10,1,54,30,4,1,7
miller_11,10,1,54,30,4,3,7
miller_11,10,1,53,30,3,4,7
miller_11,10,1,54,30,4,5,7
miller_11,10,1,53,30,3,6,7
miller_11,10,1,54,30,4,7,7
miller_11,10,1,53,30,3,8,7
miller_11,10,1,54,30,4,9,7
miller_11,10,1,54,30,4,10,7
miller_11,10,1,54,30,4,2,7
miller_11,10,1,53,30,3,11,7
miller_11,10,1,54,30,4,12,7
miller_11,10,1,53,30,3,14,7
miller_11,10,1,54,30,4,13,7
miller_11,10,1,53,30,3,15,7
miller_11,10,1,53,30,3,2,8
miller_11,10,1,53,30,3,1,8
miller_11,10,1,53,30,3,4,8
miller_11,10,1,53,30,3,5,8
miller_11,10,1,53,30,3,6,8
miller_11,10,1,53,30,3,7,8
miller_11,10,1,53,30,3,3,8
miller_11,10,1,53,30,3,13,8
miller_11,10,1,53,30,3,11,8
miller_11,10,1,53,30,3,12,8
miller_11,10,1,53,30,3,8,8
miller_11,10,1,53,30,3,15,8
miller_11,10,1,53,30,3,9,8
miller_11,10,1,53,30,3,10,8
miller_11,10,1,53,30,3,14,8
miller_11,10,1,68,34,18,1,9
miller_11,10,1,68,34,18,2,9
miller_11,10,1,69,34,19,4,9
miller_11,10,1,68,34,18,5,9
miller_11,10,1,68,34,18,7,9
miller_11,10,1,68,34,18,9,9
miller_11,10,1,69,34,19,3,9
miller_11,10,1,69,34,19,6,9
miller_11,10,1,67,34,17,11,9
miller_11,10,1,69,34,19,8,9
miller_11,10,1,68,34,18,10,9
miller_11,10,1,69,34,19,14,9
miller_11,10,1,69,34,19,12,9
miller_11,10,1,67,34,17,13,9
miller_11,10,1,70,34,20,15,9
miller_11,10,1,52,30,2,1,10
miller_11,10,1,52,30,2,2,10
miller_11,10,1,52,30,2,9,10
miller_11,10,1,52,30,2,8,10
miller_11,10,1,52,30,2,3,10
miller_11,10,1,52,30,2,10,10
miller_11,10,1,52,30,2,4,10
miller_11,10,1,52,30,2,5,10
miller_11,10,1,52,30,2,6,10
miller_11,10,1,52,30,2,7,10
miller_11,10,1,52,30,2,12,10
miller_11,10,1,52,30,2,15,10
miller_11,10,1,52,30,2,11,10
miller_11,10,1,52,30,2,13,10
miller_11,10,1,52,30,2,14,10
miller_11,10,1,51,29,1,4,11
miller_11,10,1,51,29,1,5,11
miller_11,10,1,51,29,1,6,11
miller_11,10,1,51,29,1,7,11
miller_11,10,1,51,29,1,8,11
miller_11,10,1,51,29,1,9,11
miller_11,10,1,51,29,1,10,11
miller_11,10,1,51,29,1,1,11
miller_11,10,1,51,29,1,2,11
miller_11,10,1,51,29,1,3,11
miller_11,10,1,51,29,1,11,11
miller_11,10,1,51,29,1,12,11
miller_11,10,1,51,29,1,15,11
miller_11,10,1,51,29,1,13,11
miller_11,10,1,51,29,1,14,11
miller_11,10,1,52,30,2,2,12
miller_11,10,1,52,30,2,4,12
miller_11,10,1,52,30,2,6,12
miller_11,10,1,52,30,2,7,12
miller_11,10,1,52,30,2,8,12
miller_11,10,1,52,30,2,9,12
miller_11,10,1,52,30,2,10,12
miller_11,10,1,52,30,2,1,12
miller_11,10,1,52,30,2,3,12
miller_11,10,1,52,30,2,13,12
miller_11,10,1,52,30,2,5,12
miller_11,10,1,52,30,2,11,12
miller_11,10,1,52,30,2,12,12
miller_11,10,1,52,30,2,14,12
miller_11,10,1,52,30,2,15,12
miller_11,10,1,52,30,2,2,13
miller_11,10,1,52,30,2,3,13
miller_11,10,1,52,30,2,4,13
miller_11,10,1,52,30,2,5,13
miller_11,10,1,52,30,2,6,13
miller_11,10,1,52,30,2,7,13
miller_11,10,1,53,30,3,8,13
miller_11,10,1,53,30,3,9,13
miller_11,10,1,52,30,2,1,13
miller_11,10,1,52,30,2,13,13
miller_11,10,1,52,30,2,10,13
miller_11,10,1,52,30,2,11,13
miller_11,10,1,53,30,3,12,13
miller_11,10,1,52,30,2,14,13
miller_11,10,1,52,30,2,15,13
miller_11,10,1,52,30,2,1,14
miller_11,10,1,52,30,2,2,14
miller_11,10,1,52,30,2,3,14
miller_11,10,1,52,30,2,4,14
miller_11,10,1,52,30,2,5,14
miller_11,10,1,52,30,2,6,14
miller_11,10,1,52,30,2,7,14
miller_11,10,1,52,30,2,8,14
miller_11,10,1,52,30,2,10,14
miller_11,10,1,52,30,2,13,14
miller_11,10,1,52,30,2,14,14
miller_11,10,1,52,30,2,9,14
miller_11,10,1,52,30,2,11,14
miller_11,10,1,52,30,2,12,14
miller_11,10,1,52,30,2,15,14
miller_11,10,1,53,30,3,2,15
miller_11,10,1,53,30,3,4,15
miller_11,10,1,53,30,3,5,15
miller_11,10,1,53,30,3,6,15
miller_11,10,1,53,30,3,7,15
miller_11,10,1,53,30,3,8,15
miller_11,10,1,53,30,3,1,15
miller_11,10,1,53,30,3,9,15
miller_11,10,1,53,30,3,3,15
miller_11,10,1,53,30,3,11,15
miller_11,10,1,53,30,3,12,15
miller_11,10,1,53,30,3,13,15
miller_11,10,1,53,30,3,10,15
miller_11,10,1,53,30,3,14,15
miller_11,10,1,53,30,3,15,15
miller_11,10,1,52,30,2,1,16
miller_11,10,1,52,30,2,2,16
miller_11,10,1,52,30,2,3,16
miller_11,10,1,52,30,2,5,16
miller_11,10,1,52,30,2,6,16
miller_11,10,1,52,30,2,7,16
miller_11,10,1,52,30,2,8,16
miller_11,10,1,52,30,2,4,16
miller_11,10,1,52,30,2,13,16
miller_11,10,1,52,30,2,14,16
miller_11,10,1,52,30,2,15,16
miller_11,10,1,52,30,2,9,16
miller_11,10,1,52,30,2,10,16
miller_11,10,1,52,30,2,11,16
miller_11,10,1,52,30,2,12,16
miller_11,10,1,63,38,13,2,17
miller_11,10,1,61,38,11,4,17
miller_11,10,1,63,38,13,5,17
miller_11,10,1,61,38,11,6,17
miller_11,10,1,63,38,13,8,17
miller_11,10,1,61,38,11,1,17
miller_11,10,1,63,38,13,3,17
miller_11,10,1,61,38,11,12,17
miller_11,10,1,61,38,11,13,17
miller_11,10,1,62,38,12,7,17
miller_11,10,1,61,38,11,15,17
miller_11,10,1,62,38,12,9,17
miller_11,10,1,62,38,12,10,17
miller_11,10,1,62,38,12,11,17
miller_11,10,1,61,38,11,14,17
miller_11,10,1,61,37,11,1,18
miller_11,10,1,61,37,11,2,18
miller_11,10,1,61,37,11,3,18
miller_11,10,1,61,37,11,5,18
miller_11,10,1,61,37,11,6,18
miller_11,10,1,61,37,11,7,18
miller_11,10,1,62,37,12,8,18
miller_11,10,1,62,37,12,9,18
miller_11,10,1,62,37,12,10,18
miller_11,10,1,62,37,12,4,18
miller_11,10,1,62,37,12,14,18
miller_11,10,1,62,37,12,15,18
miller_11,10,1,61,37,11,11,18
miller_11,10,1,62,37,12,12,18
miller_11,10,1,61,37,11,13,18
miller_11,10,1,51,29,1,2,19
miller_11,10,1,51,29,1,4,19
miller_11,10,1,51,29,1,1,19
miller_11,10,1,51,29,1,5,19
miller_11,10,1,51,29,1,6,19
miller_11,10,1,51,29,1,3,19
miller_11,10,1,51,29,1,8,19
miller_11,10,1,51,29,1,9,19
miller_11,10,1,51,29,1,13,19
miller_11,10,1,51,29,1,7,19
miller_11,10,1,51,29,1,14,19
miller_11,10,1,51,29,1,15,19
miller_11,10,1,51,29,1,10,19
miller_11,10,1,51,29,1,11,19
miller_11,10,1,51,29,1,12,19
miller_11,10,1,61,38,11,1,20
miller_11,10,1,60,38,10,3,20
miller_11,10,1,62,38,12,4,20
miller_11,10,1,61,38,11,5,20
miller_11,10,1,62,38,12,6,20
miller_11,10,1,61,38,11,12,20
miller_11,10,1,62,38,12,2,20
miller_11,10,1,61,38,11,7,20
miller_11,10,1,61,38,11,8,20
miller_11,10,1,61,38,11,10,20
miller_11,10,1,62,38,12,11,20
miller_11,10,1,61,38,11,9,20
miller_11,10,1,61,38,11,13,20
miller_11,10,1,61,38,11,14,20
miller_11,10,1,62,38,12,15,20
miller_11,10,1,63,39,13,6,21
miller_11,10,1,64,39,14,7,21
miller_11,10,1,63,39,13,1,21
miller_11,10,1,64,39,14,2,21
miller_11,10,1,64,39,14,3,21
miller_11,10,1,64,39,14,4,21
miller_11,10,1,63,39,13,5,21
miller_11,10,1,63,39,13,8,21
miller_11,10,1,64,39,14,9,21
miller_11,10,1,64,39,14,15,21
miller_11,10,1,64,39,14,10,21
miller_11,10,1,64,39,14,11,21
miller_11,10,1,64,39,14,12,21
miller_11,10,1,63,39,13,13,21
miller_11,10,1,63,39,13,14,21
miller_11,10,1,51,30,1,1,22
miller_11,10,1,51,30,1,4,22
miller_11,10,1,51,30,1,6,22
miller_11,10,1,51,30,1,8,22
miller_11,10,1,51,30,1,9,22
miller_11,10,1,51,30,1,2,22
miller_11,10,1,51,30,1,10,22
miller_11,10,1,51,30,1,3,22
miller_11,10,1,51,30,1,11,22
miller_11,10,1,51,30,1,5,22
miller_11,10,1,51,30,1,7,22
miller_11,10,1,51,30,1,15,22
miller_11,10,1,51,30,1,12,22
miller_11,10,1,51,30,1,13,22
miller_11,10,1,51,30,1,14,22
miller_11,10,1,51,30,1,3,23
miller_11,10,1,51,30,1,1,23
miller_11,10,1,51,30,1,2,23
miller_11,10,1,51,30,1,9,23
miller_11,10,1,51,30,1,4,23
miller_11,10,1,51,30,1,5,23
miller_11,10,1,51,30,1,11,23
miller_11,10,1,51,30,1,10,23
miller_11,10,1,51,30,1,12,23
miller_11,10,1,51,30,1,6,23
miller_11,10,1,51,30,1,13,23
miller_11,10,1,51,30,1,7,23
miller_11,10,1,51,30,1,14,23
miller_11,10,1,51,30,1,8,23
miller_11,10,1,51,30,1,15,23
miller_11,10,1,53,30,3,3,24
miller_11,10,1,53,30,3,5,24
miller_11,10,1,53,30,3,7,24
miller_11,10,1,53,30,3,1,24
miller_11,10,1,53,30,3,2,24
miller_11,10,1,53,30,3,4,24
miller_11,10,1,53,30,3,12,24
miller_11,10,1,53,30,3,6,24
miller_11,10,1,53,30,3,8,24
miller_11,10,1,53,30,3,9,24
miller_11,10,1,53,30,3,10,24
miller_11,10,1,53,30,3,11,24
miller_11,10,1,53,30,3,13,24
miller_11,10,1,53,30,3,15,24
miller_11,10,1,53,30,3,14,24
miller_11,10,1,54,31,4,5,25
miller_11,10,1,54,31,4,1,25
miller_11,10,1,54,31,4,4,25
miller_11,10,1,54,31,4,2,25
miller_11,10,1,54,31,4,8,25
miller_11,10,1,54,31,4,6,25
miller_11,10,1,54,31,4,3,25
miller_11,10,1,54,31,4,9,25
miller_11,10,1,54,31,4,11,25
miller_11,10,1,54,31,4,7,25
miller_11,10,1,54,31,4,10,25
miller_11,10,1,54,31,4,12,25
miller_11,10,1,54,31,4,13,25
miller_11,10,1,54,31,4,14,25
miller_11,10,1,54,31,4,15,25
miller_11,10,1,51,29,1,3,26
miller_11,10,1,51,29,1,2,26
miller_11,10,1,51,29,1,6,26
miller_11,10,1,51,29,1,7,26
miller_11,10,1,51,29,1,1,26
miller_11,10,1,51,29,1,9,26
miller_11,10,1,51,29,1,4,26
miller_11,10,1,51,29,1,5,26
miller_11,10,1,51,29,1,12,26
miller_11,10,1,51,29,1,14,26
miller_11,10,1,51,29,1,8,26
miller_11,10,1,51,29,1,13,26
miller_11,10,1,51,29,1,10,26
miller_11,10,1,51,29,1,11,26
miller_11,10,1,51,29,1,15,26
miller_11,10,1,53,30,3,1,27
miller_11,10,1,53,30,3,2,27
miller_11,10,1,53,30,3,4,27
miller_11,10,1,53,30,3,5,27
miller_11,10,1,53,30,3,6,27
miller_11,10,1,53,30,3,8,27
miller_11,10,1,53,30,3,7,27
miller_11,10,1,53,30,3,3,27
miller_11,10,1,53,30,3,10,27
miller_11,10,1,53,30,3,11,27
miller_11,10,1,53,30,3,14,27
miller_11,10,1,53,30,3,9,27
miller_11,10,1,53,30,3,12,27
miller_11,10,1,53,30,3,13,27
miller_11,10,1,53,30,3,15,27
miller_11,10,1,54,31,4,3,28
miller_11,10,1,53,31,3,4,28
miller_11,10,1,53,31,3,5,28
miller_11,10,1,54,31,4,6,28
miller_11,10,1,54,31,4,7,28
miller_11,10,1,53,31,3,8,28
miller_11,10,1,54,31,4,9,28
miller_11,10,1,54,31,4,10,28
miller_11,10,1,53,31,3,1,28
miller_11,10,1,53,31,3,2,28
miller_11,10,1,53,31,3,12,28
miller_11,10,1,53,31,3,13,28
miller_11,10,1,54,31,4,11,28
miller_11,10,1,53,31,3,14,28
miller_11,10,1,53,31,3,15,28
miller_11,10,1,55,31,5,1,29
miller_11,10,1,54,31,4,5,29
miller_11,10,1,55,31,5,6,29
miller_11,10,1,55,31,5,2,29
miller_11,10,1,54,31,4,7,29
miller_11,10,1,54,31,4,8,29
miller_11,10,1,54,31,4,3,29
miller_11,10,1,54,31,4,4,29
miller_11,10,1,55,31,5,10,29
miller_11,10,1,54,31,4,13,29
miller_11,10,1,54,31,4,9,29
miller_11,10,1,55,31,5,11,29
miller_11,10,1,54,31,4,12,29
miller_11,10,1,55,31,5,14,29
miller_11,10,1,55,31,5,15,29
miller_11,10,1,62,38,12,2,30
miller_11,10,1,63,38,13,1,30
miller_11,10,1,62,38,12,3,30
miller_11,10,1,63,38,13,4,30
miller_11,10,1,61,38,11,5,30
miller_11,10,1,64,38,14,6,30
miller_11,10,1,62,38,12,7,30
miller_11,10,1,62,38,12,8,30
miller_11,10,1,63,38,13,9,30
miller_11,10,1,63,38,13,12,30
miller_11,10,1,63,38,13,10,30
miller_11,10,1,62,38,12,14,30
miller_11,10,1,63,38,13,11,30
miller_11,10,1,62,38,12,13,30
miller_11,10,1,62,38,12,15,30
miller_11,10,1,52,30,2,4,31
miller_11,10,1,52,30,2,5,31
miller_11,10,1,52,30,2,6,31
miller_11,10,1,52,30,2,7,31
miller_11,10,1,52,30,2,8,31
miller_11,10,1,52,30,2,9,31
miller_11,10,1,52,30,2,1,31
miller_11,10,1,52,30,2,2,31
miller_11,10,1,52,30,2,3,31
miller_11,10,1,52,30,2,13,31
miller_11,10,1,52,30,2,15,31
miller_11,10,1,52,30,2,10,31
miller_11,10,1,52,30,2,11,31
miller_11,10,1,52,30,2,12,31
miller_11,10,1,52,30,2,14,31
miller_11,10,1,53,30,3,1,32
miller_11,10,1,53,30,3,2,32
miller_11,10,1,53,30,3,4,32
miller_11,10,1,53,30,3,5,32
miller_11,10,1,53,30,3,6,32
miller_11,10,1,53,30,3,7,32
miller_11,10,1,53,30,3,8,32
miller_11,10,1,53,30,3,9,32
miller_11,10,1,53,30,3,3,32
miller_11,10,1,53,30,3,11,32
miller_11,10,1,53,30,3,14,32
miller_11,10,1,53,30,3,12,32
miller_11,10,1,53,30,3,15,32
miller_11,10,1,53,30,3,13,32
miller_11,10,1,53,30,3,10,32
miller_11,10,1,53,30,3,1,33
miller_11,10,1,53,30,3,3,33
miller_11,10,1,53,30,3,4,33
miller_11,10,1,53,30,3,5,33
miller_11,10,1,53,30,3,6,33
miller_11,10,1,53,30,3,8,33
miller_11,10,1,53,30,3,9,33
miller_11,10,1,53,30,3,10,33
miller_11,10,1,53,30,3,2,33
miller_11,10,1,53,30,3,13,33
miller_11,10,1,53,30,3,15,33
miller_11,10,1,53,30,3,7,33
miller_11,10,1,53,30,3,14,33
miller_11,10,1,53,30,3,11,33
miller_11,10,1,53,30,3,12,33
miller_11,10,1,53,30,3,4,34
miller_11,10,1,53,30,3,5,34
miller_11,10,1,53,30,3,1,34
miller_11,10,1,53,30,3,3,34
miller_11,10,1,53,30,3,6,34
miller_11,10,1,53,30,3,8,34
miller_11,10,1,53,30,3,9,34
miller_11,10,1,53,30,3,2,34
miller_11,10,1,53,30,3,7,34
miller_11,10,1,53,30,3,10,34
miller_11,10,1,53,30,3,12,34
miller_11,10,1,53,30,3,14,34
miller_11,10,1,53,30,3,11,34
miller_11,10,1,53,30,3,13,34
miller_11,10,1,53,30,3,15,34
miller_11,10,1,61,38,11,1,35
miller_11,10,1,62,38,12,4,35
miller_11,10,1,62,38,12,5,35
miller_11,10,1,62,38,12,6,35
miller_11,10,1,62,38,12,7,35
miller_11,10,1,60,38,10,8,35
miller_11,10,1,61,38,11,9,35
miller_11,10,1,62,38,12,2,35
miller_11,10,1,62,38,12,11,35
miller_11,10,1,61,38,11,3,35
miller_11,10,1,61,38,11,13,35
miller_11,10,1,63,38,13,12,35
miller_11,10,1,61,38,11,10,35
miller_11,10,1,63,38,13,14,35
miller_11,10,1,62,38,12,15,35
miller_11,10,1,53,30,3,3,36
miller_11,10,1,53,30,3,5,36
miller_11,10,1,53,30,3,1,36
miller_11,10,1,53,30,3,6,36
miller_11,10,1,53,30,3,7,36
miller_11,10,1,53,30,3,2,36
miller_11,10,1,53,30,3,8,36
miller_11,10,1,53,30,3,4,36
miller_11,10,1,53,30,3,10,36
miller_11,10,1,53,30,3,11,36
miller_11,10,1,53,30,3,9,36
miller_11,10,1,53,30,3,12,36
miller_11,10,1,53,30,3,13,36
miller_11,10,1,53,30,3,14,36
miller_11,10,1,53,30,3,15,36
miller_11,10,1,52,30,2,4,37
miller_11,10,1,52,30,2,5,37
miller_11,10,1,52,30,2,6,37
miller_11,10,1,52,30,2,7,37
miller_11,10,1,52,30,2,8,37
miller_11,10,1,52,30,2,9,37
miller_11,10,1,52,30,2,1,37
miller_11,10,1,52,30,2,2,37
miller_11,10,1,52,30,2,3,37
miller_11,10,1,52,30,2,12,37
miller_11,10,1,52,30,2,15,37
miller_11,10,1,52,30,2,10,37
miller_11,10,1,52,30,2,11,37
miller_11,10,1,52,30,2,14,37
miller_11,10,1,52,30,2,13,37
miller_11,10,1,52,30,2,2,38
miller_11,10,1,52,30,2,3,38
miller_11,10,1,52,30,2,6,38
miller_11,10,1,52,30,2,7,38
miller_11,10,1,52,30,2,8,38
miller_11,10,1,52,30,2,9,38
miller_11,10,1,52,30,2,1,38
miller_11,10,1,52,30,2,4,38
miller_11,10,1,52,30,2,5,38
miller_11,10,1,52,30,2,10,38
miller_11,10,1,52,30,2,11,38
miller_11,10,1,52,30,2,12,38
miller_11,10,1,52,30,2,13,38
miller_11,10,1,52,30,2,14,38
miller_11,10,1,52,30,2,15,38
miller_11,10,1,61,38,11,1,39
miller_11,10,1,63,38,13,3,39
miller_11,10,1,61,38,11,5,39
miller_11,10,1,62,38,12,6,39
miller_11,10,1,60,38,10,7,39
miller_11,10,1,62,38,12,8,39
miller_11,10,1,62,38,12,9,39
miller_11,10,1,61,38,11,2,39
miller_11,10,1,61,38,11,11,39
miller_11,10,1,60,38,10,4,39
miller_11,10,1,61,38,11,14,39
miller_11,10,1,62,38,12,10,39
miller_11,10,1,62,38,12,12,39
miller_11,10,1,63,38,13,13,39
miller_11,10,1,62,38,12,15,39
miller_11,10,1,53,31,3,2,40
miller_11,10,1,53,31,3,3,40
miller_11,10,1,54,31,4,6,40
miller_11,10,1,53,31,3,1,40
miller_11,10,1,53,31,3,4,40
miller_11,10,1,53,31,3,5,40
miller_11,10,1,53,31,3,12,40
miller_11,10,1,54,31,4,7,40
miller_11,10,1,54,31,4,11,40
miller_11,10,1,53,31,3,8,40
miller_11,10,1,53,31,3,13,40
miller_11,10,1,54,31,4,9,40
miller_11,10,1,53,31,3,14,40
miller_11,10,1,54,31,4,10,40
miller_11,10,1,53,31,3,15,40
miller_11,10,1,55,31,5,3,41
miller_11,10,1,55,31,5,4,41
miller_11,10,1,55,31,5,5,41
miller_11,10,1,55,31,5,8,41
miller_11,10,1,55,31,5,1,41
miller_11,10,1,55,31,5,9,41
miller_11,10,1,55,31,5,10,41
miller_11,10,1,55,31,5,2,41
miller_11,10,1,55,31,5,11,41
miller_11,10,1,55,31,5,12,41
miller_11,10,1,55,31,5,13,41
miller_11,10,1,55,31,5,6,41
miller_11,10,1,55,31,5,7,41
miller_11,10,1,55,31,5,14,41
miller_11,10,1,55,31,5,15,41
miller_11,10,1,51,30,1,1,42
miller_11,10,1,51,30,1,2,42
miller_11,10,1,51,30,1,3,42
miller_11,10,1,51,30,1,4,42
miller_11,10,1,51,30,1,5,42
miller_11,10,1,51,30,1,6,42
miller_11,10,1,51,30,1,9,42
miller_11,10,1,51,30,1,7,42
miller_11,10,1,51,30,1,11,42
miller_11,10,1,51,30,1,8,42
miller_11,10,1,51,30,1,12,42
miller_11,10,1,51,30,1,10,42
miller_11,10,1,51,30,1,15,42
miller_11,10,1,51,30,1,13,42
miller_11,10,1,51,30,1,14,42
miller_11,10,1,53,30,3,3,43
miller_11,10,1,53,30,3,4,43
miller_11,10,1,53,30,3,5,43
miller_11,10,1,53,30,3,6,43
miller_11,10,1,53,30,3,8,43
miller_11,10,1,53,30,3,1,43
miller_11,10,1,53,30,3,2,43
miller_11,10,1,53,30,3,10,43
miller_11,10,1,53,30,3,12,43
miller_11,10,1,53,30,3,14,43
miller_11,10,1,53,30,3,7,43
miller_11,10,1,53,30,3,15,43
miller_11,10,1,53,30,3,9,43
miller_11,10,1,53,30,3,11,43
miller_11,10,1,53,30,3,13,43
miller_11,10,1,62,38,12,1,44
miller_11,10,1,63,38,13,2,44
miller_11,10,1,62,38,12,3,44
miller_11,10,1,62,38,12,4,44
miller_11,10,1,63,38,13,5,44
miller_11,10,1,63,38,13,8,44
miller_11,10,1,62,38,12,6,44
miller_11,10,1,63,38,13,7,44
miller_11,10,1,63,38,13,11,44
miller_11,10,1,63,38,13,9,44
miller_11,10,1,63,38,13,15,44
miller_11,10,1,63,38,13,10,44
miller_11,10,1,63,38,13,12,44
miller_11,10,1,63,38,13,13,44
miller_11,10,1,62,38,12,14,44
miller_11,10,1,54,30,4,2,45
miller_11,10,1,54,30,4,3,45
miller_11,10,1,54,30,4,6,45
miller_11,10,1,54,30,4,8,45
miller_11,10,1,54,30,4,1,45
miller_11,10,1,54,30,4,4,45
miller_11,10,1,54,30,4,5,45
miller_11,10,1,54,30,4,12,45
miller_11,10,1,54,30,4,7,45
miller_11,10,1,54,30,4,9,45
miller_11,10,1,54,30,4,10,45
miller_11,10,1,54,30,4,11,45
miller_11,10,1,54,30,4,13,45
miller_11,10,1,54,30,4,14,45
miller_11,10,1,54,30,4,15,45
miller_11,10,1,61,37,11,3,46
miller_11,10,1,62,37,12,4,46
miller_11,10,1,61,37,11,5,46
miller_11,10,1,62,37,12,7,46
miller_11,10,1,62,37,12,8,46
miller_11,10,1,61,37,11,9,46
miller_11,10,1,62,37,12,10,46
miller_11,10,1,62,37,12,1,46
miller_11,10,1,61,37,11,2,46
miller_11,10,1,62,37,12,12,46
miller_11,10,1,62,37,12,13,46
miller_11,10,1,61,37,11,14,46
miller_11,10,1,62,37,12,15,46
miller_11,10,1,62,37,12,6,46
miller_11,10,1,61,37,11,11,46
miller_11,10,1,52,30,2,1,47
miller_11,10,1,52,30,2,2,47
miller_11,10,1,52,30,2,3,47
miller_11,10,1,52,30,2,4,47
miller_11,10,1,52,30,2,5,47
miller_11,10,1,52,30,2,6,47
miller_11,10,1,52,30,2,7,47
miller_11,10,1,52,30,2,11,47
miller_11,10,1,52,30,2,12,47
miller_11,10,1,52,30,2,10,47
miller_11,10,1,52,30,2,14,47
miller_11,10,1,52,30,2,15,47
miller_11,10,1,52,30,2,8,47
miller_11,10,1,52,30,2,9,47
miller_11,10,1,52,30,2,13,47
miller_11,10,1,51,30,1,1,48
miller_11,10,1,51,30,1,2,48
miller_11,10,1,51,30,1,3,48
miller_11,10,1,51,30,1,4,48
miller_11,10,1,51,30,1,5,48
miller_11,10,1,51,30,1,6,48
miller_11,10,1,51,30,1,7,48
miller_11,10,1,51,30,1,8,48
miller_11,10,1,51,30,1,13,48
miller_11,10,1,51,30,1,9,48
miller_11,10,1,51,30,1,14,48
miller_11,10,1,51,30,1,10,48
miller_11,10,1,51,30,1,15,48
miller_11,10,1,51,30,1,11,48
miller_11,10,1,51,30,1,12,48
miller_11,10,1,51,29,1,4,49
miller_11,10,1,51,29,1,5,49
miller_11,10,1,51,29,1,6,49
miller_11,10,1,51,29,1,7,49
miller_11,10,1,51,29,1,8,49
miller_11,10,1,51,29,1,1,49
miller_11,10,1,51,29,1,2,49
miller_11,10,1,51,29,1,3,49
miller_11,10,1,51,29,1,12,49
miller_11,10,1,51,29,1,11,49
miller_11,10,1,51,29,1,9,49
miller_11,10,1,51,29,1,10,49
miller_11,10,1,51,29,1,15,49
miller_11,10,1,51,29,1,13,49
miller_11,10,1,51,29,1,14,49
miller_11,10,1,66,35,16,1,50
miller_11,10,1,68,35,18,2,50
miller_11,10,1,67,35,17,3,50
miller_11,10,1,68,35,18,4,50
miller_11,10,1,67,35,17,5,50
miller_11,10,1,65,35,15,10,50
miller_11,10,1,68,35,18,6,50
miller_11,10,1,66,35,16,12,50
miller_11,10,1,67,35,17,13,50
miller_11,10,1,67,35,17,7,50
miller_11,10,1,68,35,18,8,50
miller_11,10,1,66,35,16,15,50
miller_11,10,1,67,35,17,9,50
miller_11,10,1,69,35,19,11,50
miller_11,10,1,68,35,18,14,50
4gt13_91,10,1,122,66,19,5,0
4gt13_91,10,1,122,66,19,6,0
4gt13_91,10,1,122,66,19,7,0
4gt13_91,10,1,122,66,19,8,0
4gt13_91,10,1,122,66,19,1,0
4gt13_91,10,1,122,66,19,2,0
4gt13_91,10,1,122,66,19,3,0
4gt13_91,10,1,122,66,19,9,0
4gt13_91,10,1,122,66,19,10,0
4gt13_91,10,1,125,67,22,4,0
4gt13_91,10,1,125,67,22,11,0
4gt13_91,10,1,122,66,19,12,0
4gt13_91,10,1,122,66,19,13,0
4gt13_91,10,1,122,66,19,14,0
4gt13_91,10,1,122,66,19,15,0
4gt13_91,10,1,123,67,20,1,1
4gt13_91,10,1,123,67,20,2,1
4gt13_91,10,1,121,67,18,3,1
4gt13_91,10,1,125,67,22,5,1
4gt13_91,10,1,121,67,18,6,1
4gt13_91,10,1,125,67,22,7,1
4gt13_91,10,1,125,67,22,8,1
4gt13_91,10,1,125,67,22,9,1
4gt13_91,10,1,121,67,18,4,1
4gt13_91,10,1,121,67,18,12,1
4gt13_91,10,1,123,67,20,13,1
4gt13_91,10,1,121,67,18,14,1
4gt13_91,10,1,121,67,18,15,1
4gt13_91,10,1,123,67,20,10,1
4gt13_91,10,1,123,67,20,11,1
4gt13_91,10,1,117,65,14,2,2
4gt13_91,10,1,117,65,14,5,2
4gt13_91,10,1,115,65,12,6,2
4gt13_91,10,1,115,65,12,7,2
4gt13_91,10,1,115,65,12,8,2
4gt13_91,10,1,115,65,12,9,2
4gt13_91,10,1,115,65,12,1,2
4gt13_91,10,1,115,65,12,10,2
4gt13_91,10,1,115,65,12,3,2
4gt13_91,10,1,115,65,12,11,2
4gt13_91,10,1,117,65,14,12,2
4gt13_91,10,1,115,65,12,13,2
4gt13_91,10,1,115,65,12,4,2
4gt13_91,10,1,115,65,12,14,2
4gt13_91,10,1,115,65,12,15,2
4gt13_91,10,1,121,66,18,2,3
4gt13_91,10,1,121,66,18,1,3
4gt13_91,10,1,122,66,19,3,3
4gt13_91,10,1,123,66,20,6,3
4gt13_91,10,1,124,66,21,4,3
4gt13_91,10,1,122,66,19,5,3
4gt13_91,10,1,123,66,20,7,3
4gt13_91,10,1,123,66,20,8,3
4gt13_91,10,1,123,66,20,9,3
4gt13_91,10,1,123,66,20,10,3
4gt13_91,10,1,121,66,18,11,3
4gt13_91,10,1,124,66,21,12,3
4gt13_91,10,1,123,66,20,13,3
4gt13_91,10,1,121,66,18,14,3
4gt13_91,10,1,123,66,20,15,3
4gt13_91,10,1,120,65,17,1,4
4gt13_91,10,1,120,65,17,8,4
4gt13_91,10,1,120,65,17,2,4
4gt13_91,10,1,120,65,17,3,4
4gt13_91,10,1,120,65,17,4,4
4gt13_91,10,1,120,65,17,5,4
4gt13_91,10,1,120,65,17,12,4
4gt13_91,10,1,120,65,17,6,4
4gt13_91,10,1,120,65,17,7,4
4gt13_91,10,1,120,65,17,10,4
4gt13_91,10,1,120,65,17,13,4
4gt13_91,10,1,120,65,17,14,4
4gt13_91,10,1,120,65,17,9,4
4gt13_91,10,1,120,65,17,11,4
4gt13_91,10,1,120,65,17,15,4
4gt13_91,10,1,113,64,10,1,5
4gt13_91,10,1,110,64,7,2,5
4gt13_91,10,1,114,64,11,3,5
4gt13_91,10,1,110,64,7,4,5
4gt13_91,10,1,110,64,7,5,5
4gt13_91,10,1,110,64,7,6,5
4gt13_91,10,1,110,64,7,7,5
4gt13_91,10,1,113,64,10,8,5
4gt13_91,10,1,113,64,10,10,5
4gt13_91,10,1,110,64,7,12,5
4gt13_91,10,1,110,64,7,11,5
4gt13_91,10,1,110,64,7,9,5
4gt13_91,10,1,113,64,10,15,5
4gt13_91,10,1,113,64,10,13,5
4gt13_91,10,1,113,64,10,14,5
4gt13_91,10,1,114,64,11,2,6
4gt13_91,10,1,114,64,11,4,6
4gt13_91,10,1,114,64,11,5,6
4gt13_91,10,1,114,64,11,6,6
4gt13_91,10,1,114,64,11,7,6
4gt13_91,10,1,114,64,11,1,6
4gt13_91,10,1,114,64,11,3,6
4gt13_91,10,1,114,64,11,11,6
4gt13_91,10,1,114,64,11,12,6
4gt13_91,10,1,116,64,13,13,6
4gt13_91,10,1,114,64,11,14,6
4gt13_91,10,1,114,64,11,15,6
4gt13_91,10,1,112,64,9,8,6
4gt13_91,10,1,114,64,11,9,6
4gt13_91,10,1,114,64,11,10,6
4gt13_91,10,1,114,64,11,1,7
4gt13_91,10,1,114,64,11,2,7
4gt13_91,10,1,114,64,11,5,7
4gt13_91,10,1,114,64,11,6,7
4gt13_91,10,1,114,64,11,8,7
4gt13_91,10,1,114,64,11,10,7
4gt13_91,10,1,114,64,11,3,7
4gt13_91,10,1,114,64,11,4,7
4gt13_91,10,1,114,64,11,7,7
4gt13_91,10,1,114,64,11,12,7
4gt13_91,10,1,114,64,11,11,7
4gt13_91,10,1,114,64,11,15,7
4gt13_91,10,1,114,64,11,9,7
4gt13_91,10,1,114,64,11,14,7
4gt13_91,10,1,114,64,11,13,7
4gt13_91,10,1,116,64,13,4,8
4gt13_91,10,1,116,64,13,5,8
4gt13_91,10,1,116,64,13,1,8
4gt13_91,10,1,113,64,10,7,8
4gt13_91,10,1,116,64,13,2,8
4gt13_91,10,1,113,64,10,3,8
4gt13_91,10,1,113,64,10,6,8
4gt13_91,10,1,116,64,13,9,8
4gt13_91,10,1,116,64,13,13,8
4gt13_91,10,1,117,64,14,8,8
4gt13_91,10,1,113,64,10,10,8
4gt13_91,10,1,117,64,14,14,8
4gt13_91,10,1,113,64,10,11,8
4gt13_91,10,1,113,64,10,15,8
4gt13_91,10,1,116,64,13,12,8
4gt13_91,10,1,112,64,9,3,9
4gt13_91,10,1,112,64,9,4,9
4gt13_91,10,1,112,64,9,7,9
4gt13_91,10,1,112,64,9,5,9
4gt13_91,10,1,112,64,9,1,9
4gt13_91,10,1,112,64,9,2,9
4gt13_91,10,1,112,64,9,10,9
4gt13_91,10,1,112,64,9,8,9
4gt13_91,10,1,112,64,9,11,9
4gt13_91,10,1,112,64,9,12,9
4gt13_91,10,1,112,64,9,13,9
4gt13_91,10,1,112,64,9,14,9
4gt13_91,10,1,112,64,9,9,9
4gt13_91,10,1,112,64,9,15,9
4gt13_91,10,1,112,64,9,6,9
4gt13_91,10,1,117,66,14,3,10
4gt13_91,10,1,117,66,14,4,10
4gt13_91,10,1,117,66,14,5,10
4gt13_91,10,1,117,66,14,6,10
4gt13_91,10,1,117,66,14,7,10
4gt13_91,10,1,117,66,14,9,10
4gt13_91,10,1,117,66,14,1,10
4gt13_91,10,1,117,66,14,2,10
4gt13_91,10,1,117,66,14,10,10
4gt13_91,10,1,117,66,14,12,10
4gt13_91,10,1,117,66,14,13,10
4gt13_91,10,1,117,66,14,8,10
4gt13_91,10,1,117,66,14,14,10
4gt13_91,10,1,117,66,14,15,10
4gt13_91,10,1,117,66,14,11,10
4gt13_91,10,1,113,65,10,1,11
4gt13_91,10,1,113,65,10,2,11
4gt13_91,10,1,120,65,17,3,11
4gt13_91,10,1,113,65,10,5,11
4gt13_91,10,1,113,65,10,6,11
4gt13_91,10,1,113,65,10,7,11
4gt13_91,10,1,122,65,19,8,11
4gt13_91,10,1,113,65,10,4,11
4gt13_91,10,1,113,65,10,13,11
4gt13_91,10,1,113,65,10,9,11
4gt13_91,10,1,113,65,10,11,11
4gt13_91,10,1,113,65,10,14,11
4gt13_91,10,1,113,65,10,10,11
4gt13_91,10,1,113,65,10,12,11
4gt13_91,10,1,120,65,17,15,11
4gt13_91,10,1,111,63,8,1,12
4gt13_91,10,1,111,63,8,2,12
4gt13_91,10,1,111,63,8,3,12
4gt13_91,10,1,111,63,8,4,12
4gt13_91,10,1,111,63,8,5,12
4gt13_91,10,1,111,63,8,6,12
4gt13_91,10,1,111,63,8,7,12
4gt13_91,10,1,111,63,8,12,12
4gt13_91,10,1,111,63,8,13,12
4gt13_91,10,1,111,63,8,14,12
4gt13_91,10,1,111,63,8,8,12
4gt13_91,10,1,111,63,8,9,12
4gt13_91,10,1,111,63,8,10,12
4gt13_91,10,1,111,63,8,11,12
4gt13_91,10,1,111,63,8,15,12
4gt13_91,10,1,116,66,13,3,13
4gt13_91,10,1,116,66,13,4,13
4gt13_91,10,1,113,66,10,5,13
4gt13_91,10,1,113,66,10,7,13
4gt13_91,10,1,117,66,14,8,13
4gt13_91,10,1,116,66,13,1,13
4gt13_91,10,1,116,66,13,2,13
4gt13_91,10,1,116,66,13,10,13
4gt13_91,10,1,113,66,10,6,13
4gt13_91,10,1,113,66,10,9,13
4gt13_91,10,1,116,66,13,15,13
4gt13_91,10,1,116,66,13,11,13
4gt13_91,10,1,113,66,10,14,13
4gt13_91,10,1,116,66,13,12,13
4gt13_91,10,1,113,66,10,13,13
4gt13_91,10,1,121,64,18,3,14
4gt13_91,10,1,114,64,11,4,14
4gt13_91,10,1,119,64,16,6,14
4gt13_91,10,1,117,64,14,7,14
4gt13_91,10,1,114,64,11,9,14
4gt13_91,10,1,114,64,11,8,14
4gt13_91,10,1,114,64,11,1,14
4gt13_91,10,1,114,64,11,10,14
4gt13_91,10,1,117,64,14,2,14
4gt13_91,10,1,121,64,18,5,14
4gt13_91,10,1,117,64,14,11,14
4gt13_91,10,1,121,64,18,14,14
4gt13_91,10,1,114,64,11,15,14
4gt13_91,10,1,117,64,14,12,14
4gt13_91,10,1,114,64,11,13,14
4gt13_91,10,1,114,66,11,1,15
4gt13_91,10,1,114,66,11,4,15
4gt13_91,10,1,114,66,11,2,15
4gt13_91,10,1,114,66,11,6,15
4gt13_91,10,1,114,66,11,8,15
4gt13_91,10,1,114,66,11,9,15
4gt13_91,10,1,114,66,11,10,15
4gt13_91,10,1,114,66,11,3,15
4gt13_91,10,1,114,66,11,12,15
4gt13_91,10,1,114,66,11,5,15
4gt13_91,10,1,114,66,11,7,15
4gt13_91,10,1,114,66,11,11,15
4gt13_91,10,1,114,66,11,13,15
4gt13_91,10,1,114,66,11,14,15
4gt13_91,10,1,114,66,11,15,15
4gt13_91,10,1,118,64,15,1,16
4gt13_91,10,1,117,64,14,4,16
4gt13_91,10,1,117,64,14,5,16
4gt13_91,10,1,118,64,15,6,16
4gt13_91,10,1,117,64,14,2,16
4gt13_91,10,1,117,64,14,10,16
4gt13_91,10,1,117,64,14,3,16
4gt13_91,10,1,117,64,14,7,16
4gt13_91,10,1,117,64,14,8,16
4gt13_91,10,1,117,64,14,14,16
4gt13_91,10,1,117,64,14,15,16
4gt13_91,10,1,117,64,14,9,16
4gt13_91,10,1,117,64,14,11,16
4gt13_91,10,1,117,64,14,12,16
4gt13_91,10,1,117,64,14,13,16
4gt13_91,10,1,121,64,18,3,17
4gt13_91,10,1,119,64,16,1,17
4gt13_91,10,1,119,64,16,4,17
4gt13_91,10,1,119,64,16,5,17
4gt13_91,10,1,119,64,16,6,17
4gt13_91,10,1,121,64,18,7,17
4gt13_91,10,1,119,64,16,8,17
4gt13_91,10,1,119,64,16,2,17
4gt13_91,10,1,119,64,16,10,17
4gt13_91,10,1,121,64,18,9,17
4gt13_91,10,1,121,64,18,11,17
4gt13_91,10,1,121,64,18,12,17
4gt13_91,10,1,119,64,16,13,17
4gt13_91,10,1,121,64,18,15,17
4gt13_91,10,1,121,64,18,14,17
4gt13_91,10,1,119,64,16,7,18
4gt13_91,10,1,119,64,16,8,18
4gt13_91,10,1,119,64,16,1,18
4gt13_91,10,1,119,64,16,9,18
4gt13_91,10,1,119,64,16,6,18
4gt13_91,10,1,119,64,16,2,18
4gt13_91,10,1,119,64,16,10,18
4gt13_91,10,1,119,64,16,3,18
4gt13_91,10,1,119,64,16,4,18
4gt13_91,10,1,119,64,16,5,18
4gt13_91,10,1,119,64,16,12,18
4gt13_91,10,1,119,64,16,11,18
4gt13_91,10,1,119,64,16,13,18
4gt13_91,10,1,119,64,16,15,18
4gt13_91,10,1,119,64,16,14,18
4gt13_91,10,1,114,67,11,2,19
4gt13_91,10,1,114,67,11,3,19
4gt13_91,10,1,114,67,11,4,19
4gt13_91,10,1,114,67,11,6,19
4gt13_91,10,1,114,67,11,1,19
4gt13_91,10,1,114,67,11,11,19
4gt13_91,10,1,114,67,11,5,19
4gt13_91,10,1,114,67,11,10,19
4gt13_91,10,1,114,67,11,12,19
4gt13_91,10,1,114,67,11,13,19
4gt13_91,10,1,114,67,11,14,19
4gt13_91,10,1,114,67,11,7,19
4gt13_91,10,1,114,67,11,15,19
4gt13_91,10,1,114,67,11,8,19
4gt13_91,10,1,114,67,11,9,19
4gt13_91,10,1,117,64,14,3,20
4gt13_91,10,1,112,64,9,4,20
4gt13_91,10,1,117,64,14,5,20
4gt13_91,10,1,117,64,14,6,20
4gt13_91,10,1,114,64,11,9,20
4gt13_91,10,1,112,64,9,1,20
4gt13_91,10,1,114,64,11,2,20
4gt13_91,10,1,112,64,9,10,20
4gt13_91,10,1,117,64,14,7,20
4gt13_91,10,1,117,64,14,8,20
4gt13_91,10,1,114,64,11,14,20
4gt13_91,10,1,117,64,14,13,20
4gt13_91,10,1,117,64,14,12,20
4gt13_91,10,1,112,64,9,11,20
4gt13_91,10,1,117,64,14,15,20
4gt13_91,10,1,124,67,21,4,21
4gt13_91,10,1,126,67,23,5,21
4gt13_91,10,1,124,67,21,6,21
4gt13_91,10,1,124,67,21,7,21
4gt13_91,10,1,124,67,21,8,21
4gt13_91,10,1,123,67,20,10,21
4gt13_91,10,1,126,67,23,1,21
4gt13_91,10,1,123,67,20,2,21
4gt13_91,10,1,124,67,21,3,21
4gt13_91,10,1,123,67,20,12,21
4gt13_91,10,1,123,67,20,14,21
4gt13_91,10,1,124,67,21,15,21
4gt13_91,10,1,124,67,21,9,21
4gt13_91,10,1,124,67,21,11,21
4gt13_91,10,1,124,67,21,13,21
4gt13_91,10,1,121,71,18,3,22
4gt13_91,10,1,121,71,18,5,22
4gt13_91,10,1,123,71,20,6,22
4gt13_91,10,1,121,71,18,7,22
4gt13_91,10,1,121,71,18,8,22
4gt13_91,10,1,121,71,18,9,22
4gt13_91,10,1,121,71,18,1,22
4gt13_91,10,1,121,71,18,2,22
4gt13_91,10,1,121,71,18,4,22
4gt13_91,10,1,121,71,18,12,22
4gt13_91,10,1,121,71,18,11,22
4gt13_91,10,1,121,71,18,13,22
4gt13_91,10,1,123,71,20,15,22
4gt13_91,10,1,121,71,18,10,22
4gt13_91,10,1,121,71,18,14,22
4gt13_91,10,1,121,65,18,1,23
4gt13_91,10,1,121,65,18,2,23
4gt13_91,10,1,121,65,18,3,23
4gt13_91,10,1,121,65,18,4,23
4gt13_91,10,1,122,65,19,5,23
4gt13_91,10,1,121,65,18,6,23
4gt13_91,10,1,122,65,19,8,23
4gt13_91,10,1,121,65,18,9,23
4gt13_91,10,1,121,65,18,11,23
4gt13_91,10,1,122,65,19,13,23
4gt13_91,10,1,121,65,18,7,23
4gt13_91,10,1,121,65,18,15,23
4gt13_91,10,1,121,65,18,10,23
4gt13_91,10,1,121,65,18,12,23
4gt13_91,10,1,121,65,18,14,23
4gt13_91,10,1,110,64,7,2,24
4gt13_91,10,1,110,64,7,3,24
4gt13_91,10,1,110,64,7,4,24
4gt13_91,10,1,110,64,7,5,24
4gt13_91,10,1,110,64,7,6,24
4gt13_91,10,1,110,64,7,7,24
4gt13_91,10,1,110,64,7,8,24
4gt13_91,10,1,110,64,7,10,24
4gt13_91,10,1,110,64,7,1,24
4gt13_91,10,1,110,64,7,12,24
4gt13_91,10,1,110,64,7,13,24
4gt13_91,10,1,110,64,7,9,24
4gt13_91,10,1,110,64,7,11,24
4gt13_91,10,1,110,64,7,14,24
4gt13_91,10,1,110,64,7,15,24
4gt13_91,10,1,127,65,24,1,25
4gt13_91,10,1,131,65,28,2,25
4gt13_91,10,1,131,65,28,5,25
4gt13_91,10,1,127,65,24,6,25
4gt13_91,10,1,131,65,28,7,25
4gt13_91,10,1,131,65,28,8,25
4gt13_91,10,1,127,65,24,9,25
4gt13_91,10,1,131,65,28,3,25
4gt13_91,10,1,127,65,24,4,25
4gt13_91,10,1,127,65,24,12,25
4gt13_91,10,1,131,65,28,14,25
4gt13_91,10,1,131,65,28,10,25
4gt13_91,10,1,127,65,24,11,25
4gt13_91,10,1,127,65,24,13,25
4gt13_91,10,1,127,65,24,15,25
4gt13_91,10,1,129,66,26,2,26
4gt13_91,10,1,129,66,26,3,26
4gt13_91,10,1,128,66,25,4,26
4gt13_91,10,1,129,66,26,5,26
4gt13_91,10,1,129,66,26,6,26
4gt13_91,10,1,129,66,26,7,26
4gt13_91,10,1,129,66,26,1,26
4gt13_91,10,1,129,66,26,12,26
4gt13_91,10,1,128,66,25,11,26
4gt13_91,10,1,128,66,25,8,26
4gt13_91,10,1,128,66,25,9,26
4gt13_91,10,1,129,66,26,13,26
4gt13_91,10,1,129,66,26,10,26
4gt13_91,10,1,129,66,26,14,26
4gt13_91,10,1,129,66,26,15,26
4gt13_91,10,1,121,66,18,3,27
4gt13_91,10,1,121,66,18,4,27
4gt13_91,10,1,123,66,20,5,27
4gt13_91,10,1,121,66,18,6,27
4gt13_91,10,1,121,66,18,7,27
4gt13_91,10,1,121,66,18,8,27
4gt13_91,10,1,121,66,18,9,27
4gt13_91,10,1,121,66,18,10,27
4gt13_91,10,1,123,66,20,1,27
4gt13_91,10,1,121,66,18,2,27
4gt13_91,10,1,121,66,18,12,27
4gt13_91,10,1,121,66,18,14,27
4gt13_91,10,1,123,66,20,11,27
4gt13_91,10,1,121,66,18,13,27
4gt13_91,10,1,121,66,18,15,27
4gt13_91,10,1,120,65,17,4,28
4gt13_91,10,1,112,65,9,5,28
4gt13_91,10,1,112,65,9,6,28
4gt13_91,10,1,112,65,9,7,28
4gt13_91,10,1,112,65,9,8,28
4gt13_91,10,1,112,65,9,1,28
4gt13_91,10,1,112,65,9,9,28
4gt13_91,10,1,112,65,9,2,28
4gt13_91,10,1,121,65,18,10,28
4gt13_91,10,1,112,65,9,3,28
4gt13_91,10,1,112,65,9,12,28
4gt13_91,10,1,112,65,9,11,28
4gt13_91,10,1,112,65,9,13,28
4gt13_91,10,1,120,65,17,14,28
4gt13_91,10,1,120,65,17,15,28
4gt13_91,10,1,128,65,25,2,29
4gt13_91,10,1,127,65,24,3,29
4gt13_91,10,1,123,65,20,4,29
4gt13_91,10,1,123,65,20,5,29
4gt13_91,10,1,132,65,29,6,29
4gt13_91,10,1,123,65,20,7,29
4gt13_91,10,1,123,65,20,8,29
4gt13_91,10,1,123,65,20,1,29
4gt13_91,10,1,123,65,20,11,29
4gt13_91,10,1,123,65,20,9,29
4gt13_91,10,1,123,65,20,10,29
4gt13_91,10,1,123,65,20,12,29
4gt13_91,10,1,127,65,24,13,29
4gt13_91,10,1,127,65,24,14,29
4gt13_91,10,1,123,65,20,15,29
4gt13_91,10,1,115,64,12,4,30
4gt13_91,10,1,117,64,14,8,30
4gt13_91,10,1,117,64,14,1,30
4gt13_91,10,1,117,64,14,9,30
4gt13_91,10,1,117,64,14,2,30
4gt13_91,10,1,115,64,12,3,30
4gt13_91,10,1,119,64,16,11,30
4gt13_91,10,1,115,64,12,5,30
4gt13_91,10,1,119,64,16,13,30
4gt13_91,10,1,119,64,16,14,30
4gt13_91,10,1,117,64,14,6,30
4gt13_91,10,1,119,64,16,15,30
4gt13_91,10,1,119,64,16,7,30
4gt13_91,10,1,117,64,14,10,30
4gt13_91,10,1,117,64,14,12,30
4gt13_91,10,1,113,66,10,1,31
4gt13_91,10,1,113,66,10,3,31
4gt13_91,10,1,124,66,21,4,31
4gt13_91,10,1,122,66,19,5,31
4gt13_91,10,1,129,66,26,2,31
4gt13_91,10,1,113,66,10,6,31
4gt13_91,10,1,113,66,10,7,31
4gt13_91,10,1,113,66,10,8,31
4gt13_91,10,1,113,66,10,9,31
4gt13_91,10,1,113,66,10,10,31
4gt13_91,10,1,124,66,21,12,31
4gt13_91,10,1,113,66,10,11,31
4gt13_91,10,1,113,66,10,15,31
4gt13_91,10,1,122,66,19,13,31
4gt13_91,10,1,113,66,10,14,31
4gt13_91,10,1,116,63,13,1,32
4gt13_91,10,1,116,63,13,2,32
4gt13_91,10,1,116,63,13,4,32
4gt13_91,10,1,116,63,13,5,32
4gt13_91,10,1,116,63,13,6,32
4gt13_91,10,1,116,63,13,7,32
4gt13_91,10,1,116,63,13,8,32
4gt13_91,10,1,116,63,13,9,32
4gt13_91,10,1,116,63,13,11,32
4gt13_91,10,1,116,63,13,3,32
4gt13_91,10,1,116,63,13,15,32
4gt13_91,10,1,116,63,13,10,32
4gt13_91,10,1,116,63,13,12,32
4gt13_91,10,1,116,63,13,13,32
4gt13_91,10,1,116,63,13,14,32
4gt13_91,10,1,122,65,19,2,33
4gt13_91,10,1,122,65,19,1,33
4gt13_91,10,1,122,65,19,4,33
4gt13_91,10,1,122,65,19,6,33
4gt13_91,10,1,122,65,19,3,33
4gt13_91,10,1,122,65,19,5,33
4gt13_91,10,1,122,65,19,7,33
4gt13_91,10,1,122,65,19,13,33
4gt13_91,10,1,122,65,19,8,33
4gt13_91,10,1,122,65,19,9,33
4gt13_91,10,1,122,65,19,14,33
4gt13_91,10,1,122,65,19,10,33
4gt13_91,10,1,122,65,19,15,33
4gt13_91,10,1,122,65,19,11,33
4gt13_91,10,1,122,65,19,12,33
4gt13_91,10,1,114,64,11,1,34
4gt13_91,10,1,111,64,8,2,34
4gt13_91,10,1,114,64,11,3,34
4gt13_91,10,1,114,64,11,4,34
4gt13_91,10,1,111,64,8,8,34
4gt13_91,10,1,114,64,11,5,34
4gt13_91,10,1,111,64,8,6,34
4gt13_91,10,1,115,64,12,7,34
4gt13_91,10,1,114,64,11,9,34
4gt13_91,10,1,114,64,11,14,34
4gt13_91,10,1,114,64,11,10,34
4gt13_91,10,1,115,64,12,11,34
4gt13_91,10,1,114,64,11,15,34
4gt13_91,10,1,111,64,8,13,34
4gt13_91,10,1,111,64,8,12,34
4gt13_91,10,1,128,66,25,3,35
4gt13_91,10,1,123,66,20,4,35
4gt13_91,10,1,123,66,20,5,35
4gt13_91,10,1,127,66,24,8,35
4gt13_91,10,1,128,66,25,9,35
4gt13_91,10,1,123,66,20,1,35
4gt13_91,10,1,123,66,20,2,35
4gt13_91,10,1,123,66,20,6,35
4gt13_91,10,1,123,66,20,14,35
4gt13_91,10,1,123,66,20,7,35
4gt13_91,10,1,123,66,20,10,35
4gt13_91,10,1,128,66,25,13,35
4gt13_91,10,1,123,66,20,11,35
4gt13_91,10,1,123,66,20,12,35
4gt13_91,10,1,128,66,25,15,35
4gt13_91,10,1,123,65,20,3,36
4gt13_91,10,1,123,65,20,2,36
4gt13_91,10,1,123,65,20,4,36
4gt13_91,10,1,123,65,20,5,36
4gt13_91,10,1,123,65,20,6,36
4gt13_91,10,1,123,65,20,7,36
4gt13_91,10,1,123,65,20,1,36
4gt13_91,10,1,123,65,20,9,36
4gt13_91,10,1,123,65,20,8,36
4gt13_91,10,1,123,65,20,10,36
4gt13_91,10,1,123,65,20,11,36
4gt13_91,10,1,123,65,20,12,36
4gt13_91,10,1,123,65,20,13,36
4gt13_91,10,1,123,65,20,14,36
4gt13_91,10,1,123,65,20,15,36
4gt13_91,10,1,112,64,9,1,37
4gt13_91,10,1,111,64,8,2,37
4gt13_91,10,1,111,64,8,3,37
4gt13_91,10,1,111,64,8,5,37
4gt13_91,10,1,112,64,9,4,37
4gt13_91,10,1,111,64,8,7,37
4gt13_91,10,1,111,64,8,6,37
4gt13_91,10,1,112,64,9,8,37
4gt13_91,10,1,111,64,8,9,37
4gt13_91,10,1,111,64,8,10,37
4gt13_91,10,1,111,64,8,13,37
4gt13_91,10,1,111,64,8,11,37
4gt13_91,10,1,111,64,8,12,37
4gt13_91,10,1,111,64,8,15,37
4gt13_91,10,1,112,64,9,14,37
4gt13_91,10,1,121,66,18,1,38
4gt13_91,10,1,121,66,18,5,38
4gt13_91,10,1,122,66,19,3,38
4gt13_91,10,1,121,66,18,7,38
4gt13_91,10,1,122,66,19,8,38
4gt13_91,10,1,122,66,19,10,38
4gt13_91,10,1,121,66,18,6,38
4gt13_91,10,1,122,66,19,2,38
4gt13_91,10,1,123,66,20,4,38
4gt13_91,10,1,122,66,19,13,38
4gt13_91,10,1,122,66,19,11,38
4gt13_91,10,1,121,66,18,9,38
4gt13_91,10,1,121,66,18,12,38
4gt13_91,10,1,122,66,19,14,38
4gt13_91,10,1,122,66,19,15,38
4gt13_91,10,1,125,65,22,3,39
4gt13_91,10,1,127,65,24,4,39
4gt13_91,10,1,125,65,22,5,39
4gt13_91,10,1,125,65,22,6,39
4gt13_91,10,1,129,65,26,7,39
4gt13_91,10,1,125,65,22,9,39
4gt13_91,10,1,125,65,22,1,39
4gt13_91,10,1,127,65,24,2,39
4gt13_91,10,1,125,65,22,11,39
4gt13_91,10,1,129,65,26,12,39
4gt13_91,10,1,129,65,26,13,39
4gt13_91,10,1,125,65,22,8,39
4gt13_91,10,1,129,65,26,10,39
4gt13_91,10,1,125,65,22,14,39
4gt13_91,10,1,127,65,24,15,39
4gt13_91,10,1,112,66,9,2,40
4gt13_91,10,1,121,66,18,6,40
4gt13_91,10,1,123,66,20,7,40
4gt13_91,10,1,112,66,9,8,40
4gt13_91,10,1,112,66,9,1,40
4gt13_91,10,1,112,66,9,3,40
4gt13_91,10,1,112,66,9,9,40
4gt13_91,10,1,112,66,9,10,40
4gt13_91,10,1,121,66,18,4,40
4gt13_91,10,1,112,66,9,5,40
4gt13_91,10,1,121,66,18,13,40
4gt13_91,10,1,112,66,9,11,40
4gt13_91,10,1,121,66,18,12,40
4gt13_91,10,1,112,66,9,14,40
4gt13_91,10,1,112,66,9,15,40
4gt13_91,10,1,119,68,16,1,41
4gt13_91,10,1,123,68,20,2,41
4gt13_91,10,1,123,68,20,4,41
4gt13_91,10,1,123,68,20,5,41
4gt13_91,10,1,123,68,20,7,41
4gt13_91,10,1,123,68,20,6,41
4gt13_91,10,1,119,68,16,8,41
4gt13_91,10,1,123,68,20,10,41
4gt13_91,10,1,119,68,16,9,41
4gt13_91,10,1,119,68,16,3,41
4gt13_91,10,1,123,68,20,13,41
4gt13_91,10,1,119,68,16,15,41
4gt13_91,10,1,119,68,16,11,41
4gt13_91,10,1,123,68,20,12,41
4gt13_91,10,1,119,68,16,14,41
4gt13_91,10,1,110,64,7,1,42
4gt13_91,10,1,110,64,7,2,42
4gt13_91,10,1,110,64,7,3,42
4gt13_91,10,1,110,64,7,5,42
4gt13_91,10,1,110,64,7,6,42
4gt13_91,10,1,110,64,7,7,42
4gt13_91,10,1,110,64,7,8,42
4gt13_91,10,1,110,64,7,4,42
4gt13_91,10,1,110,64,7,12,42
4gt13_91,10,1,110,64,7,13,42
4gt13_91,10,1,110,64,7,14,42
4gt13_91,10,1,110,64,7,15,42
4gt13_91,10,1,110,64,7,9,42
4gt13_91,10,1,110,64,7,10,42
4gt13_91,10,1,110,64,7,11,42
4gt13_91,10,1,123,66,20,4,43
4gt13_91,10,1,114,66,11,5,43
4gt13_91,10,1,114,66,11,6,43
4gt13_91,10,1,114,66,11,7,43
4gt13_91,10,1,121,66,18,8,43
4gt13_91,10,1,114,66,11,9,43
4gt13_91,10,1,114,66,11,1,43
4gt13_91,10,1,114,66,11,2,43
4gt13_91,10,1,114,66,11,3,43
4gt13_91,10,1,114,66,11,12,43
4gt13_91,10,1,114,66,11,13,43
4gt13_91,10,1,123,66,20,14,43
4gt13_91,10,1,114,66,11,15,43
4gt13_91,10,1,123,66,20,10,43
4gt13_91,10,1,114,66,11,11,43
4gt13_91,10,1,119,66,16,2,44
4gt13_91,10,1,119,66,16,3,44
4gt13_91,10,1,118,66,15,4,44
4gt13_91,10,1,120,66,17,5,44
4gt13_91,10,1,114,66,11,6,44
4gt13_91,10,1,120,66,17,1,44
4gt13_91,10,1,119,66,16,7,44
4gt13_91,10,1,119,66,16,14,44
4gt13_91,10,1,119,66,16,8,44
4gt13_91,10,1,114,66,11,9,44
4gt13_91,10,1,119,66,16,10,44
4gt13_91,10,1,120,66,17,11,44
4gt13_91,10,1,119,66,16,12,44
4gt13_91,10,1,118,66,15,13,44
4gt13_91,10,1,114,66,11,15,44
4gt13_91,10,1,116,64,13,4,45
4gt13_91,10,1,116,64,13,5,45
4gt13_91,10,1,116,64,13,7,45
4gt13_91,10,1,114,64,11,8,45
4gt13_91,10,1,116,64,13,1,45
4gt13_91,10,1,116,64,13,2,45
4gt13_91,10,1,116,64,13,3,45
4gt13_91,10,1,116,64,13,11,45
4gt13_91,10,1,116,64,13,6,45
4gt13_91,10,1,116,64,13,14,45
4gt13_91,10,1,116,64,13,9,45
4gt13_91,10,1,116,64,13,10,45
4gt13_91,10,1,116,64,13,12,45
4gt13_91,10,1,116,64,13,13,45
4gt13_91,10,1,116,64,13,15,45
4gt13_91,10,1,111,64,8,1,46
4gt13_91,10,1,111,64,8,2,46
4gt13_91,10,1,111,64,8,3,46
4gt13_91,10,1,111,64,8,4,46
4gt13_91,10,1,111,64,8,5,46
4gt13_91,10,1,114,64,11,6,46
4gt13_91,10,1,114,64,11,12,46
4gt13_91,10,1,111,64,8,7,46
4gt13_91,10,1,114,64,11,14,46
4gt13_91,10,1,111,64,8,8,46
4gt13_91,10,1,114,64,11,15,46
4gt13_91,10,1,111,64,8,9,46
4gt13_91,10,1,111,64,8,10,46
4gt13_91,10,1,111,64,8,11,46
4gt13_91,10,1,111,64,8,13,46
4gt13_91,10,1,123,68,20,2,47
4gt13_91,10,1,123,68,20,4,47
4gt13_91,10,1,121,68,18,5,47
4gt13_91,10,1,121,68,18,8,47
4gt13_91,10,1,121,68,18,1,47
4gt13_91,10,1,123,68,20,10,47
4gt13_91,10,1,123,68,20,3,47
4gt13_91,10,1,123,68,20,6,47
4gt13_91,10,1,121,68,18,7,47
4gt13_91,10,1,123,68,20,13,47
4gt13_91,10,1,123,68,20,9,47
4gt13_91,10,1,123,68,20,15,47
4gt13_91,10,1,121,68,18,11,47
4gt13_91,10,1,121,68,18,12,47
4gt13_91,10,1,125,68,22,14,47
4gt13_91,10,1,116,64,13,2,48
4gt13_91,10,1,116,64,13,3,48
4gt13_91,10,1,116,64,13,5,48
4gt13_91,10,1,116,64,13,4,48
4gt13_91,10,1,116,64,13,7,48
4gt13_91,10,1,116,64,13,6,48
4gt13_91,10,1,116,64,13,1,48
4gt13_91,10,1,116,64,13,11,48
4gt13_91,10,1,116,64,13,12,48
4gt13_91,10,1,116,64,13,14,48
4gt13_91,10,1,116,64,13,8,48
4gt13_91,10,1,116,64,13,9,48
4gt13_91,10,1,116,64,13,10,48
4gt13_91,10,1,116,64,13,13,48
4gt13_91,10,1,116,64,13,15,48
4gt13_91,10,1,118,64,15,3,49
4gt13_91,10,1,118,64,15,5,49
4gt13_91,10,1,118,64,15,6,49
4gt13_91,10,1,118,64,15,7,49
4gt13_91,10,1,118,64,15,8,49
4gt13_91,10,1,118,64,15,9,49
4gt13_91,10,1,118,64,15,1,49
4gt13_91,10,1,118,64,15,2,49
4gt13_91,10,1,118,64,15,4,49
4gt13_91,10,1,118,64,15,10,49
4gt13_91,10,1,118,64,15,11,49
4gt13_91,10,1,118,64,15,12,49
4gt13_91,10,1,118,64,15,13,49
4gt13_91,10,1,118,64,15,14,49
4gt13_91,10,1,118,64,15,15,49
4gt13_91,10,1,125,65,22,2,50
4gt13_91,10,1,129,65,26,4,50
4gt13_91,10,1,125,65,22,5,50
4gt13_91,10,1,130,65,27,1,50
4gt13_91,10,1,125,65,22,8,50
4gt13_91,10,1,130,65,27,3,50
4gt13_91,10,1,125,65,22,6,50
4gt13_91,10,1,130,65,27,7,50
4gt13_91,10,1,124,65,21,13,50
4gt13_91,10,1,130,65,27,9,50
4gt13_91,10,1,125,65,22,10,50
4gt13_91,10,1,125,65,22,11,50
4gt13_91,10,1,129,65,26,12,50
4gt13_91,10,1,125,65,22,14,50
4gt13_91,10,1,125,65,22,15,50
0410184_169,10,1,247,115,36,2,0
0410184_169,10,1,245,112,34,3,0
0410184_169,10,1,250,114,39,4,0
0410184_169,10,1,246,114,35,6,0
0410184_169,10,1,266,113,55,8,0
0410184_169,10,1,266,114,55,9,0
0410184_169,10,1,245,114,34,10,0
0410184_169,10,1,263,113,52,1,0
0410184_169,10,1,267,115,56,12,0
0410184_169,10,1,271,113,60,5,0
0410184_169,10,1,255,114,44,15,0
0410184_169,10,1,261,113,50,7,0
0410184_169,10,1,268,114,57,11,0
0410184_169,10,1,255,115,44,13,0
0410184_169,10,1,247,113,36,14,0
0410184_169,10,1,255,114,44,2,1
0410184_169,10,1,246,111,35,3,1
0410184_169,10,1,257,113,46,4,1
0410184_169,10,1,251,113,40,5,1
0410184_169,10,1,263,113,52,6,1
0410184_169,10,1,246,111,35,7,1
0410184_169,10,1,259,112,48,8,1
0410184_169,10,1,255,113,44,9,1
0410184_169,10,1,262,113,51,1,1
0410184_169,10,1,262,112,51,14,1
0410184_169,10,1,262,113,51,10,1
0410184_169,10,1,246,111,35,11,1
0410184_169,10,1,259,114,48,12,1
0410184_169,10,1,255,114,44,13,1
0410184_169,10,1,246,111,35,15,1
0410184_169,10,1,262,110,51,1,2
0410184_169,10,1,246,111,35,2,2
0410184_169,10,1,253,110,42,4,2
0410184_169,10,1,246,109,35,5,2
0410184_169,10,1,249,110,38,6,2
0410184_169,10,1,251,111,40,7,2
0410184_169,10,1,253,110,42,8,2
0410184_169,10,1,249,109,38,3,2
0410184_169,10,1,265,110,54,14,2
0410184_169,10,1,249,111,38,15,2
0410184_169,10,1,252,110,41,9,2
0410184_169,10,1,250,108,39,10,2
0410184_169,10,1,251,110,40,11,2
0410184_169,10,1,250,109,39,12,2
0410184_169,10,1,250,111,39,13,2
0410184_169,10,1,258,111,47,1,3
0410184_169,10,1,252,110,41,2,3
0410184_169,10,1,250,110,39,3,3
0410184_169,10,1,259,112,48,4,3
0410184_169,10,1,260,112,49,5,3
0410184_169,10,1,272,113,61,6,3
0410184_169,10,1,258,113,47,7,3
0410184_169,10,1,250,110,39,9,3
0410184_169,10,1,257,112,46,13,3
0410184_169,10,1,250,111,39,8,3
0410184_169,10,1,250,112,39,10,3
0410184_169,10,1,258,112,47,11,3
0410184_169,10,1,256,113,45,15,3
0410184_169,10,1,257,111,46,12,3
0410184_169,10,1,252,113,41,14,3
0410184_169,10,1,256,110,45,1,4
0410184_169,10,1,256,111,45,3,4
0410184_169,10,1,251,110,40,4,4
0410184_169,10,1,258,110,47,5,4
0410184_169,10,1,249,110,38,6,4
0410184_169,10,1,256,110,45,7,4
0410184_169,10,1,254,110,43,2,4
0410184_169,10,1,259,111,48,12,4
0410184_169,10,1,246,111,35,14,4
0410184_169,10,1,256,110,45,8,4
0410184_169,10,1,257,110,46,9,4
0410184_169,10,1,254,110,43,10,4
0410184_169,10,1,255,111,44,11,4
0410184_169,10,1,252,110,41,13,4
0410184_169,10,1,257,110,46,15,4
0410184_169,10,1,251,110,40,1,5
0410184_169,10,1,252,110,41,2,5
0410184_169,10,1,246,110,35,3,5
0410184_169,10,1,248,110,37,4,5
0410184_169,10,1,247,110,36,8,5
0410184_169,10,1,248,110,37,5,5
0410184_169,10,1,247,110,36,13,5
0410184_169,10,1,249,110,38,12,5
0410184_169,10,1,251,109,40,6,5
0410184_169,10,1,249,111,38,7,5
0410184_169,10,1,251,109,40,9,5
0410184_169,10,1,246,111,35,10,5
0410184_169,10,1,245,110,34,11,5
0410184_169,10,1,251,111,40,14,5
0410184_169,10,1,250,110,39,15,5
0410184_169,10,1,259,114,48,4,6
0410184_169,10,1,247,113,36,2,6
0410184_169,10,1,249,113,38,3,6
0410184_169,10,1,246,114,35,5,6
0410184_169,10,1,264,114,53,6,6
0410184_169,10,1,266,114,55,7,6
0410184_169,10,1,263,113,52,8,6
0410184_169,10,1,266,113,55,1,6
0410184_169,10,1,250,113,39,13,6
0410184_169,10,1,250,113,39,12,6
0410184_169,10,1,265,113,54,15,6
0410184_169,10,1,251,113,40,9,6
0410184_169,10,1,251,112,40,10,6
0410184_169,10,1,251,114,40,11,6
0410184_169,10,1,267,113,56,14,6
0410184_169,10,1,256,109,45,3,7
0410184_169,10,1,256,109,45,4,7
0410184_169,10,1,256,110,45,6,7
0410184_169,10,1,254,110,43,7,7
0410184_169,10,1,251,110,40,8,7
0410184_169,10,1,258,111,47,9,7
0410184_169,10,1,252,109,41,1,7
0410184_169,10,1,252,109,41,2,7
0410184_169,10,1,254,109,43,5,7
0410184_169,10,1,263,110,52,14,7
0410184_169,10,1,253,110,42,10,7
0410184_169,10,1,257,110,46,11,7
0410184_169,10,1,252,109,41,12,7
0410184_169,10,1,252,110,41,13,7
0410184_169,10,1,255,109,44,15,7
0410184_169,10,1,269,112,58,2,8
0410184_169,10,1,270,111,59,3,8
0410184_169,10,1,258,111,47,5,8
0410184_169,10,1,249,111,38,1,8
0410184_169,10,1,262,110,51,10,8
0410184_169,10,1,252,112,41,4,8
0410184_169,10,1,271,110,60,8,8
0410184_169,10,1,263,113,52,6,8
0410184_169,10,1,256,112,45,15,8
0410184_169,10,1,267,111,56,7,8
0410184_169,10,1,261,110,50,9,8
0410184_169,10,1,258,113,47,11,8
0410184_169,10,1,265,112,54,12,8
0410184_169,10,1,252,112,41,13,8
0410184_169,10,1,250,111,39,14,8
0410184_169,10,1,258,111,47,1,9
0410184_169,10,1,257,111,46,2,9
0410184_169,10,1,250,112,39,3,9
0410184_169,10,1,250,112,39,4,9
0410184_169,10,1,260,112,49,5,9
0410184_169,10,1,255,109,44,6,9
0410184_169,10,1,254,111,43,7,9
0410184_169,10,1,269,112,58,8,9
0410184_169,10,1,248,112,37,9,9
0410184_169,10,1,261,110,50,12,9
0410184_169,10,1,263,111,52,15,9
0410184_169,10,1,262,112,51,10,9
0410184_169,10,1,273,112,62,11,9
0410184_169,10,1,252,112,41,13,9
0410184_169,10,1,252,112,41,14,9
0410184_169,10,1,251,112,40,2,10
0410184_169,10,1,248,112,37,3,10
0410184_169,10,1,261,110,50,4,10
0410184_169,10,1,252,112,41,6,10
0410184_169,10,1,251,111,40,7,10
0410184_169,10,1,253,110,42,8,10
0410184_169,10,1,252,112,41,9,10
0410184_169,10,1,261,112,50,10,10
0410184_169,10,1,248,112,37,1,10
0410184_169,10,1,259,112,48,5,10
0410184_169,10,1,253,112,42,11,10
0410184_169,10,1,265,112,54,12,10
0410184_169,10,1,249,112,38,13,10
0410184_169,10,1,266,112,55,14,10
0410184_169,10,1,259,111,48,15,10
0410184_169,10,1,267,114,56,1,11
0410184_169,10,1,263,114,52,2,11
0410184_169,10,1,261,113,50,3,11
0410184_169,10,1,261,115,50,4,11
0410184_169,10,1,262,112,51,5,11
0410184_169,10,1,259,113,48,6,11
0410184_169,10,1,262,113,51,7,11
0410184_169,10,1,261,113,50,8,11
0410184_169,10,1,266,114,55,9,11
0410184_169,10,1,261,113,50,10,11
0410184_169,10,1,259,113,48,11,11
0410184_169,10,1,259,113,48,12,11
0410184_169,10,1,261,114,50,13,11
0410184_169,10,1,262,114,51,14,11
0410184_169,10,1,272,114,61,15,11
0410184_169,10,1,238,107,27,3,12
0410184_169,10,1,241,107,30,4,12
0410184_169,10,1,251,107,40,8,12
0410184_169,10,1,250,108,39,1,12
0410184_169,10,1,238,107,27,2,12
0410184_169,10,1,242,108,31,5,12
0410184_169,10,1,241,107,30,13,12
0410184_169,10,1,248,108,37,6,12
0410184_169,10,1,251,107,40,14,12
0410184_169,10,1,236,108,25,7,12
0410184_169,10,1,241,107,30,9,12
0410184_169,10,1,241,107,30,10,12
0410184_169,10,1,236,108,25,11,12
0410184_169,10,1,259,108,48,12,12
0410184_169,10,1,241,107,30,15,12
0410184_169,10,1,257,110,46,1,13
0410184_169,10,1,251,110,40,2,13
0410184_169,10,1,252,110,41,3,13
0410184_169,10,1,255,111,44,4,13
0410184_169,10,1,251,110,40,10,13
0410184_169,10,1,251,110,40,11,13
0410184_169,10,1,254,110,43,5,13
0410184_169,10,1,251,110,40,6,13
0410184_169,10,1,254,110,43,7,13
0410184_169,10,1,253,110,42,8,13
0410184_169,10,1,252,110,41,9,13
0410184_169,10,1,254,110,43,12,13
0410184_169,10,1,255,110,44,13,13
0410184_169,10,1,251,110,40,14,13
0410184_169,10,1,252,110,41,15,13
0410184_169,10,1,258,113,47,3,14
0410184_169,10,1,271,114,60,4,14
0410184_169,10,1,258,113,47,5,14
0410184_169,10,1,260,114,49,6,14
0410184_169,10,1,250,113,39,2,14
0410184_169,10,1,258,113,47,8,14
0410184_169,10,1,257,113,46,1,14
0410184_169,10,1,265,113,54,10,14
0410184_169,10,1,262,111,51,9,14
0410184_169,10,1,264,113,53,7,14
0410184_169,10,1,271,114,60,13,14
0410184_169,10,1,283,114,72,11,14
0410184_169,10,1,256,111,45,12,14
0410184_169,10,1,254,113,43,14,14
0410184_169,10,1,258,113,47,15,14
0410184_169,10,1,259,109,48,1,15
0410184_169,10,1,259,110,48,4,15
0410184_169,10,1,256,111,45,6,15
0410184_169,10,1,247,110,36,8,15
0410184_169,10,1,253,109,42,2,15
0410184_169,10,1,253,109,42,3,15
0410184_169,10,1,259,110,48,12,15
0410184_169,10,1,256,110,45,5,15
0410184_169,10,1,254,110,43,15,15
0410184_169,10,1,259,109,48,7,15
0410184_169,10,1,259,109,48,9,15
0410184_169,10,1,259,111,48,10,15
0410184_169,10,1,259,109,48,11,15
0410184_169,10,1,251,109,40,13,15
0410184_169,10,1,258,109,47,14,15
0410184_169,10,1,256,111,45,3,16
0410184_169,10,1,259,111,48,4,16
0410184_169,10,1,257,109,46,5,16
0410184_169,10,1,253,109,42,1,16
0410184_169,10,1,254,110,43,2,16
0410184_169,10,1,255,111,44,6,16
0410184_169,10,1,258,110,47,7,16
0410184_169,10,1,252,111,41,14,16
0410184_169,10,1,257,111,46,15,16
0410184_169,10,1,254,111,43,8,16
0410184_169,10,1,263,110,52,9,16
0410184_169,10,1,261,111,50,10,16
0410184_169,10,1,256,112,45,11,16
0410184_169,10,1,264,111,53,12,16
0410184_169,10,1,253,111,42,13,16
0410184_169,10,1,249,111,38,1,17
0410184_169,10,1,245,112,34,6,17
0410184_169,10,1,250,111,39,2,17
0410184_169,10,1,249,111,38,5,17
0410184_169,10,1,242,113,31,4,17
0410184_169,10,1,259,111,48,3,17
0410184_169,10,1,259,112,48,11,17
0410184_169,10,1,245,113,34,9,17
0410184_169,10,1,245,113,34,7,17
0410184_169,10,1,250,111,39,15,17
0410184_169,10,1,249,111,38,8,17
0410184_169,10,1,245,112,34,10,17
0410184_169,10,1,262,112,51,12,17
0410184_169,10,1,267,111,56,13,17
0410184_169,10,1,249,112,38,14,17
0410184_169,10,1,247,110,36,1,18
0410184_169,10,1,250,110,39,2,18
0410184_169,10,1,252,109,41,4,18
0410184_169,10,1,249,110,38,3,18
0410184_169,10,1,252,108,41,6,18
0410184_169,10,1,250,110,39,8,18
0410184_169,10,1,249,110,38,5,18
0410184_169,10,1,250,109,39,7,18
0410184_169,10,1,250,109,39,9,18
0410184_169,10,1,253,109,42,10,18
0410184_169,10,1,249,110,38,11,18
0410184_169,10,1,238,110,27,12,18
0410184_169,10,1,242,110,31,13,18
0410184_169,10,1,247,108,36,14,18
0410184_169,10,1,250,110,39,15,18
0410184_169,10,1,233,109,22,2,19
0410184_169,10,1,233,109,22,1,19
0410184_169,10,1,233,109,22,4,19
0410184_169,10,1,233,109,22,5,19
0410184_169,10,1,252,111,41,8,19
0410184_169,10,1,239,109,28,9,19
0410184_169,10,1,233,109,22,3,19
0410184_169,10,1,258,111,47,10,19
0410184_169,10,1,233,109,22,11,19
0410184_169,10,1,233,109,22,6,19
0410184_169,10,1,233,109,22,13,19
0410184_169,10,1,260,112,49,7,19
0410184_169,10,1,236,109,25,14,19
0410184_169,10,1,233,109,22,15,19
0410184_169,10,1,255,111,44,12,19
0410184_169,10,1,251,110,40,1,20
0410184_169,10,1,238,110,27,3,20
0410184_169,10,1,250,110,39,4,20
0410184_169,10,1,247,110,36,6,20
0410184_169,10,1,252,111,41,7,20
0410184_169,10,1,245,110,34,8,20
0410184_169,10,1,245,109,34,9,20
0410184_169,10,1,236,110,25,10,20
0410184_169,10,1,251,111,40,11,20
0410184_169,10,1,236,109,25,2,20
0410184_169,10,1,245,110,34,12,20
0410184_169,10,1,254,112,43,13,20
0410184_169,10,1,236,109,25,5,20
0410184_169,10,1,257,111,46,15,20
0410184_169,10,1,254,112,43,14,20
0410184_169,10,1,254,112,43,1,21
0410184_169,10,1,253,113,42,3,21
0410184_169,10,1,255,111,44,4,21
0410184_169,10,1,253,112,42,5,21
0410184_169,10,1,252,113,41,6,21
0410184_169,10,1,256,112,45,7,21
0410184_169,10,1,253,114,42,8,21
0410184_169,10,1,258,113,47,9,21
0410184_169,10,1,257,111,46,2,21
0410184_169,10,1,263,114,52,12,21
0410184_169,10,1,255,113,44,11,21
0410184_169,10,1,254,111,43,10,21
0410184_169,10,1,253,113,42,13,21
0410184_169,10,1,254,113,43,14,21
0410184_169,10,1,254,113,43,15,21
0410184_169,10,1,252,111,41,1,22
0410184_169,10,1,269,111,58,4,22
0410184_169,10,1,258,111,47,6,22
0410184_169,10,1,252,112,41,7,22
0410184_169,10,1,252,112,41,8,22
0410184_169,10,1,258,111,47,10,22
0410184_169,10,1,252,111,41,9,22
0410184_169,10,1,252,111,41,2,22
0410184_169,10,1,258,111,47,3,22
0410184_169,10,1,264,110,53,5,22
0410184_169,10,1,258,112,47,12,22
0410184_169,10,1,246,112,35,13,22
0410184_169,10,1,252,112,41,15,22
0410184_169,10,1,256,111,45,11,22
0410184_169,10,1,252,111,41,14,22
0410184_169,10,1,260,112,49,2,23
0410184_169,10,1,257,113,46,3,23
0410184_169,10,1,257,109,46,5,23
0410184_169,10,1,271,111,60,8,23
0410184_169,10,1,259,112,48,1,23
0410184_169,10,1,259,112,48,4,23
0410184_169,10,1,267,112,56,6,23
0410184_169,10,1,272,111,61,14,23
0410184_169,10,1,264,111,53,7,23
0410184_169,10,1,258,112,47,15,23
0410184_169,10,1,273,111,62,9,23
0410184_169,10,1,272,111,61,10,23
0410184_169,10,1,263,111,52,11,23
0410184_169,10,1,262,112,51,12,23
0410184_169,10,1,270,112,59,13,23
0410184_169,10,1,262,110,51,6,24
0410184_169,10,1,260,109,49,1,24
0410184_169,10,1,249,108,38,2,24
0410184_169,10,1,256,108,45,3,24
0410184_169,10,1,261,109,50,4,24
0410184_169,10,1,260,109,49,5,24
0410184_169,10,1,261,110,50,7,24
0410184_169,10,1,259,110,48,8,24
0410184_169,10,1,249,108,38,9,24
0410184_169,10,1,259,109,48,10,24
0410184_169,10,1,249,108,38,11,24
0410184_169,10,1,260,110,49,12,24
0410184_169,10,1,254,111,43,13,24
0410184_169,10,1,256,109,45,14,24
0410184_169,10,1,254,110,43,15,24
0410184_169,10,1,244,113,33,3,25
0410184_169,10,1,246,113,35,6,25
0410184_169,10,1,254,110,43,8,25
0410184_169,10,1,257,113,46,1,25
0410184_169,10,1,244,113,33,2,25
0410184_169,10,1,260,112,49,4,25
0410184_169,10,1,256,111,45,5,25
0410184_169,10,1,251,111,40,7,25
0410184_169,10,1,256,112,45,9,25
0410184_169,10,1,261,112,50,10,25
0410184_169,10,1,256,113,45,12,25
0410184_169,10,1,258,112,47,11,25
0410184_169,10,1,255,112,44,13,25
0410184_169,10,1,263,113,52,14,25
0410184_169,10,1,245,112,34,15,25
0410184_169,10,1,254,112,43,2,26
0410184_169,10,1,262,111,51,5,26
0410184_169,10,1,254,112,43,6,26
0410184_169,10,1,248,111,37,8,26
0410184_169,10,1,254,111,43,7,26
0410184_169,10,1,261,111,50,9,26
0410184_169,10,1,270,109,59,1,26
0410184_169,10,1,249,110,38,3,26
0410184_169,10,1,264,112,53,4,26
0410184_169,10,1,250,110,39,14,26
0410184_169,10,1,254,112,43,11,26
0410184_169,10,1,258,111,47,12,26
0410184_169,10,1,263,110,52,15,26
0410184_169,10,1,254,112,43,13,26
0410184_169,10,1,265,110,54,10,26
0410184_169,10,1,270,112,59,3,27
0410184_169,10,1,263,113,52,4,27
0410184_169,10,1,261,110,50,5,27
0410184_169,10,1,259,112,48,6,27
0410184_169,10,1,278,114,67,7,27
0410184_169,10,1,271,113,60,8,27
0410184_169,10,1,263,113,52,10,27
0410184_169,10,1,275,113,64,1,27
0410184_169,10,1,257,113,46,2,27
0410184_169,10,1,265,113,54,12,27
0410184_169,10,1,259,114,48,9,27
0410184_169,10,1,266,114,55,11,27
0410184_169,10,1,258,113,47,13,27
0410184_169,10,1,275,113,64,14,27
0410184_169,10,1,271,114,60,15,27
0410184_169,10,1,255,111,44,1,28
0410184_169,10,1,257,111,46,2,28
0410184_169,10,1,246,111,35,3,28
0410184_169,10,1,252,110,41,4,28
0410184_169,10,1,238,111,27,8,28
0410184_169,10,1,252,110,41,5,28
0410184_169,10,1,253,112,42,6,28
0410184_169,10,1,255,111,44,7,28
0410184_169,10,1,254,111,43,9,28
0410184_169,10,1,255,111,44,10,28
0410184_169,10,1,253,111,42,14,28
0410184_169,10,1,257,111,46,11,28
0410184_169,10,1,257,111,46,15,28
0410184_169,10,1,254,111,43,12,28
0410184_169,10,1,255,111,44,13,28
0410184_169,10,1,250,111,39,2,29
0410184_169,10,1,248,112,37,3,29
0410184_169,10,1,257,112,46,4,29
0410184_169,10,1,267,113,56,6,29
0410184_169,10,1,247,113,36,5,29
0410184_169,10,1,250,111,39,7,29
0410184_169,10,1,257,111,46,8,29
0410184_169,10,1,269,112,58,9,29
0410184_169,10,1,265,111,54,10,29
0410184_169,10,1,258,112,47,1,29
0410184_169,10,1,257,112,46,11,29
0410184_169,10,1,260,112,49,12,29
0410184_169,10,1,265,112,54,13,29
0410184_169,10,1,260,112,49,14,29
0410184_169,10,1,262,112,51,15,29
0410184_169,10,1,250,110,39,7,30
0410184_169,10,1,259,113,48,8,30
0410184_169,10,1,262,111,51,1,30
0410184_169,10,1,255,111,44,10,30
0410184_169,10,1,253,112,42,2,30
0410184_169,10,1,263,112,52,3,30
0410184_169,10,1,260,113,49,11,30
0410184_169,10,1,253,111,42,4,30
0410184_169,10,1,256,113,45,5,30
0410184_169,10,1,249,108,38,9,30
0410184_169,10,1,250,110,39,6,30
0410184_169,10,1,261,111,50,15,30
0410184_169,10,1,257,111,46,12,30
0410184_169,10,1,250,110,39,13,30
0410184_169,10,1,248,113,37,14,30
0410184_169,10,1,251,109,40,3,31
0410184_169,10,1,250,109,39,4,31
0410184_169,10,1,251,109,40,5,31
0410184_169,10,1,251,109,40,6,31
0410184_169,10,1,255,109,44,7,31
0410184_169,10,1,250,109,39,8,31
0410184_169,10,1,253,109,42,9,31
0410184_169,10,1,253,109,42,10,31
0410184_169,10,1,255,109,44,1,31
0410184_169,10,1,253,109,42,2,31
0410184_169,10,1,251,109,40,14,31
0410184_169,10,1,250,109,39,15,31
0410184_169,10,1,253,109,42,11,31
0410184_169,10,1,255,109,44,12,31
0410184_169,10,1,251,109,40,13,31
0410184_169,10,1,248,109,37,2,32
0410184_169,10,1,253,110,42,3,32
0410184_169,10,1,258,111,47,4,32
0410184_169,10,1,250,110,39,5,32
0410184_169,10,1,253,110,42,6,32
0410184_169,10,1,250,111,39,7,32
0410184_169,10,1,241,110,30,8,32
0410184_169,10,1,254,110,43,1,32
0410184_169,10,1,256,110,45,9,32
0410184_169,10,1,253,110,42,10,32
0410184_169,10,1,252,111,41,11,32
0410184_169,10,1,247,112,36,12,32
0410184_169,10,1,252,111,41,13,32
0410184_169,10,1,253,111,42,14,32
0410184_169,10,1,253,111,42,15,32
0410184_169,10,1,252,107,41,3,33
0410184_169,10,1,257,112,46,2,33
0410184_169,10,1,254,111,43,1,33
0410184_169,10,1,257,109,46,4,33
0410184_169,10,1,250,109,39,6,33
0410184_169,10,1,252,107,41,5,33
0410184_169,10,1,258,111,47,7,33
0410184_169,10,1,248,113,37,8,33
0410184_169,10,1,257,112,46,11,33
0410184_169,10,1,250,109,39,9,33
0410184_169,10,1,250,109,39,10,33
0410184_169,10,1,250,111,39,12,33
0410184_169,10,1,251,110,40,13,33
0410184_169,10,1,250,110,39,14,33
0410184_169,10,1,252,112,41,15,33
0410184_169,10,1,253,112,42,8,34
0410184_169,10,1,253,112,42,1,34
0410184_169,10,1,251,112,40,2,34
0410184_169,10,1,253,111,42,3,34
0410184_169,10,1,254,112,43,4,34
0410184_169,10,1,252,112,41,11,34
0410184_169,10,1,253,111,42,5,34
0410184_169,10,1,253,110,42,14,34
0410184_169,10,1,263,113,52,6,34
0410184_169,10,1,264,111,53,15,34
0410184_169,10,1,253,111,42,7,34
0410184_169,10,1,258,110,47,9,34
0410184_169,10,1,268,112,57,10,34
0410184_169,10,1,252,111,41,12,34
0410184_169,10,1,255,111,44,13,34
0410184_169,10,1,244,109,33,3,35
0410184_169,10,1,244,109,33,2,35
0410184_169,10,1,244,112,33,4,35
0410184_169,10,1,255,112,44,6,35
0410184_169,10,1,256,113,45,7,35
0410184_169,10,1,246,111,35,8,35
0410184_169,10,1,244,109,33,1,35
0410184_169,10,1,247,111,36,5,35
0410184_169,10,1,253,112,42,9,35
0410184_169,10,1,246,111,35,10,35
0410184_169,10,1,255,111,44,11,35
0410184_169,10,1,243,112,32,12,35
0410184_169,10,1,245,110,34,13,35
0410184_169,10,1,256,111,45,14,35
0410184_169,10,1,246,109,35,15,35
0410184_169,10,1,253,110,42,1,36
0410184_169,10,1,245,110,34,2,36
0410184_169,10,1,245,111,34,3,36
0410184_169,10,1,253,111,42,4,36
0410184_169,10,1,243,109,32,5,36
0410184_169,10,1,246,112,35,10,36
0410184_169,10,1,245,109,34,6,36
0410184_169,10,1,261,111,50,14,36
0410184_169,10,1,253,110,42,15,36
0410184_169,10,1,269,111,58,7,36
0410184_169,10,1,259,109,48,8,36
0410184_169,10,1,256,110,45,9,36
0410184_169,10,1,259,111,48,11,36
0410184_169,10,1,260,111,49,12,36
0410184_169,10,1,253,111,42,13,36
0410184_169,10,1,256,112,45,1,37
0410184_169,10,1,259,113,48,3,37
0410184_169,10,1,250,112,39,2,37
0410184_169,10,1,252,112,41,4,37
0410184_169,10,1,249,112,38,5,37
0410184_169,10,1,256,112,45,6,37
0410184_169,10,1,250,113,39,13,37
0410184_169,10,1,251,112,40,7,37
0410184_169,10,1,249,112,38,8,37
0410184_169,10,1,250,112,39,9,37
0410184_169,10,1,249,112,38,10,37
0410184_169,10,1,250,112,39,12,37
0410184_169,10,1,264,113,53,15,37
0410184_169,10,1,252,113,41,11,37
0410184_169,10,1,254,112,43,14,37
0410184_169,10,1,245,110,34,1,38
0410184_169,10,1,253,110,42,5,38
0410184_169,10,1,255,111,44,9,38
0410184_169,10,1,254,111,43,10,38
0410184_169,10,1,248,111,37,2,38
0410184_169,10,1,258,111,47,3,38
0410184_169,10,1,253,110,42,4,38
0410184_169,10,1,251,111,40,6,38
0410184_169,10,1,248,111,37,13,38
0410184_169,10,1,254,111,43,7,38
0410184_169,10,1,252,111,41,14,38
0410184_169,10,1,243,110,32,15,38
0410184_169,10,1,261,111,50,8,38
0410184_169,10,1,252,111,41,11,38
0410184_169,10,1,251,111,40,12,38
0410184_169,10,1,244,108,33,6,39
0410184_169,10,1,255,108,44,2,39
0410184_169,10,1,247,108,36,1,39
0410184_169,10,1,251,107,40,8,39
0410184_169,10,1,255,108,44,9,39
0410184_169,10,1,244,108,33,3,39
0410184_169,10,1,255,108,44,7,39
0410184_169,10,1,256,108,45,4,39
0410184_169,10,1,252,108,41,5,39
0410184_169,10,1,251,108,40,12,39
0410184_169,10,1,255,107,44,15,39
0410184_169,10,1,246,108,35,13,39
0410184_169,10,1,244,108,33,10,39
0410184_169,10,1,253,108,42,11,39
0410184_169,10,1,253,108,42,14,39
0410184_169,10,1,258,108,47,1,40
0410184_169,10,1,259,108,48,2,40
0410184_169,10,1,263,109,52,6,40
0410184_169,10,1,259,108,48,7,40
0410184_169,10,1,258,108,47,8,40
0410184_169,10,1,258,108,47,10,40
0410184_169,10,1,257,108,46,3,40
0410184_169,10,1,259,108,48,4,40
0410184_169,10,1,258,108,47,5,40
0410184_169,10,1,258,108,47,9,40
0410184_169,10,1,257,109,46,15,40
0410184_169,10,1,269,109,58,11,40
0410184_169,10,1,258,108,47,12,40
0410184_169,10,1,258,109,47,13,40
0410184_169,10,1,258,108,47,14,40
0410184_169,10,1,265,111,54,1,41
0410184_169,10,1,258,110,47,2,41
0410184_169,10,1,258,111,47,5,41
0410184_169,10,1,258,110,47,6,41
0410184_169,10,1,258,110,47,7,41
0410184_169,10,1,259,111,48,3,41
0410184_169,10,1,261,110,50,11,41
0410184_169,10,1,258,110,47,4,41
0410184_169,10,1,259,110,48,8,41
0410184_169,10,1,261,111,50,9,41
0410184_169,10,1,258,109,47,10,41
0410184_169,10,1,254,109,43,14,41
0410184_169,10,1,258,110,47,13,41
0410184_169,10,1,253,111,42,15,41
0410184_169,10,1,258,110,47,12,41
0410184_169,10,1,258,111,47,1,42
0410184_169,10,1,254,111,43,2,42
0410184_169,10,1,256,112,45,3,42
0410184_169,10,1,257,112,46,4,42
0410184_169,10,1,254,111,43,5,42
0410184_169,10,1,251,113,40,6,42
0410184_169,10,1,255,110,44,7,42
0410184_169,10,1,261,112,50,8,42
0410184_169,10,1,260,113,49,9,42
0410184_169,10,1,257,110,46,10,42
0410184_169,10,1,261,112,50,11,42
0410184_169,10,1,260,110,49,12,42
0410184_169,10,1,260,111,49,13,42
0410184_169,10,1,259,112,48,14,42
0410184_169,10,1,263,110,52,15,42
0410184_169,10,1,256,111,45,3,43
0410184_169,10,1,251,111,40,2,43
0410184_169,10,1,247,111,36,4,43
0410184_169,10,1,256,110,45,5,43
0410184_169,10,1,244,111,33,6,43
0410184_169,10,1,264,111,53,7,43
0410184_169,10,1,251,111,40,8,43
0410184_169,10,1,251,109,40,1,43
0410184_169,10,1,254,112,43,9,43
0410184_169,10,1,255,110,44,10,43
0410184_169,10,1,245,109,34,11,43
0410184_169,10,1,251,108,40,12,43
0410184_169,10,1,243,109,32,13,43
0410184_169,10,1,256,112,45,14,43
0410184_169,10,1,243,109,32,15,43
0410184_169,10,1,262,114,51,1,44
0410184_169,10,1,266,113,55,2,44
0410184_169,10,1,252,113,41,3,44
0410184_169,10,1,250,110,39,10,44
0410184_169,10,1,256,111,45,5,44
0410184_169,10,1,269,111,58,4,44
0410184_169,10,1,264,110,53,6,44
0410184_169,10,1,259,111,48,7,44
0410184_169,10,1,257,112,46,8,44
0410184_169,10,1,255,114,44,9,44
0410184_169,10,1,257,113,46,11,44
0410184_169,10,1,264,110,53,12,44
0410184_169,10,1,250,109,39,13,44
0410184_169,10,1,250,109,39,14,44
0410184_169,10,1,253,112,42,15,44
0410184_169,10,1,254,109,43,2,45
0410184_169,10,1,257,109,46,1,45
0410184_169,10,1,251,112,40,3,45
0410184_169,10,1,255,109,44,4,45
0410184_169,10,1,259,109,48,5,45
0410184_169,10,1,259,109,48,6,45
0410184_169,10,1,253,109,42,7,45
0410184_169,10,1,254,109,43,8,45
0410184_169,10,1,253,109,42,9,45
0410184_169,10,1,254,109,43,10,45
0410184_169,10,1,260,109,49,11,45
0410184_169,10,1,258,109,47,12,45
0410184_169,10,1,257,109,46,13,45
0410184_169,10,1,258,109,47,14,45
0410184_169,10,1,268,111,57,15,45
0410184_169,10,1,266,111,55,3,46
0410184_169,10,1,261,112,50,2,46
0410184_169,10,1,261,111,50,4,46
0410184_169,10,1,255,111,44,5,46
0410184_169,10,1,256,112,45,6,46
0410184_169,10,1,257,112,46,7,46
0410184_169,10,1,262,111,51,1,46
0410184_169,10,1,260,112,49,14,46
0410184_169,10,1,257,112,46,8,46
0410184_169,10,1,258,112,47,9,46
0410184_169,10,1,257,111,46,10,46
0410184_169,10,1,252,111,41,11,46
0410184_169,10,1,256,112,45,12,46
0410184_169,10,1,257,112,46,13,46
0410184_169,10,1,261,112,50,15,46
0410184_169,10,1,245,107,34,1,47
0410184_169,10,1,244,109,33,2,47
0410184_169,10,1,246,107,35,3,47
0410184_169,10,1,250,109,39,4,47
0410184_169,10,1,249,106,38,8,47
0410184_169,10,1,252,109,41,10,47
0410184_169,10,1,254,109,43,5,47
0410184_169,10,1,240,109,29,6,47
0410184_169,10,1,252,109,41,7,47
0410184_169,10,1,249,106,38,14,47
0410184_169,10,1,254,108,43,9,47
0410184_169,10,1,244,106,33,11,47
0410184_169,10,1,253,109,42,12,47
0410184_169,10,1,251,109,40,13,47
0410184_169,10,1,251,108,40,15,47
0410184_169,10,1,258,112,47,2,48
0410184_169,10,1,257,112,46,3,48
0410184_169,10,1,258,112,47,4,48
0410184_169,10,1,256,112,45,5,48
0410184_169,10,1,254,112,43,6,48
0410184_169,10,1,256,112,45,7,48
0410184_169,10,1,255,112,44,10,48
0410184_169,10,1,257,112,46,1,48
0410184_169,10,1,256,112,45,14,48
0410184_169,10,1,256,112,45,11,48
0410184_169,10,1,256,112,45,12,48
0410184_169,10,1,257,112,46,15,48
0410184_169,10,1,256,112,45,8,48
0410184_169,10,1,264,113,53,9,48
0410184_169,10,1,257,111,46,13,48
0410184_169,10,1,251,113,40,2,49
0410184_169,10,1,248,113,37,3,49
0410184_169,10,1,250,113,39,4,49
0410184_169,10,1,250,113,39,5,49
0410184_169,10,1,264,111,53,6,49
0410184_169,10,1,261,113,50,7,49
0410184_169,10,1,248,112,37,9,49
0410184_169,10,1,251,113,40,1,49
0410184_169,10,1,250,112,39,12,49
0410184_169,10,1,259,112,48,8,49
0410184_169,10,1,252,113,41,14,49
0410184_169,10,1,252,113,41,10,49
0410184_169,10,1,251,113,40,15,49
0410184_169,10,1,253,112,42,11,49
0410184_169,10,1,251,112,40,13,49
0410184_169,10,1,248,110,37,3,50
0410184_169,10,1,257,111,46,2,50
0410184_169,10,1,254,110,43,4,50
0410184_169,10,1,245,108,34,6,50
0410184_169,10,1,245,108,34,7,50
0410184_169,10,1,258,110,47,8,50
0410184_169,10,1,252,111,41,9,50
0410184_169,10,1,255,110,44,10,50
0410184_169,10,1,246,107,35,1,50
0410184_169,10,1,256,111,45,11,50
0410184_169,10,1,253,110,42,5,50
0410184_169,10,1,249,109,38,15,50
0410184_169,10,1,256,110,45,12,50
0410184_169,10,1,246,107,35,13,50
0410184_169,10,1,259,111,48,14,50
ex3_229,10,1,441,240,38,1,0
ex3_229,10,1,437,240,34,2,0
ex3_229,10,1,459,242,56,3,0
ex3_229,10,1,443,240,40,4,0
ex3_229,10,1,450,240,47,5,0
ex3_229,10,1,439,238,36,6,0
ex3_229,10,1,454,237,51,7,0
ex3_229,10,1,449,241,46,8,0
ex3_229,10,1,441,238,38,9,0
ex3_229,10,1,443,240,40,10,0
ex3_229,10,1,438,240,35,11,0
ex3_229,10,1,435,240,32,12,0
ex3_229,10,1,463,243,60,13,0
ex3_229,10,1,451,240,48,14,0
ex3_229,10,1,442,242,39,15,0
ex3_229,10,1,443,235,40,5,1
ex3_229,10,1,443,236,40,4,1
ex3_229,10,1,457,237,54,3,1
ex3_229,10,1,431,235,28,6,1
ex3_229,10,1,444,234,41,7,1
ex3_229,10,1,446,237,43,8,1
ex3_229,10,1,434,232,31,9,1
ex3_229,10,1,426,238,23,1,1
ex3_229,10,1,434,239,31,2,1
ex3_229,10,1,436,239,33,10,1
ex3_229,10,1,450,238,47,11,1
ex3_229,10,1,444,238,41,12,1
ex3_229,10,1,436,235,33,13,1
ex3_229,10,1,468,236,65,14,1
ex3_229,10,1,444,235,41,15,1
ex3_229,10,1,467,242,64,1,2
ex3_229,10,1,472,245,69,2,2
ex3_229,10,1,468,245,65,3,2
ex3_229,10,1,452,241,49,10,2
ex3_229,10,1,479,246,76,4,2
ex3_229,10,1,455,242,52,5,2
ex3_229,10,1,465,245,62,7,2
ex3_229,10,1,465,244,62,6,2
ex3_229,10,1,453,242,50,8,2
ex3_229,10,1,465,244,62,9,2
ex3_229,10,1,453,245,50,11,2
ex3_229,10,1,468,247,65,12,2
ex3_229,10,1,472,244,69,13,2
ex3_229,10,1,463,244,60,14,2
ex3_229,10,1,472,246,69,15,2
ex3_229,10,1,429,239,26,1,3
ex3_229,10,1,429,239,26,2,3
ex3_229,10,1,436,236,33,4,3
ex3_229,10,1,436,236,33,5,3
ex3_229,10,1,434,239,31,7,3
ex3_229,10,1,432,239,29,8,3
ex3_229,10,1,447,241,44,9,3
ex3_229,10,1,434,235,31,3,3
ex3_229,10,1,434,238,31,13,3
ex3_229,10,1,441,235,38,14,3
ex3_229,10,1,432,238,29,15,3
ex3_229,10,1,432,238,29,6,3
ex3_229,10,1,436,237,33,10,3
ex3_229,10,1,434,240,31,11,3
ex3_229,10,1,432,238,29,12,3
ex3_229,10,1,435,235,32,1,4
ex3_229,10,1,435,235,32,2,4
ex3_229,10,1,432,236,29,7,4
ex3_229,10,1,453,237,50,4,4
ex3_229,10,1,448,234,45,3,4
ex3_229,10,1,424,235,21,5,4
ex3_229,10,1,430,236,27,10,4
ex3_229,10,1,428,235,25,8,4
ex3_229,10,1,424,234,21,9,4
ex3_229,10,1,427,236,24,6,4
ex3_229,10,1,424,234,21,11,4
ex3_229,10,1,424,234,21,12,4
ex3_229,10,1,455,234,52,13,4
ex3_229,10,1,441,233,38,14,4
ex3_229,10,1,433,236,30,15,4
ex3_229,10,1,443,237,40,2,5
ex3_229,10,1,444,240,41,6,5
ex3_229,10,1,444,238,41,4,5
ex3_229,10,1,446,239,43,1,5
ex3_229,10,1,447,238,44,5,5
ex3_229,10,1,444,238,41,3,5
ex3_229,10,1,433,239,30,8,5
ex3_229,10,1,440,237,37,9,5
ex3_229,10,1,442,237,39,10,5
ex3_229,10,1,451,241,48,7,5
ex3_229,10,1,440,237,37,11,5
ex3_229,10,1,440,236,37,12,5
ex3_229,10,1,443,236,40,13,5
ex3_229,10,1,440,236,37,14,5
ex3_229,10,1,444,237,41,15,5
ex3_229,10,1,414,233,11,1,6
ex3_229,10,1,414,233,11,3,6
ex3_229,10,1,414,233,11,4,6
ex3_229,10,1,414,233,11,5,6
ex3_229,10,1,414,233,11,6,6
ex3_229,10,1,414,233,11,7,6
ex3_229,10,1,414,233,11,8,6
ex3_229,10,1,414,233,11,10,6
ex3_229,10,1,414,233,11,2,6
ex3_229,10,1,414,233,11,9,6
ex3_229,10,1,414,233,11,14,6
ex3_229,10,1,414,233,11,11,6
ex3_229,10,1,414,233,11,12,6
ex3_229,10,1,414,233,11,13,6
ex3_229,10,1,414,233,11,15,6
ex3_229,10,1,433,235,30,2,7
ex3_229,10,1,431,234,28,7,7
ex3_229,10,1,431,235,28,1,7
ex3_229,10,1,431,234,28,3,7
ex3_229,10,1,440,235,37,4,7
ex3_229,10,1,428,236,25,6,7
ex3_229,10,1,431,234,28,5,7
ex3_229,10,1,433,233,30,8,7
ex3_229,10,1,431,233,28,13,7
ex3_229,10,1,427,236,24,14,7
ex3_229,10,1,431,233,28,15,7
ex3_229,10,1,431,234,28,9,7
ex3_229,10,1,428,236,25,10,7
ex3_229,10,1,431,233,28,11,7
ex3_229,10,1,431,233,28,12,7
ex3_229,10,1,457,235,54,4,8
ex3_229,10,1,451,234,48,5,8
ex3_229,10,1,446,236,43,6,8
ex3_229,10,1,459,236,56,8,8
ex3_229,10,1,437,235,34,9,8
ex3_229,10,1,459,234,56,10,8
ex3_229,10,1,453,237,50,1,8
ex3_229,10,1,435,235,32,11,8
ex3_229,10,1,439,236,36,12,8
ex3_229,10,1,459,235,56,2,8
ex3_229,10,1,456,236,53,13,8
ex3_229,10,1,451,235,48,14,8
ex3_229,10,1,453,236,50,3,8
ex3_229,10,1,440,235,37,15,8
ex3_229,10,1,452,235,49,7,8
ex3_229,10,1,429,234,26,1,9
ex3_229,10,1,428,233,25,2,9
ex3_229,10,1,428,234,25,3,9
ex3_229,10,1,432,236,29,4,9
ex3_229,10,1,429,233,26,5,9
ex3_229,10,1,429,234,26,6,9
ex3_229,10,1,429,233,26,7,9
ex3_229,10,1,428,233,25,11,9
ex3_229,10,1,428,234,25,13,9
ex3_229,10,1,429,233,26,8,9
ex3_229,10,1,429,234,26,14,9
ex3_229,10,1,430,235,27,9,9
ex3_229,10,1,452,234,49,10,9
ex3_229,10,1,432,236,29,12,9
ex3_229,10,1,446,233,43,15,9
ex3_229,10,1,419,230,16,1,10
ex3_229,10,1,419,230,16,5,10
ex3_229,10,1,419,230,16,6,10
ex3_229,10,1,419,230,16,7,10
ex3_229,10,1,419,230,16,8,10
ex3_229,10,1,433,236,30,2,10
ex3_229,10,1,419,230,16,12,10
ex3_229,10,1,419,230,16,3,10
ex3_229,10,1,419,230,16,14,10
ex3_229,10,1,419,230,16,4,10
ex3_229,10,1,435,233,32,15,10
ex3_229,10,1,419,230,16,9,10
ex3_229,10,1,419,230,16,10,10
ex3_229,10,1,419,230,16,11,10
ex3_229,10,1,419,230,16,13,10
ex3_229,10,1,423,236,20,1,11
ex3_229,10,1,441,236,38,4,11
ex3_229,10,1,434,235,31,5,11
ex3_229,10,1,423,236,20,6,11
ex3_229,10,1,436,235,33,7,11
ex3_229,10,1,431,236,28,8,11
ex3_229,10,1,425,236,22,2,11
ex3_229,10,1,425,236,22,3,11
ex3_229,10,1,423,235,20,9,11
ex3_229,10,1,425,236,22,10,11
ex3_229,10,1,423,236,20,11,11
ex3_229,10,1,441,236,38,12,11
ex3_229,10,1,432,234,29,13,11
ex3_229,10,1,441,237,38,14,11
ex3_229,10,1,423,236,20,15,11
ex3_229,10,1,433,249,30,1,12
ex3_229,10,1,453,248,50,4,12
ex3_229,10,1,435,249,32,5,12
ex3_229,10,1,450,246,47,6,12
ex3_229,10,1,463,252,60,7,12
ex3_229,10,1,437,250,34,8,12
ex3_229,10,1,444,241,41,13,12
ex3_229,10,1,472,249,69,12,12
ex3_229,10,1,457,248,54,2,12
ex3_229,10,1,466,251,63,3,12
ex3_229,10,1,443,245,40,9,12
ex3_229,10,1,448,244,45,14,12
ex3_229,10,1,435,248,32,10,12
ex3_229,10,1,443,248,40,11,12
ex3_229,10,1,462,247,59,15,12
ex3_229,10,1,459,241,56,1,13
ex3_229,10,1,450,239,47,3,13
ex3_229,10,1,461,241,58,2,13
ex3_229,10,1,452,241,49,8,13
ex3_229,10,1,462,241,59,4,13
ex3_229,10,1,459,240,56,6,13
ex3_229,10,1,457,242,54,7,13
ex3_229,10,1,452,241,49,5,13
ex3_229,10,1,466,241,63,9,13
ex3_229,10,1,461,240,58,10,13
ex3_229,10,1,450,241,47,11,13
ex3_229,10,1,453,241,50,12,13
ex3_229,10,1,458,239,55,13,13
ex3_229,10,1,427,242,24,14,13
ex3_229,10,1,456,239,53,15,13
ex3_229,10,1,452,241,49,3,14
ex3_229,10,1,447,239,44,4,14
ex3_229,10,1,444,239,41,2,14
ex3_229,10,1,449,235,46,5,14
ex3_229,10,1,441,237,38,7,14
ex3_229,10,1,452,240,49,8,14
ex3_229,10,1,466,237,63,9,14
ex3_229,10,1,453,237,50,1,14
ex3_229,10,1,447,242,44,13,14
ex3_229,10,1,447,238,44,12,14
ex3_229,10,1,450,241,47,14,14
ex3_229,10,1,440,235,37,15,14
ex3_229,10,1,467,240,64,6,14
ex3_229,10,1,445,240,42,10,14
ex3_229,10,1,447,238,44,11,14
ex3_229,10,1,433,236,30,2,15
ex3_229,10,1,442,237,39,5,15
ex3_229,10,1,447,239,44,6,15
ex3_229,10,1,448,236,45,7,15
ex3_229,10,1,445,235,42,8,15
ex3_229,10,1,434,239,31,9,15
ex3_229,10,1,450,240,47,10,15
ex3_229,10,1,429,237,26,1,15
ex3_229,10,1,452,238,49,3,15
ex3_229,10,1,440,235,37,13,15
ex3_229,10,1,452,238,49,14,15
ex3_229,10,1,431,234,28,4,15
ex3_229,10,1,441,242,38,11,15
ex3_229,10,1,442,237,39,12,15
ex3_229,10,1,437,237,34,15,15
ex3_229,10,1,440,235,37,3,16
ex3_229,10,1,440,236,37,2,16
ex3_229,10,1,449,239,46,4,16
ex3_229,10,1,442,237,39,5,16
ex3_229,10,1,445,237,42,6,16
ex3_229,10,1,448,239,45,7,16
ex3_229,10,1,444,236,41,8,16
ex3_229,10,1,448,238,45,1,16
ex3_229,10,1,440,233,37,12,16
ex3_229,10,1,438,235,35,13,16
ex3_229,10,1,440,237,37,14,16
ex3_229,10,1,432,239,29,15,16
ex3_229,10,1,440,236,37,9,16
ex3_229,10,1,446,236,43,10,16
ex3_229,10,1,442,235,39,11,16
ex3_229,10,1,453,242,50,3,17
ex3_229,10,1,450,245,47,5,17
ex3_229,10,1,448,244,45,6,17
ex3_229,10,1,440,241,37,7,17
ex3_229,10,1,465,246,62,8,17
ex3_229,10,1,459,244,56,1,17
ex3_229,10,1,440,241,37,2,17
ex3_229,10,1,461,245,58,12,17
ex3_229,10,1,446,241,43,4,17
ex3_229,10,1,450,243,47,14,17
ex3_229,10,1,454,244,51,15,17
ex3_229,10,1,445,242,42,9,17
ex3_229,10,1,452,245,49,10,17
ex3_229,10,1,442,241,39,11,17
ex3_229,10,1,446,242,43,13,17
ex3_229,10,1,443,240,40,1,18
ex3_229,10,1,441,239,38,2,18
ex3_229,10,1,443,237,40,3,18
ex3_229,10,1,457,238,54,4,18
ex3_229,10,1,437,238,34,5,18
ex3_229,10,1,443,235,40,6,18
ex3_229,10,1,452,235,49,7,18
ex3_229,10,1,450,236,47,8,18
ex3_229,10,1,451,237,48,13,18
ex3_229,10,1,443,238,40,9,18
ex3_229,10,1,445,239,42,10,18
ex3_229,10,1,437,236,34,11,18
ex3_229,10,1,446,237,43,12,18
ex3_229,10,1,437,237,34,14,18
ex3_229,10,1,456,237,53,15,18
ex3_229,10,1,414,234,11,1,19
ex3_229,10,1,414,234,11,4,19
ex3_229,10,1,414,234,11,6,19
ex3_229,10,1,414,234,11,7,19
ex3_229,10,1,414,234,11,8,19
ex3_229,10,1,414,234,11,10,19
ex3_229,10,1,425,234,22,2,19
ex3_229,10,1,423,235,20,3,19
ex3_229,10,1,425,233,22,13,19
ex3_229,10,1,425,233,22,14,19
ex3_229,10,1,425,234,22,5,19
ex3_229,10,1,414,234,11,9,19
ex3_229,10,1,414,234,11,11,19
ex3_229,10,1,425,233,22,12,19
ex3_229,10,1,425,234,22,15,19
ex3_229,10,1,439,236,36,1,20
ex3_229,10,1,437,237,34,3,20
ex3_229,10,1,433,233,30,4,20
ex3_229,10,1,441,239,38,5,20
ex3_229,10,1,430,233,27,7,20
ex3_229,10,1,432,236,29,8,20
ex3_229,10,1,443,237,40,9,20
ex3_229,10,1,439,238,36,2,20
ex3_229,10,1,439,238,36,12,20
ex3_229,10,1,441,237,38,13,20
ex3_229,10,1,447,244,44,6,20
ex3_229,10,1,446,241,43,15,20
ex3_229,10,1,439,239,36,10,20
ex3_229,10,1,439,238,36,11,20
ex3_229,10,1,446,240,43,14,20
ex3_229,10,1,449,239,46,1,21
ex3_229,10,1,446,239,43,3,21
ex3_229,10,1,444,238,41,5,21
ex3_229,10,1,444,240,41,6,21
ex3_229,10,1,448,238,45,7,21
ex3_229,10,1,449,241,46,8,21
ex3_229,10,1,448,240,45,2,21
ex3_229,10,1,444,239,41,4,21
ex3_229,10,1,460,242,57,10,21
ex3_229,10,1,439,237,36,9,21
ex3_229,10,1,446,241,43,15,21
ex3_229,10,1,447,239,44,11,21
ex3_229,10,1,446,238,43,14,21
ex3_229,10,1,444,238,41,12,21
ex3_229,10,1,446,237,43,13,21
ex3_229,10,1,447,249,44,3,22
ex3_229,10,1,447,248,44,8,22
ex3_229,10,1,449,249,46,2,22
ex3_229,10,1,447,249,44,1,22
ex3_229,10,1,447,248,44,11,22
ex3_229,10,1,447,248,44,10,22
ex3_229,10,1,447,249,44,4,22
ex3_229,10,1,449,249,46,5,22
ex3_229,10,1,447,248,44,7,22
ex3_229,10,1,447,249,44,15,22
ex3_229,10,1,447,250,44,6,22
ex3_229,10,1,449,250,46,9,22
ex3_229,10,1,447,248,44,12,22
ex3_229,10,1,447,247,44,13,22
ex3_229,10,1,447,248,44,14,22
ex3_229,10,1,457,240,54,1,23
ex3_229,10,1,433,236,30,2,23
ex3_229,10,1,448,240,45,5,23
ex3_229,10,1,456,239,53,6,23
ex3_229,10,1,454,241,51,7,23
ex3_229,10,1,449,237,46,3,23
ex3_229,10,1,451,239,48,11,23
ex3_229,10,1,439,234,36,4,23
ex3_229,10,1,433,238,30,8,23
ex3_229,10,1,441,238,38,9,23
ex3_229,10,1,442,237,39,10,23
ex3_229,10,1,429,234,26,12,23
ex3_229,10,1,437,240,34,13,23
ex3_229,10,1,443,237,40,14,23
ex3_229,10,1,454,240,51,15,23
ex3_229,10,1,426,234,23,1,24
ex3_229,10,1,428,235,25,3,24
ex3_229,10,1,421,232,18,4,24
ex3_229,10,1,421,232,18,5,24
ex3_229,10,1,426,237,23,8,24
ex3_229,10,1,436,235,33,9,24
ex3_229,10,1,432,235,29,10,24
ex3_229,10,1,437,236,34,11,24
ex3_229,10,1,421,232,18,12,24
ex3_229,10,1,432,235,29,2,24
ex3_229,10,1,421,232,18,14,24
ex3_229,10,1,421,232,18,15,24
ex3_229,10,1,432,235,29,6,24
ex3_229,10,1,434,235,31,7,24
ex3_229,10,1,433,233,30,13,24
ex3_229,10,1,438,235,35,3,25
ex3_229,10,1,444,239,41,2,25
ex3_229,10,1,442,239,39,5,25
ex3_229,10,1,451,235,48,6,25
ex3_229,10,1,436,235,33,9,25
ex3_229,10,1,436,235,33,10,25
ex3_229,10,1,437,240,34,1,25
ex3_229,10,1,432,236,29,11,25
ex3_229,10,1,450,240,47,12,25
ex3_229,10,1,445,239,42,4,25
ex3_229,10,1,469,236,66,14,25
ex3_229,10,1,436,235,33,7,25
ex3_229,10,1,438,238,35,8,25
ex3_229,10,1,436,234,33,13,25
ex3_229,10,1,438,240,35,15,25
ex3_229,10,1,443,238,40,1,26
ex3_229,10,1,455,240,52,5,26
ex3_229,10,1,452,240,49,4,26
ex3_229,10,1,439,238,36,7,26
ex3_229,10,1,450,241,47,3,26
ex3_229,10,1,458,240,55,2,26
ex3_229,10,1,445,242,42,6,26
ex3_229,10,1,435,235,32,8,26
ex3_229,10,1,457,241,54,9,26
ex3_229,10,1,456,241,53,10,26
ex3_229,10,1,452,239,49,11,26
ex3_229,10,1,437,235,34,12,26
ex3_229,10,1,447,239,44,13,26
ex3_229,10,1,439,234,36,14,26
ex3_229,10,1,439,240,36,15,26
ex3_229,10,1,422,232,19,1,27
ex3_229,10,1,422,232,19,3,27
ex3_229,10,1,427,236,24,4,27
ex3_229,10,1,422,232,19,2,27
ex3_229,10,1,437,234,34,6,27
ex3_229,10,1,427,235,24,5,27
ex3_229,10,1,422,232,19,7,27
ex3_229,10,1,427,236,24,8,27
ex3_229,10,1,439,236,36,9,27
ex3_229,10,1,427,236,24,10,27
ex3_229,10,1,422,232,19,11,27
ex3_229,10,1,422,232,19,12,27
ex3_229,10,1,424,237,21,13,27
ex3_229,10,1,428,236,25,14,27
ex3_229,10,1,422,232,19,15,27
ex3_229,10,1,454,237,51,5,28
ex3_229,10,1,456,239,53,6,28
ex3_229,10,1,443,239,40,1,28
ex3_229,10,1,449,242,46,2,28
ex3_229,10,1,454,236,51,3,28
ex3_229,10,1,441,236,38,4,28
ex3_229,10,1,467,241,64,7,28
ex3_229,10,1,455,240,52,8,28
ex3_229,10,1,455,240,52,9,28
ex3_229,10,1,454,238,51,10,28
ex3_229,10,1,456,240,53,11,28
ex3_229,10,1,436,241,33,12,28
ex3_229,10,1,441,237,38,13,28
ex3_229,10,1,454,237,51,14,28
ex3_229,10,1,454,237,51,15,28
ex3_229,10,1,433,235,30,2,29
ex3_229,10,1,446,236,43,1,29
ex3_229,10,1,423,237,20,3,29
ex3_229,10,1,423,239,20,5,29
ex3_229,10,1,423,238,20,6,29
ex3_229,10,1,472,238,69,7,29
ex3_229,10,1,438,236,35,8,29
ex3_229,10,1,433,234,30,4,29
ex3_229,10,1,423,238,20,15,29
ex3_229,10,1,423,238,20,9,29
ex3_229,10,1,423,238,20,10,29
ex3_229,10,1,423,238,20,11,29
ex3_229,10,1,446,236,43,12,29
ex3_229,10,1,433,235,30,13,29
ex3_229,10,1,423,237,20,14,29
ex3_229,10,1,450,241,47,2,30
ex3_229,10,1,438,240,35,3,30
ex3_229,10,1,446,237,43,1,30
ex3_229,10,1,431,239,28,4,30
ex3_229,10,1,446,239,43,6,30
ex3_229,10,1,444,238,41,13,30
ex3_229,10,1,444,236,41,5,30
ex3_229,10,1,438,240,35,15,30
ex3_229,10,1,451,240,48,7,30
ex3_229,10,1,443,240,40,8,30
ex3_229,10,1,454,244,51,9,30
ex3_229,10,1,454,239,51,10,30
ex3_229,10,1,445,241,42,11,30
ex3_229,10,1,431,239,28,12,30
ex3_229,10,1,438,240,35,14,30
ex3_229,10,1,432,240,29,3,31
ex3_229,10,1,432,241,29,2,31
ex3_229,10,1,455,238,52,6,31
ex3_229,10,1,453,239,50,7,31
ex3_229,10,1,453,240,50,9,31
ex3_229,10,1,442,239,39,10,31
ex3_229,10,1,451,239,48,1,31
ex3_229,10,1,453,240,50,13,31
ex3_229,10,1,457,240,54,14,31
ex3_229,10,1,453,238,50,4,31
ex3_229,10,1,432,240,29,15,31
ex3_229,10,1,460,241,57,5,31
ex3_229,10,1,453,242,50,8,31
ex3_229,10,1,459,238,56,11,31
ex3_229,10,1,453,239,50,12,31
ex3_229,10,1,417,237,14,1,32
ex3_229,10,1,417,236,14,3,32
ex3_229,10,1,420,236,17,4,32
ex3_229,10,1,422,236,19,5,32
ex3_229,10,1,420,236,17,6,32
ex3_229,10,1,420,236,17,7,32
ex3_229,10,1,436,234,33,2,32
ex3_229,10,1,420,236,17,8,32
ex3_229,10,1,420,236,17,9,32
ex3_229,10,1,420,236,17,10,32
ex3_229,10,1,420,236,17,11,32
ex3_229,10,1,432,236,29,12,32
ex3_229,10,1,420,236,17,13,32
ex3_229,10,1,417,236,14,14,32
ex3_229,10,1,422,237,19,15,32
ex3_229,10,1,447,237,44,2,33
ex3_229,10,1,439,236,36,3,33
ex3_229,10,1,427,238,24,4,33
ex3_229,10,1,431,239,28,5,33
ex3_229,10,1,437,235,34,1,33
ex3_229,10,1,449,237,46,11,33
ex3_229,10,1,453,239,50,13,33
ex3_229,10,1,445,236,42,14,33
ex3_229,10,1,427,238,24,6,33
ex3_229,10,1,445,237,42,7,33
ex3_229,10,1,445,237,42,8,33
ex3_229,10,1,437,236,34,9,33
ex3_229,10,1,427,238,24,10,33
ex3_229,10,1,427,238,24,12,33
ex3_229,10,1,449,238,46,15,33
ex3_229,10,1,434,237,31,4,34
ex3_229,10,1,455,238,52,5,34
ex3_229,10,1,441,236,38,6,34
ex3_229,10,1,430,237,27,7,34
ex3_229,10,1,450,237,47,9,34
ex3_229,10,1,439,238,36,10,34
ex3_229,10,1,434,237,31,1,34
ex3_229,10,1,446,239,43,2,34
ex3_229,10,1,442,237,39,12,34
ex3_229,10,1,473,238,70,3,34
ex3_229,10,1,446,239,43,15,34
ex3_229,10,1,462,239,59,8,34
ex3_229,10,1,432,238,29,11,34
ex3_229,10,1,437,236,34,13,34
ex3_229,10,1,451,236,48,14,34
ex3_229,10,1,440,237,37,2,35
ex3_229,10,1,438,236,35,3,35
ex3_229,10,1,438,233,35,4,35
ex3_229,10,1,438,235,35,5,35
ex3_229,10,1,438,235,35,6,35
ex3_229,10,1,442,238,39,7,35
ex3_229,10,1,438,236,35,8,35
ex3_229,10,1,438,235,35,9,35
ex3_229,10,1,438,236,35,1,35
ex3_229,10,1,439,237,36,12,35
ex3_229,10,1,440,237,37,13,35
ex3_229,10,1,440,234,37,14,35
ex3_229,10,1,435,237,32,15,35
ex3_229,10,1,451,237,48,10,35
ex3_229,10,1,438,236,35,11,35
ex3_229,10,1,444,230,41,1,36
ex3_229,10,1,444,229,41,2,36
ex3_229,10,1,444,229,41,3,36
ex3_229,10,1,444,230,41,4,36
ex3_229,10,1,444,229,41,5,36
ex3_229,10,1,444,229,41,8,36
ex3_229,10,1,444,229,41,10,36
ex3_229,10,1,444,229,41,12,36
ex3_229,10,1,444,229,41,6,36
ex3_229,10,1,444,229,41,14,36
ex3_229,10,1,444,229,41,7,36
ex3_229,10,1,444,229,41,9,36
ex3_229,10,1,444,229,41,11,36
ex3_229,10,1,444,229,41,13,36
ex3_229,10,1,444,229,41,15,36
ex3_229,10,1,444,236,41,1,37
ex3_229,10,1,467,240,64,2,37
ex3_229,10,1,444,235,41,3,37
ex3_229,10,1,451,240,48,7,37
ex3_229,10,1,453,241,50,4,37
ex3_229,10,1,457,240,54,6,37
ex3_229,10,1,446,236,43,5,37
ex3_229,10,1,455,238,52,8,37
ex3_229,10,1,442,236,39,9,37
ex3_229,10,1,444,236,41,10,37
ex3_229,10,1,442,236,39,11,37
ex3_229,10,1,446,240,43,12,37
ex3_229,10,1,446,239,43,13,37
ex3_229,10,1,442,236,39,14,37
ex3_229,10,1,445,237,42,15,37
ex3_229,10,1,429,234,26,2,38
ex3_229,10,1,440,234,37,3,38
ex3_229,10,1,431,233,28,4,38
ex3_229,10,1,433,233,30,5,38
ex3_229,10,1,429,233,26,6,38
ex3_229,10,1,431,233,28,7,38
ex3_229,10,1,429,233,26,8,38
ex3_229,10,1,433,233,30,9,38
ex3_229,10,1,429,233,26,10,38
ex3_229,10,1,431,233,28,1,38
ex3_229,10,1,435,233,32,12,38
ex3_229,10,1,433,233,30,13,38
ex3_229,10,1,429,233,26,14,38
ex3_229,10,1,429,233,26,15,38
ex3_229,10,1,433,233,30,11,38
ex3_229,10,1,444,236,41,3,39
ex3_229,10,1,449,240,46,2,39
ex3_229,10,1,451,239,48,4,39
ex3_229,10,1,444,236,41,5,39
ex3_229,10,1,444,236,41,6,39
ex3_229,10,1,429,236,26,7,39
ex3_229,10,1,429,235,26,11,39
ex3_229,10,1,429,236,26,10,39
ex3_229,10,1,429,236,26,1,39
ex3_229,10,1,429,237,26,13,39
ex3_229,10,1,444,237,41,8,39
ex3_229,10,1,429,236,26,9,39
ex3_229,10,1,429,237,26,12,39
ex3_229,10,1,429,237,26,14,39
ex3_229,10,1,442,237,39,15,39
ex3_229,10,1,443,238,40,1,40
ex3_229,10,1,441,239,38,2,40
ex3_229,10,1,449,238,46,3,40
ex3_229,10,1,436,235,33,4,40
ex3_229,10,1,434,237,31,6,40
ex3_229,10,1,437,240,34,5,40
ex3_229,10,1,446,237,43,12,40
ex3_229,10,1,430,237,27,7,40
ex3_229,10,1,458,241,55,14,40
ex3_229,10,1,444,238,41,8,40
ex3_229,10,1,448,239,45,9,40
ex3_229,10,1,453,239,50,10,40
ex3_229,10,1,430,238,27,11,40
ex3_229,10,1,448,237,45,13,40
ex3_229,10,1,453,239,50,15,40
ex3_229,10,1,452,239,49,1,41
ex3_229,10,1,423,238,20,7,41
ex3_229,10,1,423,239,20,8,41
ex3_229,10,1,452,239,49,9,41
ex3_229,10,1,442,238,39,10,41
ex3_229,10,1,423,238,20,12,41
ex3_229,10,1,423,239,20,11,41
ex3_229,10,1,442,238,39,13,41
ex3_229,10,1,423,238,20,2,41
ex3_229,10,1,423,239,20,14,41
ex3_229,10,1,442,238,39,3,41
ex3_229,10,1,442,237,39,4,41
ex3_229,10,1,449,238,46,5,41
ex3_229,10,1,423,238,20,6,41
ex3_229,10,1,425,239,22,15,41
ex3_229,10,1,443,234,40,1,42
ex3_229,10,1,443,235,40,2,42
ex3_229,10,1,446,236,43,3,42
ex3_229,10,1,438,234,35,4,42
ex3_229,10,1,445,238,42,5,42
ex3_229,10,1,453,236,50,7,42
ex3_229,10,1,447,237,44,13,42
ex3_229,10,1,447,236,44,15,42
ex3_229,10,1,443,238,40,9,42
ex3_229,10,1,447,237,44,10,42
ex3_229,10,1,437,232,34,6,42
ex3_229,10,1,441,234,38,8,42
ex3_229,10,1,444,236,41,12,42
ex3_229,10,1,437,235,34,11,42
ex3_229,10,1,443,235,40,14,42
ex3_229,10,1,439,239,36,5,43
ex3_229,10,1,443,240,40,6,43
ex3_229,10,1,439,238,36,8,43
ex3_229,10,1,445,239,42,9,43
ex3_229,10,1,428,238,25,1,43
ex3_229,10,1,441,240,38,2,43
ex3_229,10,1,441,237,38,3,43
ex3_229,10,1,439,238,36,13,43
ex3_229,10,1,428,238,25,4,43
ex3_229,10,1,430,238,27,7,43
ex3_229,10,1,441,237,38,10,43
ex3_229,10,1,428,239,25,14,43
ex3_229,10,1,439,239,36,11,43
ex3_229,10,1,430,237,27,12,43
ex3_229,10,1,430,238,27,15,43
ex3_229,10,1,426,233,23,1,44
ex3_229,10,1,428,233,25,3,44
ex3_229,10,1,428,233,25,6,44
ex3_229,10,1,428,233,25,8,44
ex3_229,10,1,428,233,25,9,44
ex3_229,10,1,428,233,25,2,44
ex3_229,10,1,428,233,25,12,44
ex3_229,10,1,428,233,25,4,44
ex3_229,10,1,428,233,25,5,44
ex3_229,10,1,428,233,25,7,44
ex3_229,10,1,428,233,25,10,44
ex3_229,10,1,428,233,25,11,44
ex3_229,10,1,426,234,23,13,44
ex3_229,10,1,428,233,25,14,44
ex3_229,10,1,426,233,23,15,44
ex3_229,10,1,468,244,65,1,45
ex3_229,10,1,465,241,62,2,45
ex3_229,10,1,421,238,18,11,45
ex3_229,10,1,421,239,18,3,45
ex3_229,10,1,463,242,60,12,45
ex3_229,10,1,421,238,18,10,45
ex3_229,10,1,462,238,59,4,45
ex3_229,10,1,421,238,18,13,45
ex3_229,10,1,449,239,46,5,45
ex3_229,10,1,467,240,64,6,45
ex3_229,10,1,462,239,59,7,45
ex3_229,10,1,421,237,18,8,45
ex3_229,10,1,421,239,18,9,45
ex3_229,10,1,469,240,66,14,45
ex3_229,10,1,469,244,66,15,45
ex3_229,10,1,450,243,47,1,46
ex3_229,10,1,445,241,42,2,46
ex3_229,10,1,437,241,34,3,46
ex3_229,10,1,441,241,38,4,46
ex3_229,10,1,428,240,25,5,46
ex3_229,10,1,437,241,34,6,46
ex3_229,10,1,441,242,38,7,46
ex3_229,10,1,428,242,25,8,46
ex3_229,10,1,431,242,28,9,46
ex3_229,10,1,441,242,38,14,46
ex3_229,10,1,430,241,27,10,46
ex3_229,10,1,428,241,25,15,46
ex3_229,10,1,441,242,38,11,46
ex3_229,10,1,430,241,27,12,46
ex3_229,10,1,430,242,27,13,46
ex3_229,10,1,436,238,33,4,47
ex3_229,10,1,434,236,31,3,47
ex3_229,10,1,441,238,38,5,47
ex3_229,10,1,442,236,39,8,47
ex3_229,10,1,441,238,38,6,47
ex3_229,10,1,432,240,29,9,47
ex3_229,10,1,468,238,65,1,47
ex3_229,10,1,448,237,45,7,47
ex3_229,10,1,448,238,45,11,47
ex3_229,10,1,440,235,37,2,47
ex3_229,10,1,446,238,43,13,47
ex3_229,10,1,450,241,47,14,47
ex3_229,10,1,459,235,56,15,47
ex3_229,10,1,440,236,37,10,47
ex3_229,10,1,461,236,58,12,47
ex3_229,10,1,429,237,26,3,48
ex3_229,10,1,454,238,51,4,48
ex3_229,10,1,419,237,16,5,48
ex3_229,10,1,429,237,26,6,48
ex3_229,10,1,442,236,39,7,48
ex3_229,10,1,443,237,40,8,48
ex3_229,10,1,419,237,16,9,48
ex3_229,10,1,419,238,16,1,48
ex3_229,10,1,419,238,16,2,48
ex3_229,10,1,429,237,26,13,48
ex3_229,10,1,419,237,16,10,48
ex3_229,10,1,419,238,16,11,48
ex3_229,10,1,419,237,16,12,48
ex3_229,10,1,419,237,16,14,48
ex3_229,10,1,419,237,16,15,48
ex3_229,10,1,433,235,30,1,49
ex3_229,10,1,433,236,30,3,49
ex3_229,10,1,433,235,30,4,49
ex3_229,10,1,433,236,30,5,49
ex3_229,10,1,438,236,35,6,49
ex3_229,10,1,433,236,30,7,49
ex3_229,10,1,433,237,30,8,49
ex3_229,10,1,433,235,30,9,49
ex3_229,10,1,433,235,30,10,49
ex3_229,10,1,445,236,42,11,49
ex3_229,10,1,433,236,30,12,49
ex3_229,10,1,443,234,40,13,49
ex3_229,10,1,433,235,30,2,49
ex3_229,10,1,445,236,42,15,49
ex3_229,10,1,428,237,25,14,49
ex3_229,10,1,434,235,31,3,50
ex3_229,10,1,430,235,27,4,50
ex3_229,10,1,430,236,27,1,50
ex3_229,10,1,430,234,27,5,50
ex3_229,10,1,430,236,27,10,50
ex3_229,10,1,445,239,42,7,50
ex3_229,10,1,431,236,28,2,50
ex3_229,10,1,451,239,48,8,50
ex3_229,10,1,430,235,27,9,50
ex3_229,10,1,430,236,27,6,50
ex3_229,10,1,433,234,30,15,50
ex3_229,10,1,434,234,31,11,50
ex3_229,10,1,434,234,31,12,50
ex3_229,10,1,433,234,30,13,50
ex3_229,10,1,444,238,41,14,50
sf_276,10,10,875,461,97,3,0
sf_276,10,10,878,461,100,2,0
sf_276,10,10,873,460,95,5,0
sf_276,10,10,875,461,97,6,0
sf_276,10,10,873,460,95,7,0
sf_276,10,10,879,461,101,8,0
sf_276,10,10,875,461,97,4,0
sf_276,10,10,877,461,99,14,0
sf_276,10,10,873,460,95,11,0
sf_276,10,10,877,460,99,12,0
sf_276,10,10,875,461,97,15,0
sf_276,10,10,883,461,105,1,0
sf_276,10,10,877,461,99,9,0
sf_276,10,10,873,460,95,10,0
sf_276,10,10,873,460,95,13,0
sf_276,10,10,847,457,69,3,1
sf_276,10,10,858,460,80,4,1
sf_276,10,10,863,462,85,7,1
sf_276,10,10,870,461,92,10,1
sf_276,10,10,883,471,105,8,1
sf_276,10,10,841,464,63,12,1
sf_276,10,10,867,463,89,15,1
sf_276,10,10,854,463,76,2,1
sf_276,10,10,847,464,69,6,1
sf_276,10,10,862,469,84,9,1
sf_276,10,10,869,462,91,5,1
sf_276,10,10,860,466,82,1,1
sf_276,10,10,862,464,84,11,1
sf_276,10,10,857,463,79,14,1
sf_276,10,10,879,467,101,13,1
sf_276,10,10,880,466,102,3,2
sf_276,10,10,873,462,95,4,2
sf_276,10,10,876,463,98,5,2
sf_276,10,10,888,465,110,10,2
sf_276,10,10,875,464,97,9,2
sf_276,10,10,885,466,107,2,2
sf_276,10,10,876,467,98,1,2
sf_276,10,10,875,466,97,8,2
sf_276,10,10,874,466,96,12,2
sf_276,10,10,874,460,96,13,2
sf_276,10,10,881,465,103,6,2
sf_276,10,10,874,466,96,11,2
sf_276,10,10,888,471,110,7,2
sf_276,10,10,874,467,96,14,2
sf_276,10,10,875,465,97,15,2
sf_276,10,10,883,451,105,1,3
sf_276,10,10,877,458,99,3,3
sf_276,10,10,876,447,98,4,3
sf_276,10,10,877,456,99,2,3
sf_276,10,10,889,449,111,5,3
sf_276,10,10,869,456,91,6,3
sf_276,10,10,866,458,88,8,3
sf_276,10,10,897,470,119,7,3
sf_276,10,10,883,448,105,9,3
sf_276,10,10,871,456,93,10,3
sf_276,10,10,881,448,103,11,3
sf_276,10,10,876,454,98,12,3
sf_276,10,10,867,450,89,13,3
sf_276,10,10,881,450,103,14,3
sf_276,10,10,886,448,108,15,3
sf_276,10,10,884,468,106,3,4
sf_276,10,10,867,464,89,1,4
sf_276,10,10,903,473,125,2,4
sf_276,10,10,895,470,117,4,4
sf_276,10,10,899,468,121,5,4
sf_276,10,10,887,472,109,6,4
sf_276,10,10,872,469,94,7,4
sf_276,10,10,903,468,125,12,4
sf_276,10,10,899,470,121,8,4
sf_276,10,10,900,470,122,9,4
sf_276,10,10,898,470,120,11,4
sf_276,10,10,897,470,119,10,4
sf_276,10,10,871,465,93,13,4
sf_276,10,10,901,470,123,14,4
sf_276,10,10,896,469,118,15,4
sf_276,10,10,870,456,92,4,5
sf_276,10,10,877,457,99,3,5
sf_276,10,10,887,463,109,6,5
sf_276,10,10,874,462,96,8,5
sf_276,10,10,873,452,95,9,5
sf_276,10,10,879,462,101,10,5
sf_276,10,10,878,452,100,13,5
sf_276,10,10,875,454,97,2,5
sf_276,10,10,888,467,110,5,5
sf_276,10,10,871,460,93,1,5
sf_276,10,10,885,465,107,7,5
sf_276,10,10,861,460,83,11,5
sf_276,10,10,871,460,93,12,5
sf_276,10,10,874,459,96,14,5
sf_276,10,10,877,462,99,15,5
sf_276,10,10,847,470,69,4,6
sf_276,10,10,843,467,65,5,6
sf_276,10,10,839,468,61,3,6
sf_276,10,10,831,468,53,6,6
sf_276,10,10,848,470,70,2,6
sf_276,10,10,845,469,67,7,6
sf_276,10,10,848,470,70,11,6
sf_276,10,10,831,469,53,12,6
sf_276,10,10,831,468,53,13,6
sf_276,10,10,844,468,66,1,6
sf_276,10,10,841,468,63,14,6
sf_276,10,10,845,469,67,15,6
sf_276,10,10,842,468,64,8,6
sf_276,10,10,839,468,61,9,6
sf_276,10,10,831,469,53,10,6
sf_276,10,10,846,464,68,1,7
sf_276,10,10,850,458,72,5,7
sf_276,10,10,851,460,73,8,7
sf_276,10,10,844,464,66,10,7
sf_276,10,10,862,470,84,2,7
sf_276,10,10,845,462,67,4,7
sf_276,10,10,847,462,69,3,7
sf_276,10,10,871,465,93,13,7
sf_276,10,10,847,457,69,14,7
sf_276,10,10,848,458,70,15,7
sf_276,10,10,853,460,75,7,7
sf_276,10,10,847,457,69,6,7
sf_276,10,10,849,457,71,9,7
sf_276,10,10,847,457,69,11,7
sf_276,10,10,855,468,77,12,7
sf_276,10,10,903,460,125,3,8
sf_276,10,10,899,460,121,4,8
sf_276,10,10,905,460,127,5,8
sf_276,10,10,912,460,134,1,8
sf_276,10,10,905,460,127,2,8
sf_276,10,10,908,465,130,6,8
sf_276,10,10,901,460,123,7,8
sf_276,10,10,907,460,129,14,8
sf_276,10,10,909,460,131,12,8
sf_276,10,10,904,460,126,11,8
sf_276,10,10,910,460,132,13,8
sf_276,10,10,912,460,134,8,8
sf_276,10,10,912,465,134,9,8
sf_276,10,10,902,460,124,10,8
sf_276,10,10,905,460,127,15,8
sf_276,10,10,871,464,93,3,9
sf_276,10,10,869,464,91,4,9
sf_276,10,10,869,464,91,7,9
sf_276,10,10,853,460,75,5,9
sf_276,10,10,883,464,105,2,9
sf_276,10,10,893,464,115,8,9
sf_276,10,10,887,461,109,1,9
sf_276,10,10,860,459,82,6,9
sf_276,10,10,873,462,95,9,9
sf_276,10,10,857,449,79,10,9
sf_276,10,10,869,464,91,11,9
sf_276,10,10,869,464,91,12,9
sf_276,10,10,832,445,54,13,9
sf_276,10,10,864,459,86,14,9
sf_276,10,10,890,461,112,15,9
sf_276,10,10,862,465,84,4,10
sf_276,10,10,864,466,86,3,10
sf_276,10,10,860,465,82,1,10
sf_276,10,10,860,465,82,12,10
sf_276,10,10,862,466,84,13,10
sf_276,10,10,860,465,82,8,10
sf_276,10,10,860,465,82,9,10
sf_276,10,10,860,465,82,2,10
sf_276,10,10,865,467,87,5,10
sf_276,10,10,858,465,80,11,10
sf_276,10,10,868,467,90,6,10
sf_276,10,10,860,465,82,14,10
sf_276,10,10,862,465,84,7,10
sf_276,10,10,846,464,68,15,10
sf_276,10,10,862,465,84,10,10
sf_276,10,10,909,469,131,2,11
sf_276,10,10,917,468,139,1,11
sf_276,10,10,914,469,136,3,11
sf_276,10,10,870,466,92,4,11
sf_276,10,10,880,467,102,5,11
sf_276,10,10,852,452,74,6,11
sf_276,10,10,851,454,73,7,11
sf_276,10,10,852,451,74,14,11
sf_276,10,10,841,450,63,8,11
sf_276,10,10,913,468,135,9,11
sf_276,10,10,848,450,70,10,11
sf_276,10,10,860,451,82,11,11
sf_276,10,10,847,450,69,12,11
sf_276,10,10,851,451,73,13,11
sf_276,10,10,872,464,94,15,11
sf_276,10,10,882,462,104,3,12
sf_276,10,10,942,490,164,2,12
sf_276,10,10,873,466,95,6,12
sf_276,10,10,897,497,119,7,12
sf_276,10,10,847,462,69,1,12
sf_276,10,10,839,452,61,4,12
sf_276,10,10,891,490,113,11,12
sf_276,10,10,946,488,168,5,12
sf_276,10,10,859,465,81,12,12
sf_276,10,10,944,488,166,13,12
sf_276,10,10,940,487,162,14,12
sf_276,10,10,882,465,104,15,12
sf_276,10,10,942,488,164,8,12
sf_276,10,10,847,462,69,9,12
sf_276,10,10,910,474,132,10,12
sf_276,10,10,893,470,115,3,13
sf_276,10,10,868,473,90,4,13
sf_276,10,10,890,466,112,5,13
sf_276,10,10,886,468,108,6,13
sf_276,10,10,890,469,112,1,13
sf_276,10,10,881,464,103,11,13
sf_276,10,10,878,453,100,2,13
sf_276,10,10,892,465,114,13,13
sf_276,10,10,893,470,115,8,13
sf_276,10,10,894,473,116,9,13
sf_276,10,10,898,471,120,7,13
sf_276,10,10,922,476,144,10,13
sf_276,10,10,934,476,156,12,13
sf_276,10,10,917,470,139,14,13
sf_276,10,10,882,465,104,15,13
sf_276,10,10,851,473,73,1,14
sf_276,10,10,846,469,68,4,14
sf_276,10,10,848,471,70,5,14
sf_276,10,10,846,470,68,10,14
sf_276,10,10,834,469,56,6,14
sf_276,10,10,839,469,61,7,14
sf_276,10,10,844,469,66,2,14
sf_276,10,10,848,471,70,8,14
sf_276,10,10,848,470,70,9,14
sf_276,10,10,843,469,65,3,14
sf_276,10,10,853,468,75,14,14
sf_276,10,10,845,469,67,11,14
sf_276,10,10,854,469,76,12,14
sf_276,10,10,850,470,72,13,14
sf_276,10,10,848,468,70,15,14
sf_276,10,10,908,465,130,1,15
sf_276,10,10,903,467,125,5,15
sf_276,10,10,876,460,98,6,15
sf_276,10,10,866,461,88,10,15
sf_276,10,10,902,464,124,2,15
sf_276,10,10,884,464,106,4,15
sf_276,10,10,870,461,92,14,15
sf_276,10,10,887,467,109,3,15
sf_276,10,10,851,453,73,7,15
sf_276,10,10,888,465,110,8,15
sf_276,10,10,876,463,98,9,15
sf_276,10,10,870,461,92,13,15
sf_276,10,10,891,464,113,12,15
sf_276,10,10,896,466,118,11,15
sf_276,10,10,899,466,121,15,15
sf_276,10,10,886,463,108,1,16
sf_276,10,10,904,470,126,6,16
sf_276,10,10,885,467,107,8,16
sf_276,10,10,887,467,109,5,16
sf_276,10,10,908,469,130,10,16
sf_276,10,10,872,463,94,14,16
sf_276,10,10,911,468,133,7,16
sf_276,10,10,879,465,101,9,16
sf_276,10,10,901,469,123,4,16
sf_276,10,10,897,465,119,13,16
sf_276,10,10,902,469,124,3,16
sf_276,10,10,891,468,113,2,16
sf_276,10,10,882,463,104,15,16
sf_276,10,10,881,465,103,11,16
sf_276,10,10,902,468,124,12,16
sf_276,10,10,893,466,115,2,17
sf_276,10,10,884,470,106,5,17
sf_276,10,10,888,466,110,1,17
sf_276,10,10,905,467,127,4,17
sf_276,10,10,906,466,128,7,17
sf_276,10,10,894,475,116,3,17
sf_276,10,10,906,470,128,6,17
sf_276,10,10,922,471,144,9,17
sf_276,10,10,869,463,91,8,17
sf_276,10,10,871,456,93,10,17
sf_276,10,10,920,472,142,14,17
sf_276,10,10,891,469,113,11,17
sf_276,10,10,883,463,105,13,17
sf_276,10,10,916,471,138,12,17
sf_276,10,10,915,471,137,15,17
sf_276,10,10,838,454,60,5,18
sf_276,10,10,841,456,63,6,18
sf_276,10,10,847,455,69,1,18
sf_276,10,10,842,455,64,2,18
sf_276,10,10,843,456,65,14,18
sf_276,10,10,847,456,69,3,18
sf_276,10,10,845,455,67,4,18
sf_276,10,10,850,455,72,7,18
sf_276,10,10,846,455,68,8,18
sf_276,10,10,844,455,66,9,18
sf_276,10,10,851,457,73,11,18
sf_276,10,10,850,455,72,10,18
sf_276,10,10,842,455,64,12,18
sf_276,10,10,846,455,68,13,18
sf_276,10,10,850,455,72,15,18
sf_276,10,10,845,456,67,1,19
sf_276,10,10,808,452,30,7,19
sf_276,10,10,808,452,30,2,19
sf_276,10,10,808,452,30,10,19
sf_276,10,10,808,452,30,3,19
sf_276,10,10,808,452,30,4,19
sf_276,10,10,808,452,30,5,19
sf_276,10,10,808,452,30,6,19
sf_276,10,10,808,452,30,8,19
sf_276,10,10,808,452,30,9,19
sf_276,10,10,808,452,30,11,19
sf_276,10,10,808,452,30,12,19
sf_276,10,10,808,452,30,13,19
sf_276,10,10,808,452,30,14,19
sf_276,10,10,808,452,30,15,19
sf_276,10,10,867,462,89,1,20
sf_276,10,10,896,467,118,5,20
sf_276,10,10,872,457,94,6,20
sf_276,10,10,885,466,107,13,20
sf_276,10,10,905,472,127,2,20
sf_276,10,10,896,472,118,14,20
sf_276,10,10,878,467,100,15,20
sf_276,10,10,854,452,76,8,20
sf_276,10,10,883,464,105,7,20
sf_276,10,10,896,471,118,3,20
sf_276,10,10,859,453,81,11,20
sf_276,10,10,868,464,90,10,20
sf_276,10,10,854,452,76,12,20
sf_276,10,10,891,467,113,4,20
sf_276,10,10,901,466,123,9,20
sf_276,10,10,903,469,125,2,21
sf_276,10,10,868,462,90,7,21
sf_276,10,10,860,462,82,8,21
sf_276,10,10,888,465,110,9,21
sf_276,10,10,881,464,103,10,21
sf_276,10,10,866,461,88,12,21
sf_276,10,10,910,467,132,4,21
sf_276,10,10,878,463,100,1,21
sf_276,10,10,868,459,90,5,21
sf_276,10,10,870,456,92,3,21
sf_276,10,10,862,461,84,6,21
sf_276,10,10,865,459,87,11,21
sf_276,10,10,893,464,115,14,21
sf_276,10,10,865,459,87,15,21
sf_276,10,10,868,459,90,13,21
sf_276,10,10,870,486,92,2,22
sf_276,10,10,866,484,88,7,22
sf_276,10,10,872,486,94,6,22
sf_276,10,10,872,486,94,10,22
sf_276,10,10,865,484,87,12,22
sf_276,10,10,871,487,93,3,22
sf_276,10,10,855,477,77,1,22
sf_276,10,10,872,486,94,4,22
sf_276,10,10,867,484,89,5,22
sf_276,10,10,865,484,87,8,22
sf_276,10,10,865,484,87,9,22
sf_276,10,10,865,484,87,13,22
sf_276,10,10,834,463,56,11,22
sf_276,10,10,863,482,85,14,22
sf_276,10,10,872,487,94,15,22
sf_276,10,10,864,459,86,3,23
sf_276,10,10,832,452,54,6,23
sf_276,10,10,827,446,49,7,23
sf_276,10,10,825,446,47,1,23
sf_276,10,10,864,459,86,8,23
sf_276,10,10,825,446,47,9,23
sf_276,10,10,868,459,90,2,23
sf_276,10,10,821,446,43,11,23
sf_276,10,10,831,446,53,14,23
sf_276,10,10,866,459,88,4,23
sf_276,10,10,829,449,51,5,23
sf_276,10,10,893,469,115,15,23
sf_276,10,10,853,457,75,10,23
sf_276,10,10,866,459,88,12,23
sf_276,10,10,821,446,43,13,23
sf_276,10,10,842,454,64,1,24
sf_276,10,10,847,454,69,2,24
sf_276,10,10,838,454,60,5,24
sf_276,10,10,850,459,72,6,24
sf_276,10,10,831,448,53,7,24
sf_276,10,10,848,459,70,3,24
sf_276,10,10,829,451,51,4,24
sf_276,10,10,825,448,47,8,24
sf_276,10,10,834,454,56,11,24
sf_276,10,10,846,454,68,9,24
sf_276,10,10,850,459,72,10,24
sf_276,10,10,825,448,47,14,24
sf_276,10,10,825,448,47,12,24
sf_276,10,10,829,448,51,13,24
sf_276,10,10,850,459,72,15,24
sf_276,10,10,855,459,77,4,25
sf_276,10,10,879,461,101,5,25
sf_276,10,10,876,456,98,8,25
sf_276,10,10,863,451,85,9,25
sf_276,10,10,837,454,59,10,25
sf_276,10,10,832,451,54,1,25
sf_276,10,10,912,463,134,2,25
sf_276,10,10,869,460,91,6,25
sf_276,10,10,833,451,55,7,25
sf_276,10,10,899,465,121,3,25
sf_276,10,10,828,448,50,12,25
sf_276,10,10,875,460,97,11,25
sf_276,10,10,882,452,104,13,25
sf_276,10,10,835,451,57,14,25
sf_276,10,10,826,448,48,15,25
sf_276,10,10,906,465,128,5,26
sf_276,10,10,913,468,135,6,26
sf_276,10,10,902,467,124,7,26
sf_276,10,10,904,469,126,8,26
sf_276,10,10,902,465,124,3,26
sf_276,10,10,907,469,129,9,26
sf_276,10,10,914,472,136,10,26
sf_276,10,10,897,471,119,4,26
sf_276,10,10,903,469,125,1,26
sf_276,10,10,905,471,127,13,26
sf_276,10,10,903,471,125,14,26
sf_276,10,10,906,468,128,2,26
sf_276,10,10,911,469,133,15,26
sf_276,10,10,910,471,132,11,26
sf_276,10,10,896,465,118,12,26
sf_276,10,10,902,463,124,6,27
sf_276,10,10,906,463,128,2,27
sf_276,10,10,846,457,68,8,27
sf_276,10,10,896,463,118,9,27
sf_276,10,10,909,463,131,3,27
sf_276,10,10,848,457,70,4,27
sf_276,10,10,904,463,126,1,27
sf_276,10,10,850,460,72,5,27
sf_276,10,10,846,457,68,10,27
sf_276,10,10,904,463,126,11,27
sf_276,10,10,910,463,132,12,27
sf_276,10,10,898,463,120,13,27
sf_276,10,10,835,444,57,15,27
sf_276,10,10,846,450,68,14,27
sf_276,10,10,915,468,137,7,27
sf_276,10,10,864,462,86,3,28
sf_276,10,10,885,472,107,6,28
sf_276,10,10,832,448,54,9,28
sf_276,10,10,886,470,108,1,28
sf_276,10,10,878,467,100,2,28
sf_276,10,10,834,448,56,4,28
sf_276,10,10,887,466,109,5,28
sf_276,10,10,871,467,93,7,28
sf_276,10,10,886,466,108,8,28
sf_276,10,10,885,468,107,10,28
sf_276,10,10,890,471,112,11,28
sf_276,10,10,882,462,104,12,28
sf_276,10,10,874,467,96,13,28
sf_276,10,10,876,467,98,14,28
sf_276,10,10,875,467,97,15,28
sf_276,10,10,902,467,124,2,29
sf_276,10,10,920,473,142,3,29
sf_276,10,10,893,468,115,4,29
sf_276,10,10,923,473,145,5,29
sf_276,10,10,906,473,128,6,29
sf_276,10,10,919,473,141,7,29
sf_276,10,10,914,475,136,8,29
sf_276,10,10,906,473,128,10,29
sf_276,10,10,918,473,140,1,29
sf_276,10,10,877,459,99,13,29
sf_276,10,10,906,472,128,14,29
sf_276,10,10,904,467,126,9,29
sf_276,10,10,900,467,122,11,29
sf_276,10,10,905,473,127,12,29
sf_276,10,10,902,467,124,15,29
sf_276,10,10,894,466,116,6,30
sf_276,10,10,899,466,121,5,30
sf_276,10,10,892,466,114,7,30
sf_276,10,10,870,461,92,10,30
sf_276,10,10,897,466,119,8,30
sf_276,10,10,896,466,118,9,30
sf_276,10,10,890,466,112,3,30
sf_276,10,10,908,466,130,1,30
sf_276,10,10,873,461,95,2,30
sf_276,10,10,886,465,108,4,30
sf_276,10,10,889,466,111,15,30
sf_276,10,10,908,467,130,11,30
sf_276,10,10,886,464,108,12,30
sf_276,10,10,910,467,132,13,30
sf_276,10,10,895,464,117,14,30
sf_276,10,10,883,464,105,2,31
sf_276,10,10,871,449,93,3,31
sf_276,10,10,874,457,96,7,31
sf_276,10,10,873,461,95,8,31
sf_276,10,10,869,450,91,9,31
sf_276,10,10,882,464,104,10,31
sf_276,10,10,873,449,95,11,31
sf_276,10,10,887,469,109,12,31
sf_276,10,10,883,460,105,14,31
sf_276,10,10,914,473,136,4,31
sf_276,10,10,916,471,138,1,31
sf_276,10,10,911,471,133,5,31
sf_276,10,10,871,449,93,6,31
sf_276,10,10,886,462,108,13,31
sf_276,10,10,888,464,110,15,31
sf_276,10,10,861,461,83,5,32
sf_276,10,10,855,460,77,3,32
sf_276,10,10,901,467,123,6,32
sf_276,10,10,901,473,123,4,32
sf_276,10,10,882,468,104,7,32
sf_276,10,10,905,473,127,8,32
sf_276,10,10,888,466,110,13,32
sf_276,10,10,901,465,123,2,32
sf_276,10,10,886,466,108,9,32
sf_276,10,10,912,473,134,1,32
sf_276,10,10,884,457,106,10,32
sf_276,10,10,917,473,139,11,32
sf_276,10,10,913,472,135,12,32
sf_276,10,10,880,463,102,14,32
sf_276,10,10,888,466,110,15,32
sf_276,10,10,857,459,79,3,33
sf_276,10,10,882,470,104,5,33
sf_276,10,10,883,461,105,6,33
sf_276,10,10,864,462,86,9,33
sf_276,10,10,883,465,105,1,33
sf_276,10,10,934,476,156,11,33
sf_276,10,10,877,465,99,4,33
sf_276,10,10,871,465,93,2,33
sf_276,10,10,881,470,103,7,33
sf_276,10,10,886,468,108,12,33
sf_276,10,10,894,467,116,8,33
sf_276,10,10,880,466,102,13,33
sf_276,10,10,891,465,113,10,33
sf_276,10,10,914,469,136,14,33
sf_276,10,10,886,464,108,15,33
sf_276,10,10,828,449,50,5,34
sf_276,10,10,829,445,51,13,34
sf_276,10,10,828,449,50,10,34
sf_276,10,10,816,452,38,6,34
sf_276,10,10,826,449,48,1,34
sf_276,10,10,820,447,42,4,34
sf_276,10,10,853,445,75,12,34
sf_276,10,10,822,447,44,15,34
sf_276,10,10,843,454,65,11,34
sf_276,10,10,851,445,73,3,34
sf_276,10,10,829,445,51,7,34
sf_276,10,10,816,452,38,14,34
sf_276,10,10,860,452,82,8,34
sf_276,10,10,855,451,77,2,34
sf_276,10,10,851,445,73,9,34
sf_276,10,10,871,464,93,3,35
sf_276,10,10,885,469,107,6,35
sf_276,10,10,857,463,79,5,35
sf_276,10,10,869,466,91,1,35
sf_276,10,10,887,466,109,2,35
sf_276,10,10,889,462,111,12,35
sf_276,10,10,870,465,92,14,35
sf_276,10,10,881,461,103,7,35
sf_276,10,10,877,464,99,4,35
sf_276,10,10,877,466,99,8,35
sf_276,10,10,885,464,107,15,35
sf_276,10,10,900,471,122,9,35
sf_276,10,10,883,464,105,10,35
sf_276,10,10,876,467,98,11,35
sf_276,10,10,868,463,90,13,35
sf_276,10,10,889,467,111,1,36
sf_276,10,10,878,462,100,4,36
sf_276,10,10,874,452,96,5,36
sf_276,10,10,894,464,116,7,36
sf_276,10,10,886,461,108,8,36
sf_276,10,10,879,455,101,6,36
sf_276,10,10,887,460,109,9,36
sf_276,10,10,883,465,105,14,36
sf_276,10,10,889,459,111,15,36
sf_276,10,10,909,464,131,3,36
sf_276,10,10,893,464,115,2,36
sf_276,10,10,880,460,102,10,36
sf_276,10,10,902,466,124,11,36
sf_276,10,10,897,465,119,12,36
sf_276,10,10,890,464,112,13,36
sf_276,10,10,879,456,101,1,37
sf_276,10,10,891,456,113,6,37
sf_276,10,10,916,464,138,10,37
sf_276,10,10,909,465,131,11,37
sf_276,10,10,904,464,126,2,37
sf_276,10,10,898,464,120,4,37
sf_276,10,10,894,464,116,5,37
sf_276,10,10,863,452,85,3,37
sf_276,10,10,903,464,125,7,37
sf_276,10,10,886,463,108,8,37
sf_276,10,10,898,465,120,12,37
sf_276,10,10,903,463,125,9,37
sf_276,10,10,871,454,93,15,37
sf_276,10,10,907,464,129,14,37
sf_276,10,10,878,454,100,13,37
sf_276,10,10,881,465,103,3,38
sf_276,10,10,877,464,99,4,38
sf_276,10,10,863,470,85,8,38
sf_276,10,10,835,452,57,10,38
sf_276,10,10,872,463,94,6,38
sf_276,10,10,884,467,106,1,38
sf_276,10,10,869,461,91,2,38
sf_276,10,10,855,459,77,12,38
sf_276,10,10,875,463,97,5,38
sf_276,10,10,877,462,99,13,38
sf_276,10,10,875,458,97,7,38
sf_276,10,10,889,468,111,11,38
sf_276,10,10,881,466,103,9,38
sf_276,10,10,878,461,100,14,38
sf_276,10,10,871,457,93,15,38
sf_276,10,10,869,465,91,4,39
sf_276,10,10,917,463,139,5,39
sf_276,10,10,867,457,89,6,39
sf_276,10,10,914,463,136,7,39
sf_276,10,10,874,462,96,9,39
sf_276,10,10,883,468,105,2,39
sf_276,10,10,876,458,98,1,39
sf_276,10,10,888,468,110,8,39
sf_276,10,10,869,459,91,10,39
sf_276,10,10,887,466,109,3,39
sf_276,10,10,882,458,104,11,39
sf_276,10,10,875,465,97,12,39
sf_276,10,10,875,461,97,13,39
sf_276,10,10,870,462,92,14,39
sf_276,10,10,891,469,113,15,39
sf_276,10,10,901,472,123,2,40
sf_276,10,10,922,468,144,4,40
sf_276,10,10,890,467,112,5,40
sf_276,10,10,878,465,100,6,40
sf_276,10,10,894,464,116,3,40
sf_276,10,10,875,452,97,15,40
sf_276,10,10,888,467,110,1,40
sf_276,10,10,857,470,79,7,40
sf_276,10,10,853,469,75,8,40
sf_276,10,10,861,455,83,9,40
sf_276,10,10,883,463,105,10,40
sf_276,10,10,889,464,111,11,40
sf_276,10,10,895,471,117,12,40
sf_276,10,10,877,452,99,13,40
sf_276,10,10,891,460,113,14,40
sf_276,10,10,910,473,132,1,41
sf_276,10,10,875,466,97,2,41
sf_276,10,10,902,473,124,9,41
sf_276,10,10,919,473,141,10,41
sf_276,10,10,866,471,88,12,41
sf_276,10,10,911,473,133,11,41
sf_276,10,10,850,472,72,3,41
sf_276,10,10,860,472,82,4,41
sf_276,10,10,854,472,76,5,41
sf_276,10,10,862,472,84,6,41
sf_276,10,10,860,471,82,7,41
sf_276,10,10,917,473,139,8,41
sf_276,10,10,861,471,83,13,41
sf_276,10,10,877,465,99,14,41
sf_276,10,10,858,471,80,15,41
sf_276,10,10,844,457,66,2,42
sf_276,10,10,842,454,64,4,42
sf_276,10,10,839,451,61,5,42
sf_276,10,10,850,456,72,1,42
sf_276,10,10,846,454,68,12,42
sf_276,10,10,839,451,61,3,42
sf_276,10,10,849,455,71,13,42
sf_276,10,10,848,453,70,6,42
sf_276,10,10,838,452,60,7,42
sf_276,10,10,850,455,72,8,42
sf_276,10,10,849,455,71,9,42
sf_276,10,10,843,453,65,10,42
sf_276,10,10,849,453,71,11,42
sf_276,10,10,844,454,66,14,42
sf_276,10,10,848,454,70,15,42
sf_276,10,10,870,460,92,3,43
sf_276,10,10,877,459,99,8,43
sf_276,10,10,874,463,96,10,43
sf_276,10,10,869,455,91,1,43
sf_276,10,10,866,455,88,9,43
sf_276,10,10,854,456,76,4,43
sf_276,10,10,860,458,82,11,43
sf_276,10,10,880,466,102,14,43
sf_276,10,10,888,469,110,6,43
sf_276,10,10,871,456,93,2,43
sf_276,10,10,912,467,134,12,43
sf_276,10,10,864,455,86,13,43
sf_276,10,10,886,470,108,15,43
sf_276,10,10,886,465,108,5,43
sf_276,10,10,880,459,102,7,43
sf_276,10,10,840,464,62,3,44
sf_276,10,10,857,460,79,7,44
sf_276,10,10,861,461,83,1,44
sf_276,10,10,843,462,65,2,44
sf_276,10,10,863,465,85,12,44
sf_276,10,10,853,460,75,10,44
sf_276,10,10,840,464,62,13,44
sf_276,10,10,841,462,63,14,44
sf_276,10,10,871,462,93,4,44
sf_276,10,10,857,460,79,5,44
sf_276,10,10,849,463,71,6,44
sf_276,10,10,864,461,86,8,44
sf_276,10,10,867,460,89,9,44
sf_276,10,10,865,468,87,11,44
sf_276,10,10,838,466,60,15,44
sf_276,10,10,871,453,93,1,45
sf_276,10,10,891,464,113,2,45
sf_276,10,10,883,470,105,11,45
sf_276,10,10,869,453,91,4,45
sf_276,10,10,885,464,107,3,45
sf_276,10,10,883,461,105,6,45
sf_276,10,10,884,469,106,7,45
sf_276,10,10,880,460,102,8,45
sf_276,10,10,881,461,103,12,45
sf_276,10,10,877,460,99,13,45
sf_276,10,10,888,471,110,5,45
sf_276,10,10,871,453,93,14,45
sf_276,10,10,871,453,93,15,45
sf_276,10,10,879,459,101,9,45
sf_276,10,10,885,469,107,10,45
sf_276,10,10,896,469,118,1,46
sf_276,10,10,899,470,121,2,46
sf_276,10,10,894,470,116,4,46
sf_276,10,10,899,470,121,3,46
sf_276,10,10,895,468,117,5,46
sf_276,10,10,900,470,122,11,46
sf_276,10,10,894,470,116,12,46
sf_276,10,10,894,470,116,15,46
sf_276,10,10,898,470,120,6,46
sf_276,10,10,889,476,111,10,46
sf_276,10,10,896,470,118,8,46
sf_276,10,10,892,468,114,9,46
sf_276,10,10,892,468,114,13,46
sf_276,10,10,896,470,118,14,46
sf_276,10,10,895,470,117,7,46
sf_276,10,10,902,464,124,1,47
sf_276,10,10,875,462,97,2,47
sf_276,10,10,877,460,99,9,47
sf_276,10,10,897,465,119,14,47
sf_276,10,10,891,458,113,11,47
sf_276,10,10,899,465,121,3,47
sf_276,10,10,873,455,95,4,47
sf_276,10,10,872,455,94,5,47
sf_276,10,10,875,454,97,12,47
sf_276,10,10,907,463,129,6,47
sf_276,10,10,873,455,95,7,47
sf_276,10,10,887,461,109,8,47
sf_276,10,10,877,454,99,13,47
sf_276,10,10,900,465,122,15,47
sf_276,10,10,897,465,119,10,47
sf_276,10,10,866,468,88,6,48
sf_276,10,10,864,468,86,9,48
sf_276,10,10,830,466,52,11,48
sf_276,10,10,822,447,44,8,48
sf_276,10,10,858,466,80,7,48
sf_276,10,10,826,449,48,1,48
sf_276,10,10,860,466,82,4,48
sf_276,10,10,830,466,52,3,48
sf_276,10,10,862,467,84,10,48
sf_276,10,10,862,466,84,14,48
sf_276,10,10,862,467,84,12,48
sf_276,10,10,823,450,45,2,48
sf_276,10,10,854,451,76,15,48
sf_276,10,10,862,466,84,5,48
sf_276,10,10,862,467,84,13,48
sf_276,10,10,882,470,104,2,49
sf_276,10,10,849,470,71,1,49
sf_276,10,10,877,470,99,3,49
sf_276,10,10,851,469,73,4,49
sf_276,10,10,862,464,84,8,49
sf_276,10,10,856,468,78,10,49
sf_276,10,10,873,469,95,14,49
sf_276,10,10,839,471,61,13,49
sf_276,10,10,874,464,96,6,49
sf_276,10,10,839,471,61,5,49
sf_276,10,10,849,468,71,9,49
sf_276,10,10,859,462,81,7,49
sf_276,10,10,867,466,89,11,49
sf_276,10,10,871,463,93,12,49
sf_276,10,10,861,464,83,15,49
sf_276,10,10,874,453,96,1,50
sf_276,10,10,866,446,88,3,50
sf_276,10,10,866,446,88,4,50
sf_276,10,10,882,454,104,2,50
sf_276,10,10,866,446,88,7,50
sf_276,10,10,890,463,112,10,50
sf_276,10,10,871,453,93,6,50
sf_276,10,10,872,453,94,8,50
sf_276,10,10,876,457,98,5,50
sf_276,10,10,885,464,107,9,50
sf_276,10,10,866,446,88,15,50
sf_276,10,10,873,453,95,12,50
sf_276,10,10,871,453,93,11,50
sf_276,10,10,870,452,92,13,50
sf_276,10,10,866,446,88,14,50
rd53_131,10,1,542,281,73,2,0
rd53_131,10,1,564,280,95,3,0
rd53_131,10,1,564,280,95,5,0
rd53_131,10,1,580,284,111,1,0
rd53_131,10,1,566,281,97,7,0
rd53_131,10,1,547,283,78,8,0
rd53_131,10,1,542,280,73,9,0
rd53_131,10,1,546,280,77,10,0
rd53_131,10,1,542,275,73,11,0
rd53_131,10,1,537,279,68,13,0
rd53_131,10,1,544,281,75,4,0
rd53_131,10,1,562,275,93,6,0
rd53_131,10,1,536,279,67,14,0
rd53_131,10,1,551,280,82,12,0
rd53_131,10,1,539,280,70,15,0
rd53_131,10,1,524,278,55,1,1
rd53_131,10,1,526,280,57,2,1
rd53_131,10,1,543,282,74,4,1
rd53_131,10,1,539,280,70,6,1
rd53_131,10,1,527,280,58,7,1
rd53_131,10,1,527,279,58,8,1
rd53_131,10,1,526,279,57,9,1
rd53_131,10,1,523,278,54,10,1
rd53_131,10,1,532,279,63,11,1
rd53_131,10,1,523,280,54,3,1
rd53_131,10,1,523,277,54,5,1
rd53_131,10,1,525,279,56,12,1
rd53_131,10,1,524,277,55,13,1
rd53_131,10,1,547,278,78,14,1
rd53_131,10,1,529,280,60,15,1
rd53_131,10,1,526,281,57,3,2
rd53_131,10,1,518,275,49,5,2
rd53_131,10,1,513,275,44,1,2
rd53_131,10,1,528,279,59,8,2
rd53_131,10,1,553,279,84,2,2
rd53_131,10,1,525,279,56,6,2
rd53_131,10,1,502,275,33,4,2
rd53_131,10,1,526,278,57,7,2
rd53_131,10,1,524,277,55,15,2
rd53_131,10,1,517,273,48,14,2
rd53_131,10,1,529,278,60,10,2
rd53_131,10,1,518,273,49,9,2
rd53_131,10,1,513,279,44,11,2
rd53_131,10,1,519,279,50,12,2
rd53_131,10,1,506,276,37,13,2
rd53_131,10,1,529,278,60,1,3
rd53_131,10,1,552,277,83,2,3
rd53_131,10,1,519,279,50,4,3
rd53_131,10,1,534,277,65,5,3
rd53_131,10,1,521,276,52,6,3
rd53_131,10,1,534,277,65,7,3
rd53_131,10,1,530,280,61,8,3
rd53_131,10,1,537,276,68,3,3
rd53_131,10,1,535,276,66,15,3
rd53_131,10,1,545,280,76,9,3
rd53_131,10,1,540,282,71,10,3
rd53_131,10,1,542,278,73,12,3
rd53_131,10,1,550,279,81,11,3
rd53_131,10,1,541,279,72,13,3
rd53_131,10,1,539,277,70,14,3
rd53_131,10,1,531,281,62,1,4
rd53_131,10,1,540,278,71,2,4
rd53_131,10,1,542,280,73,4,4
rd53_131,10,1,529,276,60,6,4
rd53_131,10,1,526,278,57,10,4
rd53_131,10,1,536,279,67,11,4
rd53_131,10,1,530,277,61,3,4
rd53_131,10,1,536,275,67,5,4
rd53_131,10,1,566,276,97,7,4
rd53_131,10,1,533,277,64,8,4
rd53_131,10,1,543,280,74,9,4
rd53_131,10,1,526,278,57,12,4
rd53_131,10,1,529,275,60,13,4
rd53_131,10,1,527,278,58,14,4
rd53_131,10,1,527,282,58,15,4
rd53_131,10,1,517,275,48,1,5
rd53_131,10,1,518,277,49,2,5
rd53_131,10,1,515,280,46,4,5
rd53_131,10,1,543,281,74,5,5
rd53_131,10,1,518,275,49,9,5
rd53_131,10,1,517,279,48,7,5
rd53_131,10,1,547,279,78,3,5
rd53_131,10,1,532,280,63,14,5
rd53_131,10,1,533,277,64,13,5
rd53_131,10,1,541,279,72,15,5
rd53_131,10,1,534,279,65,6,5
rd53_131,10,1,524,276,55,8,5
rd53_131,10,1,545,279,76,10,5
rd53_131,10,1,544,279,75,11,5
rd53_131,10,1,530,280,61,12,5
rd53_131,10,1,528,281,59,1,6
rd53_131,10,1,516,271,47,2,6
rd53_131,10,1,513,278,44,3,6
rd53_131,10,1,531,279,62,6,6
rd53_131,10,1,526,279,57,8,6
rd53_131,10,1,545,279,76,9,6
rd53_131,10,1,533,279,64,11,6
rd53_131,10,1,525,277,56,12,6
rd53_131,10,1,527,274,58,13,6
rd53_131,10,1,538,282,69,14,6
rd53_131,10,1,538,278,69,4,6
rd53_131,10,1,551,276,82,15,6
rd53_131,10,1,532,283,63,5,6
rd53_131,10,1,534,276,65,7,6
rd53_131,10,1,548,279,79,10,6
rd53_131,10,1,534,279,65,1,7
rd53_131,10,1,533,279,64,2,7
rd53_131,10,1,522,274,53,4,7
rd53_131,10,1,521,278,52,7,7
rd53_131,10,1,510,281,41,8,7
rd53_131,10,1,502,276,33,9,7
rd53_131,10,1,544,282,75,10,7
rd53_131,10,1,524,279,55,3,7
rd53_131,10,1,522,273,53,5,7
rd53_131,10,1,543,276,74,15,7
rd53_131,10,1,511,278,42,6,7
rd53_131,10,1,528,277,59,11,7
rd53_131,10,1,506,276,37,12,7
rd53_131,10,1,538,280,69,13,7
rd53_131,10,1,523,281,54,14,7
rd53_131,10,1,566,279,97,4,8
rd53_131,10,1,525,279,56,5,8
rd53_131,10,1,556,279,87,10,8
rd53_131,10,1,535,282,66,1,8
rd53_131,10,1,543,277,74,2,8
rd53_131,10,1,533,277,64,3,8
rd53_131,10,1,525,281,56,6,8
rd53_131,10,1,521,281,52,13,8
rd53_131,10,1,533,278,64,8,8
rd53_131,10,1,534,280,65,9,8
rd53_131,10,1,505,276,36,7,8
rd53_131,10,1,567,281,98,11,8
rd53_131,10,1,527,275,58,12,8
rd53_131,10,1,521,277,52,14,8
rd53_131,10,1,505,276,36,15,8
rd53_131,10,1,511,275,42,1,9
rd53_131,10,1,529,279,60,2,9
rd53_131,10,1,508,271,39,3,9
rd53_131,10,1,532,281,63,4,9
rd53_131,10,1,522,279,53,5,9
rd53_131,10,1,520,279,51,6,9
rd53_131,10,1,528,282,59,7,9
rd53_131,10,1,517,276,48,8,9
rd53_131,10,1,509,273,40,15,9
rd53_131,10,1,519,272,50,9,9
rd53_131,10,1,520,276,51,10,9
rd53_131,10,1,513,277,44,11,9
rd53_131,10,1,513,277,44,12,9
rd53_131,10,1,523,279,54,13,9
rd53_131,10,1,523,278,54,14,9
rd53_131,10,1,513,277,44,2,10
rd53_131,10,1,539,280,70,1,10
rd53_131,10,1,544,280,75,4,10
rd53_131,10,1,539,279,70,5,10
rd53_131,10,1,523,277,54,3,10
rd53_131,10,1,532,278,63,6,10
rd53_131,10,1,565,281,96,7,10
rd53_131,10,1,525,279,56,8,10
rd53_131,10,1,545,279,76,11,10
rd53_131,10,1,533,282,64,9,10
rd53_131,10,1,531,279,62,10,10
rd53_131,10,1,516,280,47,12,10
rd53_131,10,1,516,277,47,13,10
rd53_131,10,1,545,280,76,14,10
rd53_131,10,1,560,280,91,15,10
rd53_131,10,1,538,279,69,2,11
rd53_131,10,1,515,280,46,1,11
rd53_131,10,1,526,280,57,4,11
rd53_131,10,1,521,278,52,6,11
rd53_131,10,1,502,277,33,7,11
rd53_131,10,1,509,275,40,10,11
rd53_131,10,1,517,279,48,8,11
rd53_131,10,1,517,281,48,9,11
rd53_131,10,1,510,279,41,12,11
rd53_131,10,1,521,281,52,3,11
rd53_131,10,1,529,278,60,15,11
rd53_131,10,1,498,276,29,5,11
rd53_131,10,1,530,278,61,11,11
rd53_131,10,1,523,279,54,13,11
rd53_131,10,1,510,277,41,14,11
rd53_131,10,1,531,288,62,8,12
rd53_131,10,1,551,286,82,1,12
rd53_131,10,1,551,290,82,2,12
rd53_131,10,1,536,286,67,3,12
rd53_131,10,1,553,288,84,4,12
rd53_131,10,1,549,289,80,13,12
rd53_131,10,1,526,286,57,14,12
rd53_131,10,1,541,288,72,5,12
rd53_131,10,1,541,286,72,6,12
rd53_131,10,1,529,284,60,7,12
rd53_131,10,1,535,287,66,9,12
rd53_131,10,1,532,288,63,10,12
rd53_131,10,1,537,288,68,11,12
rd53_131,10,1,528,287,59,12,12
rd53_131,10,1,536,288,67,15,12
rd53_131,10,1,527,279,58,1,13
rd53_131,10,1,534,281,65,3,13
rd53_131,10,1,510,283,41,5,13
rd53_131,10,1,534,283,65,8,13
rd53_131,10,1,533,282,64,9,13
rd53_131,10,1,544,281,75,2,13
rd53_131,10,1,518,282,49,4,13
rd53_131,10,1,520,281,51,6,13
rd53_131,10,1,524,282,55,7,13
rd53_131,10,1,551,284,82,10,13
rd53_131,10,1,505,278,36,15,13
rd53_131,10,1,523,278,54,11,13
rd53_131,10,1,530,281,61,12,13
rd53_131,10,1,515,281,46,13,13
rd53_131,10,1,511,276,42,14,13
rd53_131,10,1,512,277,43,1,14
rd53_131,10,1,530,281,61,2,14
rd53_131,10,1,555,283,86,3,14
rd53_131,10,1,508,278,39,4,14
rd53_131,10,1,514,281,45,5,14
rd53_131,10,1,527,278,58,9,14
rd53_131,10,1,529,277,60,10,14
rd53_131,10,1,504,275,35,13,14
rd53_131,10,1,535,283,66,12,14
rd53_131,10,1,548,279,79,14,14
rd53_131,10,1,523,282,54,15,14
rd53_131,10,1,539,280,70,6,14
rd53_131,10,1,539,281,70,7,14
rd53_131,10,1,514,275,45,8,14
rd53_131,10,1,532,279,63,11,14
rd53_131,10,1,519,277,50,1,15
rd53_131,10,1,509,274,40,2,15
rd53_131,10,1,563,279,94,3,15
rd53_131,10,1,573,280,104,4,15
rd53_131,10,1,533,279,64,6,15
rd53_131,10,1,540,278,71,11,15
rd53_131,10,1,527,278,58,5,15
rd53_131,10,1,543,280,74,14,15
rd53_131,10,1,520,276,51,7,15
rd53_131,10,1,498,277,29,8,15
rd53_131,10,1,511,279,42,9,15
rd53_131,10,1,508,272,39,10,15
rd53_131,10,1,528,277,59,12,15
rd53_131,10,1,543,278,74,13,15
rd53_131,10,1,539,278,70,15,15
rd53_131,10,1,556,274,87,4,16
rd53_131,10,1,527,272,58,5,16
rd53_131,10,1,529,274,60,8,16
rd53_131,10,1,528,274,59,1,16
rd53_131,10,1,541,274,72,2,16
rd53_131,10,1,535,273,66,3,16
rd53_131,10,1,536,273,67,6,16
rd53_131,10,1,531,273,62,12,16
rd53_131,10,1,533,273,64,15,16
rd53_131,10,1,536,274,67,7,16
rd53_131,10,1,526,275,57,9,16
rd53_131,10,1,531,273,62,10,16
rd53_131,10,1,524,273,55,11,16
rd53_131,10,1,548,278,79,13,16
rd53_131,10,1,538,275,69,14,16
rd53_131,10,1,513,272,44,1,17
rd53_131,10,1,508,274,39,2,17
rd53_131,10,1,531,278,62,3,17
rd53_131,10,1,500,272,31,4,17
rd53_131,10,1,510,273,41,5,17
rd53_131,10,1,509,274,40,7,17
rd53_131,10,1,516,276,47,8,17
rd53_131,10,1,514,273,45,12,17
rd53_131,10,1,504,270,35,11,17
rd53_131,10,1,514,276,45,6,17
rd53_131,10,1,504,273,35,9,17
rd53_131,10,1,533,276,64,10,17
rd53_131,10,1,519,276,50,13,17
rd53_131,10,1,516,275,47,14,17
rd53_131,10,1,504,272,35,15,17
rd53_131,10,1,515,276,46,3,18
rd53_131,10,1,520,280,51,2,18
rd53_131,10,1,566,280,97,4,18
rd53_131,10,1,513,277,44,5,18
rd53_131,10,1,513,274,44,6,18
rd53_131,10,1,549,279,80,7,18
rd53_131,10,1,526,280,57,8,18
rd53_131,10,1,536,278,67,9,18
rd53_131,10,1,551,277,82,11,18
rd53_131,10,1,522,272,53,1,18
rd53_131,10,1,543,277,74,10,18
rd53_131,10,1,540,283,71,12,18
rd53_131,10,1,540,275,71,13,18
rd53_131,10,1,526,275,57,14,18
rd53_131,10,1,520,279,51,15,18
rd53_131,10,1,521,281,52,3,19
rd53_131,10,1,531,279,62,2,19
rd53_131,10,1,517,282,48,4,19
rd53_131,10,1,519,275,50,5,19
rd53_131,10,1,548,282,79,6,19
rd53_131,10,1,518,279,49,7,19
rd53_131,10,1,523,278,54,8,19
rd53_131,10,1,527,279,58,9,19
rd53_131,10,1,526,280,57,1,19
rd53_131,10,1,533,280,64,12,19
rd53_131,10,1,532,279,63,15,19
rd53_131,10,1,525,281,56,10,19
rd53_131,10,1,518,274,49,11,19
rd53_131,10,1,521,280,52,13,19
rd53_131,10,1,525,278,56,14,19
rd53_131,10,1,545,278,76,1,20
rd53_131,10,1,532,278,63,2,20
rd53_131,10,1,541,278,72,3,20
rd53_131,10,1,506,275,37,6,20
rd53_131,10,1,524,276,55,4,20
rd53_131,10,1,512,277,43,5,20
rd53_131,10,1,534,281,65,13,20
rd53_131,10,1,511,276,42,15,20
rd53_131,10,1,511,278,42,7,20
rd53_131,10,1,525,278,56,9,20
rd53_131,10,1,519,276,50,8,20
rd53_131,10,1,511,278,42,10,20
rd53_131,10,1,519,278,50,11,20
rd53_131,10,1,520,280,51,12,20
rd53_131,10,1,536,280,67,14,20
rd53_131,10,1,535,279,66,1,21
rd53_131,10,1,525,275,56,2,21
rd53_131,10,1,540,279,71,3,21
rd53_131,10,1,535,281,66,4,21
rd53_131,10,1,531,278,62,6,21
rd53_131,10,1,525,281,56,7,21
rd53_131,10,1,507,273,38,8,21
rd53_131,10,1,530,281,61,9,21
rd53_131,10,1,537,278,68,5,21
rd53_131,10,1,564,284,95,10,21
rd53_131,10,1,524,277,55,11,21
rd53_131,10,1,523,279,54,12,21
rd53_131,10,1,531,279,62,13,21
rd53_131,10,1,533,275,64,14,21
rd53_131,10,1,527,278,58,15,21
rd53_131,10,1,497,274,28,1,22
rd53_131,10,1,496,274,27,2,22
rd53_131,10,1,500,277,31,3,22
rd53_131,10,1,496,275,27,5,22
rd53_131,10,1,493,274,24,8,22
rd53_131,10,1,498,275,29,9,22
rd53_131,10,1,499,276,30,10,22
rd53_131,10,1,501,277,32,4,22
rd53_131,10,1,500,276,31,6,22
rd53_131,10,1,497,275,28,11,22
rd53_131,10,1,496,276,27,7,22
rd53_131,10,1,497,275,28,15,22
rd53_131,10,1,497,275,28,12,22
rd53_131,10,1,498,276,29,13,22
rd53_131,10,1,497,276,28,14,22
rd53_131,10,1,526,277,57,2,23
rd53_131,10,1,507,278,38,4,23
rd53_131,10,1,530,281,61,8,23
rd53_131,10,1,505,277,36,1,23
rd53_131,10,1,515,278,46,3,23
rd53_131,10,1,533,269,64,5,23
rd53_131,10,1,503,274,34,6,23
rd53_131,10,1,529,277,60,7,23
rd53_131,10,1,514,278,45,9,23
rd53_131,10,1,515,276,46,10,23
rd53_131,10,1,519,271,50,11,23
rd53_131,10,1,540,274,71,12,23
rd53_131,10,1,522,271,53,13,23
rd53_131,10,1,544,279,75,14,23
rd53_131,10,1,509,276,40,15,23
rd53_131,10,1,526,279,57,3,24
rd53_131,10,1,538,279,69,5,24
rd53_131,10,1,526,273,57,1,24
rd53_131,10,1,533,282,64,2,24
rd53_131,10,1,511,277,42,12,24
rd53_131,10,1,521,278,52,13,24
rd53_131,10,1,520,281,51,4,24
rd53_131,10,1,528,282,59,14,24
rd53_131,10,1,518,278,49,15,24
rd53_131,10,1,544,281,75,6,24
rd53_131,10,1,529,276,60,7,24
rd53_131,10,1,535,278,66,8,24
rd53_131,10,1,540,283,71,9,24
rd53_131,10,1,513,277,44,10,24
rd53_131,10,1,523,277,54,11,24
rd53_131,10,1,521,281,52,1,25
rd53_131,10,1,545,278,76,2,25
rd53_131,10,1,503,278,34,3,25
rd53_131,10,1,510,282,41,4,25
rd53_131,10,1,503,273,34,6,25
rd53_131,10,1,515,281,46,7,25
rd53_131,10,1,514,279,45,8,25
rd53_131,10,1,508,280,39,9,25
rd53_131,10,1,508,276,39,11,25
rd53_131,10,1,536,284,67,13,25
rd53_131,10,1,531,282,62,5,25
rd53_131,10,1,508,280,39,10,25
rd53_131,10,1,511,278,42,12,25
rd53_131,10,1,530,281,61,14,25
rd53_131,10,1,545,281,76,15,25
rd53_131,10,1,517,276,48,3,26
rd53_131,10,1,520,279,51,7,26
rd53_131,10,1,523,277,54,5,26
rd53_131,10,1,537,278,68,6,26
rd53_131,10,1,521,281,52,8,26
rd53_131,10,1,519,277,50,10,26
rd53_131,10,1,514,280,45,1,26
rd53_131,10,1,521,277,52,2,26
rd53_131,10,1,525,281,56,4,26
rd53_131,10,1,520,279,51,15,26
rd53_131,10,1,530,280,61,9,26
rd53_131,10,1,526,282,57,11,26
rd53_131,10,1,522,282,53,12,26
rd53_131,10,1,525,276,56,13,26
rd53_131,10,1,533,283,64,14,26
rd53_131,10,1,511,279,42,3,27
rd53_131,10,1,512,277,43,2,27
rd53_131,10,1,515,279,46,4,27
rd53_131,10,1,544,282,75,5,27
rd53_131,10,1,522,280,53,6,27
rd53_131,10,1,510,277,41,7,27
rd53_131,10,1,516,279,47,8,27
rd53_131,10,1,512,276,43,1,27
rd53_131,10,1,510,277,41,12,27
rd53_131,10,1,509,277,40,13,27
rd53_131,10,1,514,278,45,14,27
rd53_131,10,1,512,277,43,15,27
rd53_131,10,1,522,277,53,9,27
rd53_131,10,1,514,280,45,10,27
rd53_131,10,1,505,278,36,11,27
rd53_131,10,1,516,276,47,1,28
rd53_131,10,1,504,268,35,2,28
rd53_131,10,1,502,271,33,3,28
rd53_131,10,1,501,271,32,4,28
rd53_131,10,1,512,273,43,5,28
rd53_131,10,1,500,268,31,6,28
rd53_131,10,1,511,272,42,8,28
rd53_131,10,1,505,276,36,7,28
rd53_131,10,1,515,274,46,9,28
rd53_131,10,1,523,271,54,10,28
rd53_131,10,1,510,272,41,11,28
rd53_131,10,1,506,272,37,12,28
rd53_131,10,1,509,273,40,13,28
rd53_131,10,1,519,275,50,14,28
rd53_131,10,1,525,274,56,15,28
rd53_131,10,1,543,275,74,2,29
rd53_131,10,1,512,274,43,1,29
rd53_131,10,1,517,273,48,3,29
rd53_131,10,1,519,272,50,7,29
rd53_131,10,1,524,276,55,8,29
rd53_131,10,1,523,276,54,9,29
rd53_131,10,1,537,277,68,4,29
rd53_131,10,1,523,277,54,5,29
rd53_131,10,1,517,274,48,13,29
rd53_131,10,1,530,274,61,12,29
rd53_131,10,1,533,277,64,6,29
rd53_131,10,1,548,277,79,10,29
rd53_131,10,1,535,275,66,15,29
rd53_131,10,1,550,276,81,11,29
rd53_131,10,1,515,277,46,14,29
rd53_131,10,1,527,274,58,3,30
rd53_131,10,1,508,277,39,4,30
rd53_131,10,1,509,274,40,6,30
rd53_131,10,1,506,276,37,7,30
rd53_131,10,1,503,275,34,8,30
rd53_131,10,1,533,274,64,10,30
rd53_131,10,1,515,272,46,2,30
rd53_131,10,1,521,278,52,1,30
rd53_131,10,1,511,275,42,14,30
rd53_131,10,1,502,272,33,5,30
rd53_131,10,1,506,273,37,9,30
rd53_131,10,1,515,273,46,11,30
rd53_131,10,1,510,277,41,12,30
rd53_131,10,1,535,279,66,13,30
rd53_131,10,1,507,275,38,15,30
rd53_131,10,1,540,275,71,2,31
rd53_131,10,1,518,280,49,4,31
rd53_131,10,1,531,277,62,6,31
rd53_131,10,1,504,279,35,1,31
rd53_131,10,1,542,278,73,3,31
rd53_131,10,1,512,279,43,11,31
rd53_131,10,1,531,275,62,13,31
rd53_131,10,1,512,277,43,5,31
rd53_131,10,1,561,277,92,15,31
rd53_131,10,1,530,275,61,7,31
rd53_131,10,1,537,277,68,9,31
rd53_131,10,1,524,277,55,8,31
rd53_131,10,1,543,278,74,10,31
rd53_131,10,1,546,277,77,12,31
rd53_131,10,1,524,280,55,14,31
rd53_131,10,1,511,275,42,2,32
rd53_131,10,1,530,276,61,1,32
rd53_131,10,1,540,279,71,4,32
rd53_131,10,1,521,276,52,6,32
rd53_131,10,1,526,276,57,7,32
rd53_131,10,1,520,275,51,8,32
rd53_131,10,1,521,277,52,12,32
rd53_131,10,1,508,274,39,3,32
rd53_131,10,1,515,273,46,14,32
rd53_131,10,1,518,273,49,13,32
rd53_131,10,1,519,275,50,5,32
rd53_131,10,1,525,276,56,9,32
rd53_131,10,1,522,276,53,10,32
rd53_131,10,1,514,272,45,11,32
rd53_131,10,1,517,273,48,15,32
rd53_131,10,1,509,273,40,2,33
rd53_131,10,1,524,276,55,3,33
rd53_131,10,1,546,279,77,5,33
rd53_131,10,1,509,271,40,6,33
rd53_131,10,1,541,280,72,7,33
rd53_131,10,1,527,280,58,8,33
rd53_131,10,1,503,271,34,9,33
rd53_131,10,1,548,275,79,1,33
rd53_131,10,1,510,275,41,12,33
rd53_131,10,1,513,278,44,13,33
rd53_131,10,1,525,280,56,14,33
rd53_131,10,1,518,278,49,4,33
rd53_131,10,1,532,273,63,10,33
rd53_131,10,1,507,274,38,11,33
rd53_131,10,1,521,279,52,15,33
rd53_131,10,1,542,279,73,2,34
rd53_131,10,1,530,277,61,1,34
rd53_131,10,1,514,280,45,3,34
rd53_131,10,1,527,278,58,4,34
rd53_131,10,1,522,278,53,5,34
rd53_131,10,1,538,279,69,6,34
rd53_131,10,1,518,279,49,7,34
rd53_131,10,1,518,275,49,8,34
rd53_131,10,1,515,277,46,14,34
rd53_131,10,1,515,279,46,9,34
rd53_131,10,1,509,279,40,10,34
rd53_131,10,1,516,276,47,12,34
rd53_131,10,1,515,274,46,13,34
rd53_131,10,1,537,277,68,15,34
rd53_131,10,1,520,277,51,11,34
rd53_131,10,1,518,277,49,1,35
rd53_131,10,1,508,272,39,2,35
rd53_131,10,1,534,279,65,8,35
rd53_131,10,1,512,276,43,3,35
rd53_131,10,1,514,281,45,4,35
rd53_131,10,1,516,273,47,5,35
rd53_131,10,1,521,274,52,15,35
rd53_131,10,1,517,279,48,6,35
rd53_131,10,1,508,272,39,7,35
rd53_131,10,1,508,276,39,9,35
rd53_131,10,1,511,277,42,10,35
rd53_131,10,1,516,275,47,11,35
rd53_131,10,1,517,275,48,12,35
rd53_131,10,1,532,277,63,13,35
rd53_131,10,1,537,276,68,14,35
rd53_131,10,1,552,281,83,4,36
rd53_131,10,1,511,276,42,5,36
rd53_131,10,1,532,276,63,3,36
rd53_131,10,1,502,274,33,6,36
rd53_131,10,1,535,280,66,9,36
rd53_131,10,1,541,279,72,1,36
rd53_131,10,1,509,272,40,2,36
rd53_131,10,1,534,281,65,14,36
rd53_131,10,1,537,279,68,11,36
rd53_131,10,1,522,278,53,15,36
rd53_131,10,1,515,277,46,7,36
rd53_131,10,1,552,281,83,8,36
rd53_131,10,1,547,278,78,10,36
rd53_131,10,1,540,282,71,12,36
rd53_131,10,1,507,273,38,13,36
rd53_131,10,1,523,279,54,1,37
rd53_131,10,1,509,279,40,2,37
rd53_131,10,1,526,279,57,3,37
rd53_131,10,1,542,279,73,4,37
rd53_131,10,1,528,279,59,5,37
rd53_131,10,1,512,279,43,6,37
rd53_131,10,1,522,273,53,7,37
rd53_131,10,1,509,277,40,8,37
rd53_131,10,1,521,280,52,9,37
rd53_131,10,1,520,279,51,11,37
rd53_131,10,1,520,279,51,13,37
rd53_131,10,1,511,278,42,14,37
rd53_131,10,1,512,276,43,10,37
rd53_131,10,1,532,276,63,15,37
rd53_131,10,1,525,273,56,12,37
rd53_131,10,1,519,280,50,2,38
rd53_131,10,1,519,282,50,4,38
rd53_131,10,1,560,284,91,5,38
rd53_131,10,1,525,279,56,7,38
rd53_131,10,1,523,281,54,9,38
rd53_131,10,1,513,279,44,10,38
rd53_131,10,1,522,277,53,1,38
rd53_131,10,1,519,278,50,3,38
rd53_131,10,1,521,280,52,6,38
rd53_131,10,1,519,279,50,8,38
rd53_131,10,1,531,280,62,11,38
rd53_131,10,1,534,282,65,12,38
rd53_131,10,1,518,277,49,15,38
rd53_131,10,1,523,281,54,13,38
rd53_131,10,1,515,276,46,14,38
rd53_131,10,1,521,274,52,4,39
rd53_131,10,1,513,279,44,1,39
rd53_131,10,1,526,273,57,3,39
rd53_131,10,1,540,273,71,2,39
rd53_131,10,1,534,282,65,6,39
rd53_131,10,1,514,277,45,5,39
rd53_131,10,1,531,277,62,8,39
rd53_131,10,1,516,283,47,9,39
rd53_131,10,1,533,277,64,7,39
rd53_131,10,1,522,278,53,15,39
rd53_131,10,1,519,277,50,10,39
rd53_131,10,1,505,277,36,11,39
rd53_131,10,1,532,276,63,12,39
rd53_131,10,1,521,279,52,13,39
rd53_131,10,1,532,282,63,14,39
rd53_131,10,1,528,282,59,2,40
rd53_131,10,1,548,277,79,1,40
rd53_131,10,1,549,280,80,3,40
rd53_131,10,1,543,283,74,6,40
rd53_131,10,1,548,282,79,7,40
rd53_131,10,1,580,281,111,4,40
rd53_131,10,1,521,277,52,9,40
rd53_131,10,1,521,279,52,10,40
rd53_131,10,1,549,281,80,14,40
rd53_131,10,1,521,280,52,15,40
rd53_131,10,1,545,279,76,5,40
rd53_131,10,1,516,276,47,8,40
rd53_131,10,1,550,279,81,11,40
rd53_131,10,1,551,283,82,12,40
rd53_131,10,1,565,282,96,13,40
rd53_131,10,1,553,284,84,3,41
rd53_131,10,1,510,281,41,2,41
rd53_131,10,1,547,286,78,4,41
rd53_131,10,1,540,284,71,6,41
rd53_131,10,1,527,283,58,7,41
rd53_131,10,1,538,282,69,8,41
rd53_131,10,1,530,285,61,1,41
rd53_131,10,1,534,285,65,12,41
rd53_131,10,1,550,282,81,13,41
rd53_131,10,1,520,282,51,14,41
rd53_131,10,1,524,284,55,15,41
rd53_131,10,1,526,277,57,5,41
rd53_131,10,1,525,281,56,9,41
rd53_131,10,1,560,283,91,10,41
rd53_131,10,1,525,281,56,11,41
rd53_131,10,1,516,268,47,1,42
rd53_131,10,1,515,272,46,3,42
rd53_131,10,1,510,275,41,4,42
rd53_131,10,1,528,270,59,5,42
rd53_131,10,1,517,266,48,6,42
rd53_131,10,1,519,271,50,7,42
rd53_131,10,1,527,272,58,8,42
rd53_131,10,1,517,265,48,2,42
rd53_131,10,1,504,271,35,11,42
rd53_131,10,1,507,274,38,9,42
rd53_131,10,1,517,273,48,10,42
rd53_131,10,1,526,272,57,12,42
rd53_131,10,1,534,271,65,13,42
rd53_131,10,1,516,268,47,14,42
rd53_131,10,1,516,271,47,15,42
rd53_131,10,1,537,280,68,4,43
rd53_131,10,1,533,280,64,10,43
rd53_131,10,1,525,279,56,1,43
rd53_131,10,1,509,279,40,3,43
rd53_131,10,1,549,279,80,9,43
rd53_131,10,1,523,278,54,5,43
rd53_131,10,1,541,278,72,2,43
rd53_131,10,1,540,278,71,11,43
rd53_131,10,1,519,277,50,14,43
rd53_131,10,1,547,281,78,6,43
rd53_131,10,1,519,280,50,15,43
rd53_131,10,1,517,281,48,8,43
rd53_131,10,1,539,280,70,7,43
rd53_131,10,1,550,281,81,12,43
rd53_131,10,1,545,278,76,13,43
rd53_131,10,1,521,281,52,3,44
rd53_131,10,1,517,277,48,4,44
rd53_131,10,1,504,276,35,6,44
rd53_131,10,1,504,276,35,7,44
rd53_131,10,1,523,278,54,8,44
rd53_131,10,1,525,277,56,9,44
rd53_131,10,1,519,278,50,1,44
rd53_131,10,1,539,279,70,2,44
rd53_131,10,1,523,277,54,11,44
rd53_131,10,1,532,278,63,5,44
rd53_131,10,1,501,274,32,14,44
rd53_131,10,1,527,278,58,10,44
rd53_131,10,1,519,280,50,12,44
rd53_131,10,1,518,279,49,13,44
rd53_131,10,1,519,278,50,15,44
rd53_131,10,1,533,279,64,1,45
rd53_131,10,1,541,279,72,7,45
rd53_131,10,1,524,280,55,8,45
rd53_131,10,1,538,280,69,10,45
rd53_131,10,1,526,281,57,2,45
rd53_131,10,1,528,279,59,3,45
rd53_131,10,1,533,280,64,12,45
rd53_131,10,1,557,282,88,4,45
rd53_131,10,1,538,277,69,13,45
rd53_131,10,1,531,279,62,5,45
rd53_131,10,1,531,280,62,15,45
rd53_131,10,1,544,278,75,6,45
rd53_131,10,1,536,279,67,9,45
rd53_131,10,1,545,278,76,11,45
rd53_131,10,1,549,279,80,14,45
rd53_131,10,1,522,277,53,3,46
rd53_131,10,1,533,281,64,5,46
rd53_131,10,1,522,278,53,7,46
rd53_131,10,1,544,274,75,8,46
rd53_131,10,1,520,276,51,9,46
rd53_131,10,1,526,280,57,10,46
rd53_131,10,1,523,275,54,1,46
rd53_131,10,1,524,278,55,2,46
rd53_131,10,1,528,278,59,14,46
rd53_131,10,1,523,278,54,4,46
rd53_131,10,1,540,281,71,6,46
rd53_131,10,1,520,273,51,11,46
rd53_131,10,1,537,279,68,12,46
rd53_131,10,1,518,277,49,13,46
rd53_131,10,1,517,277,48,15,46
rd53_131,10,1,505,274,36,3,47
rd53_131,10,1,505,274,36,2,47
rd53_131,10,1,515,274,46,4,47
rd53_131,10,1,498,274,29,5,47
rd53_131,10,1,508,274,39,6,47
rd53_131,10,1,497,269,28,7,47
rd53_131,10,1,495,269,26,8,47
rd53_131,10,1,497,271,28,9,47
rd53_131,10,1,498,270,29,1,47
rd53_131,10,1,547,275,78,12,47
rd53_131,10,1,525,277,56,15,47
rd53_131,10,1,522,276,53,10,47
rd53_131,10,1,498,273,29,11,47
rd53_131,10,1,506,274,37,13,47
rd53_131,10,1,495,269,26,14,47
rd53_131,10,1,554,281,85,5,48
rd53_131,10,1,500,278,31,8,48
rd53_131,10,1,512,275,43,1,48
rd53_131,10,1,525,281,56,4,48
rd53_131,10,1,520,273,51,2,48
rd53_131,10,1,542,278,73,3,48
rd53_131,10,1,532,277,63,7,48
rd53_131,10,1,527,276,58,6,48
rd53_131,10,1,518,279,49,11,48
rd53_131,10,1,516,278,47,13,48
rd53_131,10,1,515,274,46,9,48
rd53_131,10,1,527,280,58,10,48
rd53_131,10,1,518,278,49,12,48
rd53_131,10,1,514,280,45,14,48
rd53_131,10,1,532,281,63,15,48
rd53_131,10,1,535,277,66,1,49
rd53_131,10,1,534,277,65,6,49
rd53_131,10,1,515,277,46,7,49
rd53_131,10,1,522,278,53,8,49
rd53_131,10,1,529,279,60,10,49
rd53_131,10,1,519,277,50,2,49
rd53_131,10,1,526,279,57,12,49
rd53_131,10,1,524,275,55,13,49
rd53_131,10,1,535,279,66,3,49
rd53_131,10,1,522,279,53,4,49
rd53_131,10,1,534,279,65,5,49
rd53_131,10,1,521,280,52,9,49
rd53_131,10,1,514,280,45,11,49
rd53_131,10,1,525,280,56,14,49
rd53_131,10,1,519,277,50,15,49
rd53_131,10,1,515,272,46,1,50
rd53_131,10,1,534,283,65,2,50
rd53_131,10,1,517,282,48,3,50
rd53_131,10,1,550,282,81,4,50
rd53_131,10,1,571,283,102,5,50
rd53_131,10,1,532,281,63,6,50
rd53_131,10,1,545,280,76,14,50
rd53_131,10,1,511,275,42,7,50
rd53_131,10,1,524,281,55,8,50
rd53_131,10,1,516,283,47,9,50
rd53_131,10,1,536,282,67,10,50
rd53_131,10,1,545,285,76,11,50
rd53_131,10,1,541,282,72,12,50
rd53_131,10,1,527,281,58,13,50
rd53_131,10,1,515,281,46,15,50
rd53_251,10,20,1506,779,215,3,0
rd53_251,10,20,1473,764,182,2,0
rd53_251,10,20,1439,768,148,1,0
rd53_251,10,20,1472,771,181,4,0
rd53_251,10,20,1463,771,172,13,0
rd53_251,10,20,1540,774,249,7,0
rd53_251,10,20,1525,778,234,5,0
rd53_251,10,20,1517,773,226,10,0
rd53_251,10,20,1523,781,232,8,0
rd53_251,10,20,1525,788,234,9,0
rd53_251,10,20,1471,759,180,6,0
rd53_251,10,20,1518,780,227,11,0
rd53_251,10,20,1531,776,240,12,0
rd53_251,10,20,1466,757,175,14,0
rd53_251,10,20,1524,784,233,15,0
rd53_251,10,20,1456,754,165,6,1
rd53_251,10,20,1450,758,159,7,1
rd53_251,10,20,1439,755,148,8,1
rd53_251,10,20,1455,754,164,9,1
rd53_251,10,20,1443,753,152,1,1
rd53_251,10,20,1462,754,171,12,1
rd53_251,10,20,1452,766,161,14,1
rd53_251,10,20,1457,752,166,13,1
rd53_251,10,20,1443,759,152,15,1
rd53_251,10,20,1468,756,177,5,1
rd53_251,10,20,1479,762,188,3,1
rd53_251,10,20,1469,748,178,2,1
rd53_251,10,20,1446,754,155,4,1
rd53_251,10,20,1455,754,164,11,1
rd53_251,10,20,1440,750,149,10,1
rd53_251,10,20,1488,770,197,2,2
rd53_251,10,20,1488,769,197,5,2
rd53_251,10,20,1489,763,198,6,2
rd53_251,10,20,1463,771,172,7,2
rd53_251,10,20,1473,779,182,4,2
rd53_251,10,20,1449,767,158,1,2
rd53_251,10,20,1478,772,187,3,2
rd53_251,10,20,1495,788,204,11,2
rd53_251,10,20,1495,779,204,12,2
rd53_251,10,20,1511,772,220,13,2
rd53_251,10,20,1467,756,176,8,2
rd53_251,10,20,1512,771,221,10,2
rd53_251,10,20,1487,789,196,9,2
rd53_251,10,20,1507,780,216,15,2
rd53_251,10,20,1469,758,178,14,2
rd53_251,10,20,1558,790,267,3,3
rd53_251,10,20,1562,802,271,4,3
rd53_251,10,20,1500,766,209,6,3
rd53_251,10,20,1518,758,227,1,3
rd53_251,10,20,1461,754,170,7,3
rd53_251,10,20,1537,792,246,2,3
rd53_251,10,20,1534,763,243,8,3
rd53_251,10,20,1454,761,163,9,3
rd53_251,10,20,1502,778,211,5,3
rd53_251,10,20,1518,778,227,13,3
rd53_251,10,20,1546,783,255,11,3
rd53_251,10,20,1492,770,201,12,3
rd53_251,10,20,1477,754,186,14,3
rd53_251,10,20,1492,769,201,15,3
rd53_251,10,20,1474,763,183,10,3
rd53_251,10,20,1491,762,200,1,4
rd53_251,10,20,1450,756,159,4,4
rd53_251,10,20,1481,760,190,3,4
rd53_251,10,20,1451,761,160,7,4
rd53_251,10,20,1441,753,150,9,4
rd53_251,10,20,1485,767,194,2,4
rd53_251,10,20,1445,759,154,5,4
rd53_251,10,20,1421,762,130,15,4
rd53_251,10,20,1451,766,160,14,4
rd53_251,10,20,1460,762,169,6,4
rd53_251,10,20,1459,762,168,13,4
rd53_251,10,20,1445,761,154,8,4
rd53_251,10,20,1459,763,168,12,4
rd53_251,10,20,1476,766,185,10,4
rd53_251,10,20,1440,765,149,11,4
rd53_251,10,20,1454,762,163,1,5
rd53_251,10,20,1453,773,162,2,5
rd53_251,10,20,1453,763,162,4,5
rd53_251,10,20,1501,764,210,7,5
rd53_251,10,20,1459,762,168,8,5
rd53_251,10,20,1454,762,163,9,5
rd53_251,10,20,1527,783,236,15,5
rd53_251,10,20,1457,756,166,5,5
rd53_251,10,20,1483,767,192,3,5
rd53_251,10,20,1446,760,155,14,5
rd53_251,10,20,1489,788,198,6,5
rd53_251,10,20,1494,769,203,11,5
rd53_251,10,20,1476,770,185,13,5
rd53_251,10,20,1491,769,200,12,5
rd53_251,10,20,1489,781,198,10,5
rd53_251,10,20,1418,753,127,5,6
rd53_251,10,20,1459,762,168,6,6
rd53_251,10,20,1464,775,173,2,6
rd53_251,10,20,1454,758,163,3,6
rd53_251,10,20,1502,771,211,8,6
rd53_251,10,20,1409,757,118,12,6
rd53_251,10,20,1452,773,161,4,6
rd53_251,10,20,1407,755,116,9,6
rd53_251,10,20,1494,773,203,7,6
rd53_251,10,20,1433,761,142,10,6
rd53_251,10,20,1498,770,207,14,6
rd53_251,10,20,1492,779,201,1,6
rd53_251,10,20,1429,760,138,11,6
rd53_251,10,20,1473,773,182,15,6
rd53_251,10,20,1464,763,173,13,6
rd53_251,10,20,1478,766,187,3,7
rd53_251,10,20,1510,767,219,4,7
rd53_251,10,20,1553,778,262,9,7
rd53_251,10,20,1479,766,188,10,7
rd53_251,10,20,1468,753,177,6,7
rd53_251,10,20,1457,760,166,14,7
rd53_251,10,20,1474,766,183,15,7
rd53_251,10,20,1503,768,212,11,7
rd53_251,10,20,1507,774,216,2,7
rd53_251,10,20,1517,777,226,1,7
rd53_251,10,20,1483,773,192,5,7
rd53_251,10,20,1494,766,203,7,7
rd53_251,10,20,1467,759,176,8,7
rd53_251,10,20,1510,770,219,12,7
rd53_251,10,20,1504,773,213,13,7
rd53_251,10,20,1430,755,139,2,8
rd53_251,10,20,1459,763,168,1,8
rd53_251,10,20,1494,767,203,3,8
rd53_251,10,20,1440,767,149,6,8
rd53_251,10,20,1481,771,190,7,8
rd53_251,10,20,1467,763,176,9,8
rd53_251,10,20,1489,761,198,12,8
rd53_251,10,20,1425,756,134,14,8
rd53_251,10,20,1473,765,182,4,8
rd53_251,10,20,1436,755,145,5,8
rd53_251,10,20,1445,760,154,10,8
rd53_251,10,20,1465,766,174,8,8
rd53_251,10,20,1468,761,177,11,8
rd53_251,10,20,1458,759,167,13,8
rd53_251,10,20,1413,758,122,15,8
rd53_251,10,20,1450,758,159,3,9
rd53_251,10,20,1477,769,186,2,9
rd53_251,10,20,1449,761,158,6,9
rd53_251,10,20,1452,761,161,7,9
rd53_251,10,20,1446,762,155,8,9
rd53_251,10,20,1481,771,190,9,9
rd53_251,10,20,1467,772,176,10,9
rd53_251,10,20,1476,768,185,4,9
rd53_251,10,20,1460,759,169,5,9
rd53_251,10,20,1438,762,147,11,9
rd53_251,10,20,1480,763,189,12,9
rd53_251,10,20,1500,769,209,1,9
rd53_251,10,20,1475,761,184,14,9
rd53_251,10,20,1448,761,157,13,9
rd53_251,10,20,1467,769,176,15,9
rd53_251,10,20,1480,756,189,4,10
rd53_251,10,20,1505,773,214,5,10
rd53_251,10,20,1481,768,190,2,10
rd53_251,10,20,1470,754,179,6,10
rd53_251,10,20,1485,778,194,7,10
rd53_251,10,20,1486,757,195,1,10
rd53_251,10,20,1450,755,159,3,10
rd53_251,10,20,1462,774,171,10,10
rd53_251,10,20,1523,776,232,9,10
rd53_251,10,20,1479,767,188,12,10
rd53_251,10,20,1528,779,237,11,10
rd53_251,10,20,1489,774,198,8,10
rd53_251,10,20,1512,762,221,13,10
rd53_251,10,20,1490,759,199,14,10
rd53_251,10,20,1466,774,175,15,10
rd53_251,10,20,1444,752,153,7,11
rd53_251,10,20,1475,764,184,8,11
rd53_251,10,20,1500,753,209,9,11
rd53_251,10,20,1470,756,179,11,11
rd53_251,10,20,1471,755,180,12,11
rd53_251,10,20,1463,756,172,3,11
rd53_251,10,20,1468,756,177,13,11
rd53_251,10,20,1477,756,186,14,11
rd53_251,10,20,1479,766,188,1,11
rd53_251,10,20,1483,757,192,2,11
rd53_251,10,20,1475,762,184,15,11
rd53_251,10,20,1488,756,197,4,11
rd53_251,10,20,1507,765,216,5,11
rd53_251,10,20,1517,757,226,6,11
rd53_251,10,20,1507,757,216,10,11
rd53_251,10,20,1431,754,140,4,12
rd53_251,10,20,1469,758,178,5,12
rd53_251,10,20,1412,761,121,10,12
rd53_251,10,20,1463,759,172,2,12
rd53_251,10,20,1474,767,183,8,12
rd53_251,10,20,1465,760,174,9,12
rd53_251,10,20,1457,758,166,11,12
rd53_251,10,20,1521,773,230,6,12
rd53_251,10,20,1450,754,159,12,12
rd53_251,10,20,1486,770,195,13,12
rd53_251,10,20,1459,768,168,7,12
rd53_251,10,20,1481,766,190,14,12
rd53_251,10,20,1450,757,159,15,12
rd53_251,10,20,1412,761,121,3,12
rd53_251,10,20,1426,760,135,1,12
rd53_251,10,20,1461,774,170,4,13
rd53_251,10,20,1470,769,179,11,13
rd53_251,10,20,1480,769,189,1,13
rd53_251,10,20,1483,771,192,9,13
rd53_251,10,20,1464,767,173,3,13
rd53_251,10,20,1474,768,183,2,13
rd53_251,10,20,1472,767,181,5,13
rd53_251,10,20,1473,770,182,8,13
rd53_251,10,20,1533,777,242,6,13
rd53_251,10,20,1470,768,179,10,13
rd53_251,10,20,1482,770,191,12,13
rd53_251,10,20,1475,775,184,7,13
rd53_251,10,20,1490,778,199,13,13
rd53_251,10,20,1466,765,175,14,13
rd53_251,10,20,1469,769,178,15,13
rd53_251,10,20,1478,770,187,2,14
rd53_251,10,20,1524,775,233,7,14
rd53_251,10,20,1437,762,146,8,14
rd53_251,10,20,1494,772,203,9,14
rd53_251,10,20,1461,771,170,11,14
rd53_251,10,20,1457,767,166,3,14
rd53_251,10,20,1516,768,225,4,14
rd53_251,10,20,1479,756,188,5,14
rd53_251,10,20,1475,754,184,6,14
rd53_251,10,20,1497,773,206,10,14
rd53_251,10,20,1488,763,197,1,14
rd53_251,10,20,1493,767,202,12,14
rd53_251,10,20,1503,765,212,13,14
rd53_251,10,20,1479,776,188,15,14
rd53_251,10,20,1499,764,208,14,14
rd53_251,10,20,1436,769,145,1,15
rd53_251,10,20,1451,765,160,4,15
rd53_251,10,20,1512,783,221,13,15
rd53_251,10,20,1506,774,215,15,15
rd53_251,10,20,1468,769,177,12,15
rd53_251,10,20,1493,771,202,3,15
rd53_251,10,20,1498,768,207,5,15
rd53_251,10,20,1451,766,160,7,15
rd53_251,10,20,1444,772,153,8,15
rd53_251,10,20,1461,775,170,2,15
rd53_251,10,20,1460,764,169,14,15
rd53_251,10,20,1456,772,165,11,15
rd53_251,10,20,1485,772,194,9,15
rd53_251,10,20,1470,768,179,6,15
rd53_251,10,20,1505,773,214,10,15
rd53_251,10,20,1439,757,148,2,16
rd53_251,10,20,1488,770,197,9,16
rd53_251,10,20,1455,758,164,1,16
rd53_251,10,20,1465,759,174,10,16
rd53_251,10,20,1507,770,216,3,16
rd53_251,10,20,1482,766,191,14,16
rd53_251,10,20,1445,759,154,5,16
rd53_251,10,20,1474,765,183,4,16
rd53_251,10,20,1454,753,163,15,16
rd53_251,10,20,1459,757,168,6,16
rd53_251,10,20,1453,767,162,8,16
rd53_251,10,20,1459,760,168,7,16
rd53_251,10,20,1460,759,169,11,16
rd53_251,10,20,1445,764,154,12,16
rd53_251,10,20,1429,760,138,13,16
rd53_251,10,20,1497,773,206,9,17
rd53_251,10,20,1433,761,142,8,17
rd53_251,10,20,1449,760,158,1,17
rd53_251,10,20,1516,776,225,3,17
rd53_251,10,20,1503,771,212,4,17
rd53_251,10,20,1450,777,159,6,17
rd53_251,10,20,1487,769,196,2,17
rd53_251,10,20,1480,763,189,7,17
rd53_251,10,20,1469,760,178,10,17
rd53_251,10,20,1466,774,175,5,17
rd53_251,10,20,1478,758,187,11,17
rd53_251,10,20,1470,766,179,12,17
rd53_251,10,20,1514,773,223,14,17
rd53_251,10,20,1480,773,189,13,17
rd53_251,10,20,1454,757,163,15,17
rd53_251,10,20,1453,756,162,4,18
rd53_251,10,20,1456,760,165,5,18
rd53_251,10,20,1465,760,174,8,18
rd53_251,10,20,1463,761,172,9,18
rd53_251,10,20,1449,747,158,1,18
rd53_251,10,20,1464,762,173,2,18
rd53_251,10,20,1454,755,163,3,18
rd53_251,10,20,1457,765,166,13,18
rd53_251,10,20,1463,761,172,6,18
rd53_251,10,20,1453,765,162,14,18
rd53_251,10,20,1479,752,188,7,18
rd53_251,10,20,1499,763,208,10,18
rd53_251,10,20,1466,757,175,11,18
rd53_251,10,20,1466,760,175,12,18
rd53_251,10,20,1468,762,177,15,18
rd53_251,10,20,1428,753,137,1,19
rd53_251,10,20,1431,759,140,3,19
rd53_251,10,20,1422,766,131,4,19
rd53_251,10,20,1447,754,156,8,19
rd53_251,10,20,1426,755,135,9,19
rd53_251,10,20,1410,757,119,6,19
rd53_251,10,20,1438,757,147,7,19
rd53_251,10,20,1464,765,173,12,19
rd53_251,10,20,1458,758,167,2,19
rd53_251,10,20,1429,749,138,5,19
rd53_251,10,20,1473,754,182,10,19
rd53_251,10,20,1429,758,138,11,19
rd53_251,10,20,1427,758,136,13,19
rd53_251,10,20,1444,753,153,14,19
rd53_251,10,20,1422,756,131,15,19
rd53_251,10,20,1440,760,149,5,20
rd53_251,10,20,1498,770,207,4,20
rd53_251,10,20,1487,774,196,3,20
rd53_251,10,20,1490,770,199,1,20
rd53_251,10,20,1483,772,192,6,20
rd53_251,10,20,1493,768,202,2,20
rd53_251,10,20,1503,768,212,14,20
rd53_251,10,20,1500,777,209,8,20
rd53_251,10,20,1457,766,166,12,20
rd53_251,10,20,1494,773,203,7,20
rd53_251,10,20,1461,765,170,15,20
rd53_251,10,20,1487,779,196,9,20
rd53_251,10,20,1486,768,195,13,20
rd53_251,10,20,1522,779,231,10,20
rd53_251,10,20,1503,764,212,11,20
rd53_251,10,20,1447,765,156,1,21
rd53_251,10,20,1471,757,180,8,21
rd53_251,10,20,1459,750,168,3,21
rd53_251,10,20,1462,764,171,2,21
rd53_251,10,20,1461,757,170,7,21
rd53_251,10,20,1468,772,177,6,21
rd53_251,10,20,1468,758,177,4,21
rd53_251,10,20,1454,759,163,14,21
rd53_251,10,20,1441,753,150,5,21
rd53_251,10,20,1467,758,176,9,21
rd53_251,10,20,1478,755,187,10,21
rd53_251,10,20,1452,757,161,11,21
rd53_251,10,20,1454,763,163,12,21
rd53_251,10,20,1459,754,168,13,21
rd53_251,10,20,1446,759,155,15,21
rd53_251,10,20,1480,768,189,1,22
rd53_251,10,20,1445,757,154,2,22
rd53_251,10,20,1479,766,188,5,22
rd53_251,10,20,1490,776,199,6,22
rd53_251,10,20,1457,761,166,7,22
rd53_251,10,20,1465,764,174,3,22
rd53_251,10,20,1477,758,186,4,22
rd53_251,10,20,1490,774,199,8,22
rd53_251,10,20,1503,768,212,9,22
rd53_251,10,20,1513,777,222,10,22
rd53_251,10,20,1452,767,161,11,22
rd53_251,10,20,1467,763,176,12,22
rd53_251,10,20,1474,776,183,13,22
rd53_251,10,20,1440,762,149,14,22
rd53_251,10,20,1477,775,186,15,22
rd53_251,10,20,1442,770,151,1,23
rd53_251,10,20,1456,773,165,4,23
rd53_251,10,20,1493,778,202,3,23
rd53_251,10,20,1487,774,196,6,23
rd53_251,10,20,1470,772,179,7,23
rd53_251,10,20,1477,771,186,2,23
rd53_251,10,20,1471,776,180,15,23
rd53_251,10,20,1465,772,174,14,23
rd53_251,10,20,1479,773,188,5,23
rd53_251,10,20,1457,782,166,9,23
rd53_251,10,20,1442,759,151,10,23
rd53_251,10,20,1453,774,162,11,23
rd53_251,10,20,1441,771,150,12,23
rd53_251,10,20,1502,767,211,13,23
rd53_251,10,20,1448,769,157,8,23
rd53_251,10,20,1451,754,160,3,24
rd53_251,10,20,1482,761,191,2,24
rd53_251,10,20,1512,772,221,4,24
rd53_251,10,20,1438,762,147,5,24
rd53_251,10,20,1497,773,206,7,24
rd53_251,10,20,1466,767,175,8,24
rd53_251,10,20,1470,770,179,11,24
rd53_251,10,20,1509,769,218,6,24
rd53_251,10,20,1485,768,194,9,24
rd53_251,10,20,1495,782,204,1,24
rd53_251,10,20,1467,766,176,10,24
rd53_251,10,20,1453,763,162,12,24
rd53_251,10,20,1461,769,170,13,24
rd53_251,10,20,1459,767,168,14,24
rd53_251,10,20,1457,765,166,15,24
rd53_251,10,20,1459,755,168,7,25
rd53_251,10,20,1473,760,182,8,25
rd53_251,10,20,1484,761,193,5,25
rd53_251,10,20,1442,750,151,6,25
rd53_251,10,20,1435,749,144,1,25
rd53_251,10,20,1446,758,155,4,25
rd53_251,10,20,1472,768,181,9,25
rd53_251,10,20,1435,750,144,2,25
rd53_251,10,20,1472,758,181,3,25
rd53_251,10,20,1483,762,192,10,25
rd53_251,10,20,1469,761,178,12,25
rd53_251,10,20,1450,751,159,11,25
rd53_251,10,20,1449,753,158,14,25
rd53_251,10,20,1449,752,158,13,25
rd53_251,10,20,1440,748,149,15,25
rd53_251,10,20,1497,767,206,1,26
rd53_251,10,20,1517,768,226,7,26
rd53_251,10,20,1419,754,128,8,26
rd53_251,10,20,1511,779,220,9,26
rd53_251,10,20,1449,765,158,6,26
rd53_251,10,20,1450,769,159,5,26
rd53_251,10,20,1454,766,163,2,26
rd53_251,10,20,1475,775,184,11,26
rd53_251,10,20,1462,767,171,3,26
rd53_251,10,20,1453,758,162,10,26
rd53_251,10,20,1523,769,232,12,26
rd53_251,10,20,1434,761,143,13,26
rd53_251,10,20,1453,775,162,14,26
rd53_251,10,20,1483,769,192,4,26
rd53_251,10,20,1496,772,205,15,26
rd53_251,10,20,1540,764,249,8,27
rd53_251,10,20,1520,780,229,7,27
rd53_251,10,20,1521,766,230,10,27
rd53_251,10,20,1544,773,253,12,27
rd53_251,10,20,1477,759,186,1,27
rd53_251,10,20,1507,767,216,2,27
rd53_251,10,20,1468,776,177,4,27
rd53_251,10,20,1516,771,225,5,27
rd53_251,10,20,1472,761,181,6,27
rd53_251,10,20,1500,770,209,3,27
rd53_251,10,20,1515,773,224,9,27
rd53_251,10,20,1512,766,221,11,27
rd53_251,10,20,1487,767,196,13,27
rd53_251,10,20,1510,772,219,14,27
rd53_251,10,20,1502,765,211,15,27
rd53_251,10,20,1455,753,164,2,28
rd53_251,10,20,1426,750,135,4,28
rd53_251,10,20,1467,767,176,5,28
rd53_251,10,20,1466,764,175,6,28
rd53_251,10,20,1451,763,160,7,28
rd53_251,10,20,1486,767,195,10,28
rd53_251,10,20,1484,767,193,12,28
rd53_251,10,20,1499,776,208,15,28
rd53_251,10,20,1498,764,207,13,28
rd53_251,10,20,1427,753,136,8,28
rd53_251,10,20,1503,770,212,1,28
rd53_251,10,20,1498,765,207,9,28
rd53_251,10,20,1460,759,169,3,28
rd53_251,10,20,1441,753,150,11,28
rd53_251,10,20,1471,758,180,14,28
rd53_251,10,20,1486,761,195,6,29
rd53_251,10,20,1449,764,158,7,29
rd53_251,10,20,1472,761,181,3,29
rd53_251,10,20,1449,760,158,8,29
rd53_251,10,20,1445,759,154,9,29
rd53_251,10,20,1480,762,189,10,29
rd53_251,10,20,1467,773,176,11,29
rd53_251,10,20,1454,765,163,1,29
rd53_251,10,20,1474,763,183,15,29
rd53_251,10,20,1475,764,184,2,29
rd53_251,10,20,1520,769,229,5,29
rd53_251,10,20,1459,767,168,4,29
rd53_251,10,20,1501,779,210,13,29
rd53_251,10,20,1478,773,187,12,29
rd53_251,10,20,1434,762,143,14,29
rd53_251,10,20,1437,760,146,4,30
rd53_251,10,20,1483,761,192,3,30
rd53_251,10,20,1501,767,210,1,30
rd53_251,10,20,1476,770,185,14,30
rd53_251,10,20,1482,767,191,2,30
rd53_251,10,20,1490,780,199,5,30
rd53_251,10,20,1461,768,170,6,30
rd53_251,10,20,1482,757,191,7,30
rd53_251,10,20,1477,772,186,9,30
rd53_251,10,20,1457,755,166,12,30
rd53_251,10,20,1483,761,192,15,30
rd53_251,10,20,1426,766,135,8,30
rd53_251,10,20,1464,757,173,10,30
rd53_251,10,20,1492,756,201,11,30
rd53_251,10,20,1460,767,169,13,30
rd53_251,10,20,1449,762,158,2,31
rd53_251,10,20,1474,771,183,7,31
rd53_251,10,20,1446,760,155,5,31
rd53_251,10,20,1429,760,138,9,31
rd53_251,10,20,1484,773,193,1,31
rd53_251,10,20,1458,759,167,6,31
rd53_251,10,20,1469,762,178,3,31
rd53_251,10,20,1453,763,162,4,31
rd53_251,10,20,1438,763,147,8,31
rd53_251,10,20,1458,757,167,10,31
rd53_251,10,20,1419,758,128,11,31
rd53_251,10,20,1496,766,205,12,31
rd53_251,10,20,1532,765,241,13,31
rd53_251,10,20,1470,763,179,14,31
rd53_251,10,20,1459,759,168,15,31
rd53_251,10,20,1461,762,170,1,32
rd53_251,10,20,1486,765,195,4,32
rd53_251,10,20,1467,751,176,5,32
rd53_251,10,20,1481,757,190,6,32
rd53_251,10,20,1467,756,176,7,32
rd53_251,10,20,1484,760,193,9,32
rd53_251,10,20,1493,767,202,10,32
rd53_251,10,20,1460,749,169,11,32
rd53_251,10,20,1464,748,173,12,32
rd53_251,10,20,1478,760,187,2,32
rd53_251,10,20,1459,761,168,8,32
rd53_251,10,20,1462,762,171,13,32
rd53_251,10,20,1456,745,165,14,32
rd53_251,10,20,1489,770,198,3,32
rd53_251,10,20,1460,759,169,15,32
rd53_251,10,20,1486,760,195,1,33
rd53_251,10,20,1480,760,189,5,33
rd53_251,10,20,1461,768,170,6,33
rd53_251,10,20,1492,770,201,7,33
rd53_251,10,20,1515,763,224,14,33
rd53_251,10,20,1485,762,194,3,33
rd53_251,10,20,1498,771,207,9,33
rd53_251,10,20,1477,768,186,11,33
rd53_251,10,20,1480,768,189,4,33
rd53_251,10,20,1474,761,183,15,33
rd53_251,10,20,1467,769,176,13,33
rd53_251,10,20,1515,766,224,12,33
rd53_251,10,20,1529,764,238,8,33
rd53_251,10,20,1482,767,191,2,33
rd53_251,10,20,1470,764,179,10,33
rd53_251,10,20,1476,761,185,1,34
rd53_251,10,20,1467,766,176,9,34
rd53_251,10,20,1469,749,178,4,34
rd53_251,10,20,1530,775,239,5,34
rd53_251,10,20,1506,770,215,6,34
rd53_251,10,20,1469,764,178,8,34
rd53_251,10,20,1510,766,219,7,34
rd53_251,10,20,1477,771,186,10,34
rd53_251,10,20,1505,773,214,11,34
rd53_251,10,20,1451,768,160,12,34
rd53_251,10,20,1491,772,200,13,34
rd53_251,10,20,1433,760,142,3,34
rd53_251,10,20,1447,757,156,2,34
rd53_251,10,20,1407,750,116,15,34
rd53_251,10,20,1458,761,167,14,34
rd53_251,10,20,1510,774,219,1,35
rd53_251,10,20,1532,768,241,10,35
rd53_251,10,20,1509,772,218,3,35
rd53_251,10,20,1485,767,194,4,35
rd53_251,10,20,1535,769,244,8,35
rd53_251,10,20,1523,763,232,2,35
rd53_251,10,20,1522,772,231,5,35
rd53_251,10,20,1501,770,210,12,35
rd53_251,10,20,1474,765,183,9,35
rd53_251,10,20,1526,767,235,6,35
rd53_251,10,20,1528,774,237,11,35
rd53_251,10,20,1544,771,253,13,35
rd53_251,10,20,1505,763,214,7,35
rd53_251,10,20,1488,769,197,14,35
rd53_251,10,20,1482,768,191,15,35
rd53_251,10,20,1477,772,186,1,36
rd53_251,10,20,1502,753,211,3,36
rd53_251,10,20,1493,766,202,4,36
rd53_251,10,20,1500,769,209,5,36
rd53_251,10,20,1482,765,191,7,36
rd53_251,10,20,1502,758,211,6,36
rd53_251,10,20,1487,766,196,8,36
rd53_251,10,20,1452,765,161,2,36
rd53_251,10,20,1485,762,194,10,36
rd53_251,10,20,1475,760,184,9,36
rd53_251,10,20,1533,774,242,11,36
rd53_251,10,20,1488,764,197,14,36
rd53_251,10,20,1499,768,208,12,36
rd53_251,10,20,1485,770,194,13,36
rd53_251,10,20,1549,763,258,15,36
rd53_251,10,20,1467,767,176,1,37
rd53_251,10,20,1420,749,129,8,37
rd53_251,10,20,1450,758,159,6,37
rd53_251,10,20,1432,751,141,7,37
rd53_251,10,20,1423,755,132,9,37
rd53_251,10,20,1481,755,190,12,37
rd53_251,10,20,1446,769,155,2,37
rd53_251,10,20,1449,758,158,3,37
rd53_251,10,20,1449,756,158,4,37
rd53_251,10,20,1447,756,156,10,37
rd53_251,10,20,1440,754,149,5,37
rd53_251,10,20,1439,755,148,11,37
rd53_251,10,20,1433,751,142,14,37
rd53_251,10,20,1431,749,140,13,37
rd53_251,10,20,1450,757,159,15,37
rd53_251,10,20,1520,778,229,1,38
rd53_251,10,20,1495,764,204,4,38
rd53_251,10,20,1503,771,212,5,38
rd53_251,10,20,1472,765,181,6,38
rd53_251,10,20,1454,771,163,7,38
rd53_251,10,20,1420,749,129,8,38
rd53_251,10,20,1505,770,214,9,38
rd53_251,10,20,1438,756,147,10,38
rd53_251,10,20,1418,764,127,2,38
rd53_251,10,20,1463,767,172,13,38
rd53_251,10,20,1524,773,233,12,38
rd53_251,10,20,1474,770,183,11,38
rd53_251,10,20,1495,774,204,14,38
rd53_251,10,20,1466,762,175,15,38
rd53_251,10,20,1454,763,163,3,38
rd53_251,10,20,1496,768,205,5,39
rd53_251,10,20,1467,765,176,6,39
rd53_251,10,20,1467,768,176,2,39
rd53_251,10,20,1470,770,179,3,39
rd53_251,10,20,1455,769,164,8,39
rd53_251,10,20,1468,779,177,9,39
rd53_251,10,20,1485,771,194,10,39
rd53_251,10,20,1469,768,178,1,39
rd53_251,10,20,1461,770,170,14,39
rd53_251,10,20,1472,763,181,7,39
rd53_251,10,20,1485,774,194,11,39
rd53_251,10,20,1483,766,192,12,39
rd53_251,10,20,1466,770,175,13,39
rd53_251,10,20,1463,761,172,4,39
rd53_251,10,20,1506,767,215,15,39
rd53_251,10,20,1471,761,180,2,40
rd53_251,10,20,1475,758,184,1,40
rd53_251,10,20,1472,764,181,3,40
rd53_251,10,20,1501,764,210,7,40
rd53_251,10,20,1470,748,179,8,40
rd53_251,10,20,1473,758,182,6,40
rd53_251,10,20,1467,746,176,13,40
rd53_251,10,20,1468,754,177,5,40
rd53_251,10,20,1483,759,192,4,40
rd53_251,10,20,1463,761,172,9,40
rd53_251,10,20,1491,754,200,10,40
rd53_251,10,20,1464,755,173,11,40
rd53_251,10,20,1478,762,187,12,40
rd53_251,10,20,1480,754,189,14,40
rd53_251,10,20,1477,756,186,15,40
rd53_251,10,20,1505,770,214,4,41
rd53_251,10,20,1443,748,152,5,41
rd53_251,10,20,1524,773,233,2,41
rd53_251,10,20,1472,760,181,1,41
rd53_251,10,20,1463,765,172,6,41
rd53_251,10,20,1502,762,211,3,41
rd53_251,10,20,1460,767,169,7,41
rd53_251,10,20,1478,762,187,9,41
rd53_251,10,20,1455,763,164,13,41
rd53_251,10,20,1466,760,175,14,41
rd53_251,10,20,1502,771,211,15,41
rd53_251,10,20,1470,776,179,10,41
rd53_251,10,20,1494,765,203,11,41
rd53_251,10,20,1489,768,198,12,41
rd53_251,10,20,1480,766,189,8,41
rd53_251,10,20,1492,764,201,5,42
rd53_251,10,20,1453,767,162,6,42
rd53_251,10,20,1460,757,169,7,42
rd53_251,10,20,1476,759,185,8,42
rd53_251,10,20,1444,757,153,1,42
rd53_251,10,20,1462,766,171,9,42
rd53_251,10,20,1479,766,188,10,42
rd53_251,10,20,1481,757,190,12,42
rd53_251,10,20,1454,765,163,3,42
rd53_251,10,20,1447,759,156,11,42
rd53_251,10,20,1427,762,136,2,42
rd53_251,10,20,1451,765,160,4,42
rd53_251,10,20,1485,761,194,13,42
rd53_251,10,20,1480,760,189,14,42
rd53_251,10,20,1489,769,198,15,42
rd53_251,10,20,1503,765,212,1,43
rd53_251,10,20,1493,758,202,6,43
rd53_251,10,20,1486,774,195,12,43
rd53_251,10,20,1490,769,199,7,43
rd53_251,10,20,1494,767,203,8,43
rd53_251,10,20,1480,766,189,9,43
rd53_251,10,20,1446,761,155,11,43
rd53_251,10,20,1466,766,175,3,43
rd53_251,10,20,1500,767,209,4,43
rd53_251,10,20,1448,767,157,10,43
rd53_251,10,20,1481,764,190,2,43
rd53_251,10,20,1457,767,166,13,43
rd53_251,10,20,1517,770,226,5,43
rd53_251,10,20,1507,773,216,14,43
rd53_251,10,20,1475,766,184,15,43
rd53_251,10,20,1515,773,224,3,44
rd53_251,10,20,1506,778,215,1,44
rd53_251,10,20,1443,756,152,2,44
rd53_251,10,20,1446,762,155,6,44
rd53_251,10,20,1540,776,249,8,44
rd53_251,10,20,1511,773,220,7,44
rd53_251,10,20,1546,775,255,5,44
rd53_251,10,20,1518,776,227,4,44
rd53_251,10,20,1485,785,194,9,44
rd53_251,10,20,1470,772,179,10,44
rd53_251,10,20,1471,777,180,11,44
rd53_251,10,20,1442,761,151,13,44
rd53_251,10,20,1495,773,204,12,44
rd53_251,10,20,1499,765,208,14,44
rd53_251,10,20,1496,773,205,15,44
rd53_251,10,20,1468,753,177,2,45
rd53_251,10,20,1458,758,167,3,45
rd53_251,10,20,1443,749,152,10,45
rd53_251,10,20,1445,758,154,1,45
rd53_251,10,20,1454,756,163,4,45
rd53_251,10,20,1452,749,161,5,45
rd53_251,10,20,1507,759,216,6,45
rd53_251,10,20,1479,767,188,7,45
rd53_251,10,20,1489,758,198,8,45
rd53_251,10,20,1449,749,158,9,45
rd53_251,10,20,1450,756,159,11,45
rd53_251,10,20,1460,754,169,12,45
rd53_251,10,20,1470,759,179,13,45
rd53_251,10,20,1465,760,174,14,45
rd53_251,10,20,1461,750,170,15,45
rd53_251,10,20,1475,760,184,1,46
rd53_251,10,20,1421,764,130,3,46
rd53_251,10,20,1462,756,171,8,46
rd53_251,10,20,1526,768,235,9,46
rd53_251,10,20,1429,756,138,10,46
rd53_251,10,20,1465,760,174,12,46
rd53_251,10,20,1470,758,179,7,46
rd53_251,10,20,1487,760,196,13,46
rd53_251,10,20,1427,767,136,14,46
rd53_251,10,20,1545,771,254,2,46
rd53_251,10,20,1414,761,123,5,46
rd53_251,10,20,1479,760,188,6,46
rd53_251,10,20,1456,763,165,4,46
rd53_251,10,20,1475,762,184,11,46
rd53_251,10,20,1496,751,205,15,46
rd53_251,10,20,1415,753,124,2,47
rd53_251,10,20,1471,762,180,1,47
rd53_251,10,20,1440,758,149,7,47
rd53_251,10,20,1471,754,180,8,47
rd53_251,10,20,1430,751,139,9,47
rd53_251,10,20,1405,745,114,10,47
rd53_251,10,20,1445,755,154,12,47
rd53_251,10,20,1450,760,159,14,47
rd53_251,10,20,1495,760,204,13,47
rd53_251,10,20,1456,758,165,3,47
rd53_251,10,20,1456,757,165,4,47
rd53_251,10,20,1455,756,164,5,47
rd53_251,10,20,1453,759,162,6,47
rd53_251,10,20,1459,771,168,11,47
rd53_251,10,20,1450,753,159,15,47
rd53_251,10,20,1422,762,131,1,48
rd53_251,10,20,1536,779,245,6,48
rd53_251,10,20,1486,766,195,7,48
rd53_251,10,20,1460,760,169,4,48
rd53_251,10,20,1462,765,171,5,48
rd53_251,10,20,1487,772,196,12,48
rd53_251,10,20,1476,758,185,2,48
rd53_251,10,20,1532,765,241,15,48
rd53_251,10,20,1433,766,142,3,48
rd53_251,10,20,1486,782,195,8,48
rd53_251,10,20,1505,768,214,9,48
rd53_251,10,20,1509,762,218,10,48
rd53_251,10,20,1464,756,173,11,48
rd53_251,10,20,1431,758,140,13,48
rd53_251,10,20,1472,763,181,14,48
rd53_251,10,20,1445,770,154,2,49
rd53_251,10,20,1432,774,141,8,49
rd53_251,10,20,1499,764,208,9,49
rd53_251,10,20,1424,763,133,7,49
rd53_251,10,20,1457,775,166,13,49
rd53_251,10,20,1462,774,171,15,49
rd53_251,10,20,1399,760,108,3,49
rd53_251,10,20,1471,766,180,1,49
rd53_251,10,20,1445,768,154,4,49
rd53_251,10,20,1484,765,193,5,49
rd53_251,10,20,1458,767,167,6,49
rd53_251,10,20,1460,764,169,11,49
rd53_251,10,20,1423,765,132,12,49
rd53_251,10,20,1468,768,177,10,49
rd53_251,10,20,1487,771,196,14,49
rd53_251,10,20,1445,768,154,1,50
rd53_251,10,20,1453,753,162,2,50
rd53_251,10,20,1410,762,119,8,50
rd53_251,10,20,1477,763,186,7,50
rd53_251,10,20,1438,767,147,12,50
rd53_251,10,20,1455,765,164,13,50
rd53_251,10,20,1444,766,153,3,50
rd53_251,10,20,1436,756,145,5,50
rd53_251,10,20,1448,767,157,6,50
rd53_251,10,20,1414,754,123,9,50
rd53_251,10,20,1455,767,164,4,50
rd53_251,10,20,1452,761,161,14,50
rd53_251,10,20,1446,754,155,11,50
rd53_251,10,20,1428,761,137,10,50
rd53_251,10,20,1455,761,164,15,50
sqrt8_260,10,20,3552,1768,543,1,0
sqrt8_260,10,20,3439,1746,430,6,0
sqrt8_260,10,20,3473,1757,464,5,0
sqrt8_260,10,20,3447,1753,438,9,0
sqrt8_260,10,20,3487,1772,478,10,0
sqrt8_260,10,20,3472,1750,463,2,0
sqrt8_260,10,20,3495,1762,486,14,0
sqrt8_260,10,20,3494,1760,485,12,0
sqrt8_260,10,20,3443,1764,434,11,0
sqrt8_260,10,20,3567,1769,558,3,0
sqrt8_260,10,20,3541,1770,532,7,0
sqrt8_260,10,20,3456,1774,447,4,0
sqrt8_260,10,20,3554,1770,545,13,0
sqrt8_260,10,20,3532,1773,523,15,0
sqrt8_260,10,20,3460,1754,451,8,0
sqrt8_260,10,20,3444,1741,435,6,1
sqrt8_260,10,20,3354,1743,345,9,1
sqrt8_260,10,20,3486,1772,477,7,1
sqrt8_260,10,20,3565,1762,556,8,1
sqrt8_260,10,20,3505,1753,496,10,1
sqrt8_260,10,20,3499,1757,490,14,1
sqrt8_260,10,20,3480,1760,471,15,1
sqrt8_260,10,20,3453,1748,444,3,1
sqrt8_260,10,20,3455,1748,446,1,1
sqrt8_260,10,20,3501,1747,492,4,1
sqrt8_260,10,20,3386,1748,377,5,1
sqrt8_260,10,20,3448,1752,439,11,1
sqrt8_260,10,20,3492,1756,483,12,1
sqrt8_260,10,20,3416,1741,407,13,1
sqrt8_260,10,20,3509,1755,500,2,1
sqrt8_260,10,20,3443,1748,434,1,2
sqrt8_260,10,20,3473,1759,464,8,2
sqrt8_260,10,20,3519,1767,510,9,2
sqrt8_260,10,20,3520,1761,511,10,2
sqrt8_260,10,20,3426,1745,417,2,2
sqrt8_260,10,20,3433,1754,424,3,2
sqrt8_260,10,20,3430,1740,421,4,2
sqrt8_260,10,20,3426,1742,417,5,2
sqrt8_260,10,20,3394,1752,385,7,2
sqrt8_260,10,20,3515,1759,506,6,2
sqrt8_260,10,20,3481,1761,472,11,2
sqrt8_260,10,20,3458,1749,449,15,2
sqrt8_260,10,20,3321,1731,312,14,2
sqrt8_260,10,20,3477,1759,468,12,2
sqrt8_260,10,20,3470,1748,461,13,2
sqrt8_260,10,20,3416,1745,407,2,3
sqrt8_260,10,20,3490,1748,481,1,3
sqrt8_260,10,20,3492,1769,483,8,3
sqrt8_260,10,20,3301,1737,292,4,3
sqrt8_260,10,20,3441,1747,432,12,3
sqrt8_260,10,20,3414,1763,405,10,3
sqrt8_260,10,20,3380,1739,371,3,3
sqrt8_260,10,20,3455,1752,446,6,3
sqrt8_260,10,20,3471,1739,462,13,3
sqrt8_260,10,20,3468,1755,459,7,3
sqrt8_260,10,20,3527,1765,518,9,3
sqrt8_260,10,20,3527,1759,518,11,3
sqrt8_260,10,20,3431,1754,422,14,3
sqrt8_260,10,20,3462,1753,453,15,3
sqrt8_260,10,20,3453,1745,444,5,3
sqrt8_260,10,20,3463,1762,454,3,4
sqrt8_260,10,20,3470,1756,461,5,4
sqrt8_260,10,20,3426,1744,417,7,4
sqrt8_260,10,20,3451,1745,442,8,4
sqrt8_260,10,20,3501,1750,492,9,4
sqrt8_260,10,20,3413,1745,404,1,4
sqrt8_260,10,20,3477,1759,468,13,4
sqrt8_260,10,20,3497,1751,488,15,4
sqrt8_260,10,20,3432,1747,423,4,4
sqrt8_260,10,20,3404,1746,395,6,4
sqrt8_260,10,20,3455,1750,446,2,4
sqrt8_260,10,20,3418,1739,409,11,4
sqrt8_260,10,20,3417,1753,408,10,4
sqrt8_260,10,20,3384,1746,375,14,4
sqrt8_260,10,20,3464,1754,455,12,4
sqrt8_260,10,20,3468,1757,459,4,5
sqrt8_260,10,20,3479,1751,470,5,5
sqrt8_260,10,20,3462,1756,453,6,5
sqrt8_260,10,20,3462,1751,453,7,5
sqrt8_260,10,20,3476,1758,467,8,5
sqrt8_260,10,20,3464,1758,455,9,5
sqrt8_260,10,20,3476,1757,467,3,5
sqrt8_260,10,20,3488,1776,479,1,5
sqrt8_260,10,20,3376,1738,367,2,5
sqrt8_260,10,20,3469,1766,460,10,5
sqrt8_260,10,20,3439,1765,430,11,5
sqrt8_260,10,20,3456,1770,447,12,5
sqrt8_260,10,20,3503,1771,494,14,5
sqrt8_260,10,20,3489,1764,480,13,5
sqrt8_260,10,20,3482,1754,473,15,5
sqrt8_260,10,20,3459,1764,450,1,6
sqrt8_260,10,20,3488,1740,479,4,6
sqrt8_260,10,20,3541,1742,532,5,6
sqrt8_260,10,20,3504,1744,495,6,6
sqrt8_260,10,20,3443,1744,434,9,6
sqrt8_260,10,20,3475,1752,466,7,6
sqrt8_260,10,20,3423,1744,414,8,6
sqrt8_260,10,20,3466,1750,457,12,6
sqrt8_260,10,20,3432,1742,423,15,6
sqrt8_260,10,20,3482,1756,473,14,6
sqrt8_260,10,20,3470,1749,461,2,6
sqrt8_260,10,20,3468,1747,459,11,6
sqrt8_260,10,20,3467,1749,458,13,6
sqrt8_260,10,20,3388,1742,379,10,6
sqrt8_260,10,20,3466,1745,457,3,6
sqrt8_260,10,20,3446,1764,437,4,7
sqrt8_260,10,20,3502,1737,493,5,7
sqrt8_260,10,20,3468,1752,459,7,7
sqrt8_260,10,20,3407,1752,398,8,7
sqrt8_260,10,20,3460,1758,451,9,7
sqrt8_260,10,20,3423,1752,414,10,7
sqrt8_260,10,20,3414,1752,405,13,7
sqrt8_260,10,20,3390,1767,381,15,7
sqrt8_260,10,20,3496,1758,487,12,7
sqrt8_260,10,20,3460,1763,451,14,7
sqrt8_260,10,20,3380,1745,371,3,7
sqrt8_260,10,20,3436,1740,427,6,7
sqrt8_260,10,20,3515,1760,506,1,7
sqrt8_260,10,20,3483,1754,474,2,7
sqrt8_260,10,20,3493,1748,484,11,7
sqrt8_260,10,20,3396,1739,387,5,8
sqrt8_260,10,20,3428,1753,419,6,8
sqrt8_260,10,20,3451,1749,442,3,8
sqrt8_260,10,20,3426,1752,417,4,8
sqrt8_260,10,20,3429,1758,420,1,8
sqrt8_260,10,20,3452,1751,443,2,8
sqrt8_260,10,20,3450,1739,441,10,8
sqrt8_260,10,20,3432,1745,423,12,8
sqrt8_260,10,20,3469,1747,460,13,8
sqrt8_260,10,20,3460,1748,451,9,8
sqrt8_260,10,20,3511,1762,502,11,8
sqrt8_260,10,20,3447,1755,438,7,8
sqrt8_260,10,20,3423,1753,414,14,8
sqrt8_260,10,20,3473,1745,464,8,8
sqrt8_260,10,20,3477,1771,468,15,8
sqrt8_260,10,20,3432,1752,423,4,9
sqrt8_260,10,20,3456,1756,447,3,9
sqrt8_260,10,20,3420,1741,411,6,9
sqrt8_260,10,20,3497,1764,488,8,9
sqrt8_260,10,20,3456,1766,447,7,9
sqrt8_260,10,20,3562,1757,553,9,9
sqrt8_260,10,20,3501,1754,492,1,9
sqrt8_260,10,20,3440,1745,431,2,9
sqrt8_260,10,20,3466,1762,457,11,9
sqrt8_260,10,20,3510,1760,501,12,9
sqrt8_260,10,20,3498,1748,489,13,9
sqrt8_260,10,20,3486,1749,477,14,9
sqrt8_260,10,20,3436,1758,427,10,9
sqrt8_260,10,20,3461,1767,452,5,9
sqrt8_260,10,20,3477,1752,468,15,9
sqrt8_260,10,20,3463,1754,454,4,10
sqrt8_260,10,20,3424,1740,415,6,10
sqrt8_260,10,20,3476,1734,467,7,10
sqrt8_260,10,20,3439,1741,430,14,10
sqrt8_260,10,20,3501,1746,492,8,10
sqrt8_260,10,20,3477,1760,468,13,10
sqrt8_260,10,20,3437,1749,428,2,10
sqrt8_260,10,20,3443,1742,434,1,10
sqrt8_260,10,20,3482,1752,473,3,10
sqrt8_260,10,20,3391,1753,382,5,10
sqrt8_260,10,20,3439,1748,430,9,10
sqrt8_260,10,20,3495,1744,486,10,10
sqrt8_260,10,20,3398,1740,389,11,10
sqrt8_260,10,20,3487,1752,478,12,10
sqrt8_260,10,20,3448,1743,439,15,10
sqrt8_260,10,20,3403,1756,394,1,11
sqrt8_260,10,20,3427,1753,418,10,11
sqrt8_260,10,20,3451,1762,442,13,11
sqrt8_260,10,20,3447,1753,438,14,11
sqrt8_260,10,20,3399,1740,390,2,11
sqrt8_260,10,20,3401,1752,392,7,11
sqrt8_260,10,20,3510,1758,501,3,11
sqrt8_260,10,20,3421,1744,412,4,11
sqrt8_260,10,20,3427,1745,418,5,11
sqrt8_260,10,20,3389,1743,380,6,11
sqrt8_260,10,20,3459,1747,450,8,11
sqrt8_260,10,20,3396,1734,387,9,11
sqrt8_260,10,20,3404,1765,395,12,11
sqrt8_260,10,20,3417,1745,408,15,11
sqrt8_260,10,20,3456,1754,447,11,11
sqrt8_260,10,20,3488,1745,479,3,12
sqrt8_260,10,20,3438,1748,429,2,12
sqrt8_260,10,20,3480,1766,471,6,12
sqrt8_260,10,20,3493,1754,484,8,12
sqrt8_260,10,20,3484,1750,475,9,12
sqrt8_260,10,20,3423,1762,414,5,12
sqrt8_260,10,20,3480,1756,471,15,12
sqrt8_260,10,20,3444,1755,435,1,12
sqrt8_260,10,20,3450,1756,441,4,12
sqrt8_260,10,20,3410,1754,401,7,12
sqrt8_260,10,20,3456,1734,447,10,12
sqrt8_260,10,20,3443,1755,434,11,12
sqrt8_260,10,20,3514,1749,505,12,12
sqrt8_260,10,20,3496,1755,487,13,12
sqrt8_260,10,20,3515,1771,506,14,12
sqrt8_260,10,20,3461,1772,452,2,13
sqrt8_260,10,20,3339,1744,330,5,13
sqrt8_260,10,20,3349,1734,340,8,13
sqrt8_260,10,20,3395,1755,386,1,13
sqrt8_260,10,20,3421,1765,412,6,13
sqrt8_260,10,20,3432,1757,423,9,13
sqrt8_260,10,20,3446,1755,437,10,13
sqrt8_260,10,20,3432,1751,423,3,13
sqrt8_260,10,20,3491,1750,482,12,13
sqrt8_260,10,20,3478,1762,469,4,13
sqrt8_260,10,20,3437,1768,428,11,13
sqrt8_260,10,20,3508,1760,499,13,13
sqrt8_260,10,20,3435,1751,426,7,13
sqrt8_260,10,20,3376,1742,367,14,13
sqrt8_260,10,20,3447,1757,438,15,13
sqrt8_260,10,20,3365,1748,356,2,14
sqrt8_260,10,20,3445,1750,436,3,14
sqrt8_260,10,20,3387,1737,378,10,14
sqrt8_260,10,20,3521,1751,512,4,14
sqrt8_260,10,20,3442,1744,433,5,14
sqrt8_260,10,20,3537,1753,528,11,14
sqrt8_260,10,20,3502,1749,493,1,14
sqrt8_260,10,20,3409,1744,400,6,14
sqrt8_260,10,20,3479,1759,470,8,14
sqrt8_260,10,20,3529,1763,520,7,14
sqrt8_260,10,20,3489,1743,480,13,14
sqrt8_260,10,20,3435,1732,426,12,14
sqrt8_260,10,20,3473,1757,464,9,14
sqrt8_260,10,20,3461,1750,452,14,14
sqrt8_260,10,20,3487,1746,478,15,14
sqrt8_260,10,20,3424,1740,415,4,15
sqrt8_260,10,20,3377,1745,368,5,15
sqrt8_260,10,20,3415,1745,406,8,15
sqrt8_260,10,20,3458,1757,449,9,15
sqrt8_260,10,20,3492,1755,483,10,15
sqrt8_260,10,20,3407,1742,398,11,15
sqrt8_260,10,20,3470,1750,461,12,15
sqrt8_260,10,20,3448,1755,439,14,15
sqrt8_260,10,20,3444,1764,435,13,15
sqrt8_260,10,20,3399,1752,390,3,15
sqrt8_260,10,20,3382,1743,373,6,15
sqrt8_260,10,20,3396,1741,387,7,15
sqrt8_260,10,20,3498,1757,489,15,15
sqrt8_260,10,20,3438,1755,429,1,15
sqrt8_260,10,20,3482,1754,473,2,15
sqrt8_260,10,20,3558,1747,549,3,16
sqrt8_260,10,20,3464,1741,455,7,16
sqrt8_260,10,20,3464,1748,455,12,16
sqrt8_260,10,20,3478,1756,469,6,16
sqrt8_260,10,20,3443,1747,434,11,16
sqrt8_260,10,20,3433,1740,424,13,16
sqrt8_260,10,20,3412,1743,403,14,16
sqrt8_260,10,20,3633,1765,624,15,16
sqrt8_260,10,20,3474,1761,465,1,16
sqrt8_260,10,20,3396,1747,387,4,16
sqrt8_260,10,20,3493,1751,484,5,16
sqrt8_260,10,20,3462,1754,453,8,16
sqrt8_260,10,20,3459,1752,450,9,16
sqrt8_260,10,20,3496,1769,487,10,16
sqrt8_260,10,20,3417,1753,408,2,16
sqrt8_260,10,20,3418,1753,409,6,17
sqrt8_260,10,20,3433,1764,424,7,17
sqrt8_260,10,20,3519,1765,510,2,17
sqrt8_260,10,20,3492,1761,483,8,17
sqrt8_260,10,20,3495,1754,486,11,17
sqrt8_260,10,20,3450,1752,441,1,17
sqrt8_260,10,20,3504,1758,495,3,17
sqrt8_260,10,20,3487,1759,478,4,17
sqrt8_260,10,20,3404,1748,395,5,17
sqrt8_260,10,20,3557,1743,548,9,17
sqrt8_260,10,20,3429,1748,420,10,17
sqrt8_260,10,20,3492,1763,483,15,17
sqrt8_260,10,20,3458,1760,449,12,17
sqrt8_260,10,20,3438,1757,429,14,17
sqrt8_260,10,20,3480,1761,471,13,17
sqrt8_260,10,20,3377,1749,368,2,18
sqrt8_260,10,20,3454,1750,445,5,18
sqrt8_260,10,20,3447,1752,438,1,18
sqrt8_260,10,20,3478,1751,469,8,18
sqrt8_260,10,20,3474,1756,465,9,18
sqrt8_260,10,20,3473,1756,464,4,18
sqrt8_260,10,20,3552,1758,543,6,18
sqrt8_260,10,20,3446,1753,437,11,18
sqrt8_260,10,20,3466,1751,457,13,18
sqrt8_260,10,20,3458,1747,449,12,18
sqrt8_260,10,20,3440,1762,431,14,18
sqrt8_260,10,20,3447,1743,438,7,18
sqrt8_260,10,20,3462,1757,453,10,18
sqrt8_260,10,20,3474,1755,465,15,18
sqrt8_260,10,20,3448,1752,439,3,18
sqrt8_260,10,20,3493,1749,484,6,19
sqrt8_260,10,20,3533,1753,524,5,19
sqrt8_260,10,20,3517,1756,508,7,19
sqrt8_260,10,20,3566,1755,557,8,19
sqrt8_260,10,20,3481,1742,472,9,19
sqrt8_260,10,20,3504,1765,495,10,19
sqrt8_260,10,20,3501,1757,492,2,19
sqrt8_260,10,20,3438,1756,429,3,19
sqrt8_260,10,20,3500,1755,491,13,19
sqrt8_260,10,20,3492,1752,483,4,19
sqrt8_260,10,20,3499,1764,490,1,19
sqrt8_260,10,20,3466,1741,457,14,19
sqrt8_260,10,20,3514,1746,505,11,19
sqrt8_260,10,20,3496,1756,487,12,19
sqrt8_260,10,20,3433,1758,424,15,19
sqrt8_260,10,20,3475,1751,466,4,20
sqrt8_260,10,20,3407,1755,398,1,20
sqrt8_260,10,20,3531,1766,522,7,20
sqrt8_260,10,20,3496,1764,487,6,20
sqrt8_260,10,20,3431,1754,422,8,20
sqrt8_260,10,20,3497,1747,488,9,20
sqrt8_260,10,20,3427,1744,418,3,20
sqrt8_260,10,20,3480,1769,471,11,20
sqrt8_260,10,20,3431,1759,422,12,20
sqrt8_260,10,20,3506,1767,497,2,20
sqrt8_260,10,20,3395,1747,386,5,20
sqrt8_260,10,20,3462,1764,453,10,20
sqrt8_260,10,20,3471,1753,462,13,20
sqrt8_260,10,20,3390,1737,381,14,20
sqrt8_260,10,20,3472,1767,463,15,20
sqrt8_260,10,20,3492,1778,483,1,21
sqrt8_260,10,20,3500,1763,491,3,21
sqrt8_260,10,20,3526,1761,517,6,21
sqrt8_260,10,20,3490,1768,481,8,21
sqrt8_260,10,20,3487,1767,478,9,21
sqrt8_260,10,20,3428,1753,419,13,21
sqrt8_260,10,20,3478,1756,469,14,21
sqrt8_260,10,20,3442,1758,433,15,21
sqrt8_260,10,20,3480,1765,471,2,21
sqrt8_260,10,20,3542,1758,533,4,21
sqrt8_260,10,20,3525,1760,516,5,21
sqrt8_260,10,20,3417,1745,408,7,21
sqrt8_260,10,20,3434,1750,425,11,21
sqrt8_260,10,20,3418,1740,409,12,21
sqrt8_260,10,20,3482,1752,473,10,21
sqrt8_260,10,20,3486,1769,477,2,22
sqrt8_260,10,20,3375,1742,366,4,22
sqrt8_260,10,20,3423,1744,414,5,22
sqrt8_260,10,20,3519,1758,510,13,22
sqrt8_260,10,20,3432,1760,423,9,22
sqrt8_260,10,20,3471,1762,462,14,22
sqrt8_260,10,20,3478,1756,469,1,22
sqrt8_260,10,20,3443,1765,434,12,22
sqrt8_260,10,20,3390,1743,381,15,22
sqrt8_260,10,20,3515,1749,506,3,22
sqrt8_260,10,20,3417,1748,408,6,22
sqrt8_260,10,20,3569,1763,560,7,22
sqrt8_260,10,20,3504,1751,495,11,22
sqrt8_260,10,20,3476,1757,467,10,22
sqrt8_260,10,20,3436,1742,427,8,22
sqrt8_260,10,20,3547,1757,538,4,23
sqrt8_260,10,20,3430,1751,421,6,23
sqrt8_260,10,20,3401,1757,392,7,23
sqrt8_260,10,20,3442,1754,433,8,23
sqrt8_260,10,20,3461,1762,452,1,23
sqrt8_260,10,20,3432,1741,423,2,23
sqrt8_260,10,20,3473,1754,464,3,23
sqrt8_260,10,20,3411,1748,402,5,23
sqrt8_260,10,20,3343,1751,334,9,23
sqrt8_260,10,20,3484,1756,475,11,23
sqrt8_260,10,20,3458,1781,449,10,23
sqrt8_260,10,20,3410,1746,401,12,23
sqrt8_260,10,20,3414,1752,405,13,23
sqrt8_260,10,20,3369,1748,360,14,23
sqrt8_260,10,20,3489,1755,480,15,23
sqrt8_260,10,20,3438,1757,429,4,24
sqrt8_260,10,20,3470,1758,461,6,24
sqrt8_260,10,20,3469,1749,460,5,24
sqrt8_260,10,20,3442,1746,433,8,24
sqrt8_260,10,20,3450,1761,441,9,24
sqrt8_260,10,20,3391,1727,382,11,24
sqrt8_260,10,20,3398,1747,389,10,24
sqrt8_260,10,20,3390,1750,381,2,24
sqrt8_260,10,20,3360,1753,351,3,24
sqrt8_260,10,20,3407,1747,398,7,24
sqrt8_260,10,20,3481,1747,472,12,24
sqrt8_260,10,20,3407,1753,398,14,24
sqrt8_260,10,20,3454,1753,445,13,24
sqrt8_260,10,20,3417,1764,408,15,24
sqrt8_260,10,20,3401,1743,392,1,24
sqrt8_260,10,20,3442,1751,433,2,25
sqrt8_260,10,20,3513,1759,504,5,25
sqrt8_260,10,20,3428,1750,419,1,25
sqrt8_260,10,20,3506,1760,497,4,25
sqrt8_260,10,20,3458,1768,449,6,25
sqrt8_260,10,20,3421,1753,412,7,25
sqrt8_260,10,20,3439,1752,430,8,25
sqrt8_260,10,20,3374,1740,365,9,25
sqrt8_260,10,20,3433,1751,424,10,25
sqrt8_260,10,20,3525,1757,516,3,25
sqrt8_260,10,20,3483,1767,474,11,25
sqrt8_260,10,20,3453,1739,444,14,25
sqrt8_260,10,20,3466,1755,457,13,25
sqrt8_260,10,20,3395,1758,386,12,25
sqrt8_260,10,20,3428,1751,419,15,25
sqrt8_260,10,20,3455,1754,446,1,26
sqrt8_260,10,20,3461,1758,452,5,26
sqrt8_260,10,20,3452,1755,443,2,26
sqrt8_260,10,20,3418,1751,409,6,26
sqrt8_260,10,20,3363,1734,354,4,26
sqrt8_260,10,20,3448,1745,439,3,26
sqrt8_260,10,20,3425,1764,416,7,26
sqrt8_260,10,20,3423,1751,414,13,26
sqrt8_260,10,20,3439,1751,430,12,26
sqrt8_260,10,20,3464,1759,455,9,26
sqrt8_260,10,20,3516,1758,507,10,26
sqrt8_260,10,20,3445,1758,436,11,26
sqrt8_260,10,20,3398,1748,389,14,26
sqrt8_260,10,20,3445,1750,436,15,26
sqrt8_260,10,20,3422,1750,413,8,26
sqrt8_260,10,20,3461,1761,452,3,27
sqrt8_260,10,20,3532,1759,523,4,27
sqrt8_260,10,20,3483,1768,474,6,27
sqrt8_260,10,20,3449,1753,440,7,27
sqrt8_260,10,20,3403,1745,394,13,27
sqrt8_260,10,20,3509,1768,500,11,27
sqrt8_260,10,20,3535,1765,526,14,27
sqrt8_260,10,20,3448,1748,439,10,27
sqrt8_260,10,20,3519,1776,510,15,27
sqrt8_260,10,20,3525,1756,516,9,27
sqrt8_260,10,20,3516,1751,507,2,27
sqrt8_260,10,20,3440,1754,431,1,27
sqrt8_260,10,20,3460,1742,451,5,27
sqrt8_260,10,20,3508,1767,499,8,27
sqrt8_260,10,20,3516,1757,507,12,27
sqrt8_260,10,20,3466,1746,457,3,28
sqrt8_260,10,20,3445,1744,436,7,28
sqrt8_260,10,20,3518,1755,509,10,28
sqrt8_260,10,20,3484,1762,475,4,28
sqrt8_260,10,20,3453,1762,444,2,28
sqrt8_260,10,20,3423,1745,414,5,28
sqrt8_260,10,20,3456,1755,447,13,28
sqrt8_260,10,20,3530,1767,521,12,28
sqrt8_260,10,20,3513,1760,504,1,28
sqrt8_260,10,20,3466,1746,457,11,28
sqrt8_260,10,20,3528,1764,519,6,28
sqrt8_260,10,20,3482,1759,473,8,28
sqrt8_260,10,20,3480,1748,471,9,28
sqrt8_260,10,20,3414,1735,405,14,28
sqrt8_260,10,20,3482,1753,473,15,28
sqrt8_260,10,20,3410,1772,401,4,29
sqrt8_260,10,20,3468,1762,459,5,29
sqrt8_260,10,20,3473,1757,464,6,29
sqrt8_260,10,20,3408,1742,399,8,29
sqrt8_260,10,20,3398,1750,389,9,29
sqrt8_260,10,20,3443,1761,434,3,29
sqrt8_260,10,20,3501,1760,492,10,29
sqrt8_260,10,20,3502,1767,493,15,29
sqrt8_260,10,20,3511,1759,502,2,29
sqrt8_260,10,20,3478,1756,469,7,29
sqrt8_260,10,20,3489,1748,480,1,29
sqrt8_260,10,20,3445,1752,436,12,29
sqrt8_260,10,20,3411,1742,402,13,29
sqrt8_260,10,20,3433,1743,424,14,29
sqrt8_260,10,20,3510,1753,501,11,29
sqrt8_260,10,20,3436,1732,427,5,30
sqrt8_260,10,20,3496,1759,487,6,30
sqrt8_260,10,20,3465,1761,456,8,30
sqrt8_260,10,20,3422,1756,413,12,30
sqrt8_260,10,20,3456,1736,447,14,30
sqrt8_260,10,20,3464,1738,455,1,30
sqrt8_260,10,20,3499,1756,490,13,30
sqrt8_260,10,20,3430,1758,421,2,30
sqrt8_260,10,20,3469,1750,460,3,30
sqrt8_260,10,20,3495,1748,486,4,30
sqrt8_260,10,20,3449,1755,440,9,30
sqrt8_260,10,20,3479,1747,470,10,30
sqrt8_260,10,20,3470,1762,461,7,30
sqrt8_260,10,20,3485,1753,476,15,30
sqrt8_260,10,20,3482,1747,473,11,30
sqrt8_260,10,20,3467,1766,458,7,31
sqrt8_260,10,20,3440,1752,431,9,31
sqrt8_260,10,20,3471,1758,462,10,31
sqrt8_260,10,20,3436,1770,427,6,31
sqrt8_260,10,20,3449,1750,440,1,31
sqrt8_260,10,20,3447,1763,438,13,31
sqrt8_260,10,20,3409,1746,400,14,31
sqrt8_260,10,20,3548,1771,539,11,31
sqrt8_260,10,20,3480,1762,471,12,31
sqrt8_260,10,20,3443,1759,434,15,31
sqrt8_260,10,20,3415,1754,406,3,31
sqrt8_260,10,20,3528,1775,519,2,31
sqrt8_260,10,20,3476,1757,467,4,31
sqrt8_260,10,20,3473,1751,464,5,31
sqrt8_260,10,20,3473,1762,464,8,31
sqrt8_260,10,20,3517,1748,508,4,32
sqrt8_260,10,20,3441,1749,432,6,32
sqrt8_260,10,20,3472,1740,463,13,32
sqrt8_260,10,20,3514,1762,505,10,32
sqrt8_260,10,20,3533,1754,524,7,32
sqrt8_260,10,20,3504,1747,495,9,32
sqrt8_260,10,20,3481,1745,472,8,32
sqrt8_260,10,20,3506,1761,497,3,32
sqrt8_260,10,20,3520,1769,511,5,32
sqrt8_260,10,20,3424,1737,415,1,32
sqrt8_260,10,20,3502,1751,493,2,32
sqrt8_260,10,20,3433,1746,424,15,32
sqrt8_260,10,20,3447,1747,438,12,32
sqrt8_260,10,20,3489,1758,480,14,32
sqrt8_260,10,20,3524,1752,515,11,32
sqrt8_260,10,20,3429,1750,420,4,33
sqrt8_260,10,20,3452,1762,443,3,33
sqrt8_260,10,20,3469,1750,460,7,33
sqrt8_260,10,20,3484,1768,475,8,33
sqrt8_260,10,20,3369,1735,360,10,33
sqrt8_260,10,20,3472,1747,463,11,33
sqrt8_260,10,20,3467,1738,458,9,33
sqrt8_260,10,20,3419,1741,410,15,33
sqrt8_260,10,20,3403,1753,394,2,33
sqrt8_260,10,20,3446,1760,437,1,33
sqrt8_260,10,20,3435,1760,426,5,33
sqrt8_260,10,20,3490,1748,481,6,33
sqrt8_260,10,20,3481,1753,472,12,33
sqrt8_260,10,20,3403,1748,394,13,33
sqrt8_260,10,20,3407,1753,398,14,33
sqrt8_260,10,20,3548,1758,539,4,34
sqrt8_260,10,20,3404,1750,395,5,34
sqrt8_260,10,20,3414,1744,405,3,34
sqrt8_260,10,20,3486,1752,477,8,34
sqrt8_260,10,20,3516,1750,507,12,34
sqrt8_260,10,20,3443,1760,434,11,34
sqrt8_260,10,20,3436,1731,427,7,34
sqrt8_260,10,20,3486,1747,477,6,34
sqrt8_260,10,20,3431,1745,422,14,34
sqrt8_260,10,20,3467,1750,458,9,34
sqrt8_260,10,20,3428,1761,419,15,34
sqrt8_260,10,20,3467,1752,458,13,34
sqrt8_260,10,20,3482,1762,473,10,34
sqrt8_260,10,20,3465,1750,456,2,34
sqrt8_260,10,20,3395,1746,386,1,34
sqrt8_260,10,20,3446,1728,437,5,35
sqrt8_260,10,20,3457,1742,448,7,35
sqrt8_260,10,20,3361,1736,352,8,35
sqrt8_260,10,20,3455,1740,446,9,35
sqrt8_260,10,20,3479,1748,470,6,35
sqrt8_260,10,20,3431,1747,422,12,35
sqrt8_260,10,20,3408,1744,399,1,35
sqrt8_260,10,20,3418,1760,409,4,35
sqrt8_260,10,20,3328,1728,319,10,35
sqrt8_260,10,20,3368,1741,359,11,35
sqrt8_260,10,20,3392,1748,383,13,35
sqrt8_260,10,20,3450,1740,441,2,35
sqrt8_260,10,20,3436,1755,427,3,35
sqrt8_260,10,20,3416,1738,407,14,35
sqrt8_260,10,20,3393,1740,384,15,35
sqrt8_260,10,20,3471,1751,462,6,36
sqrt8_260,10,20,3520,1769,511,7,36
sqrt8_260,10,20,3428,1754,419,3,36
sqrt8_260,10,20,3406,1745,397,8,36
sqrt8_260,10,20,3472,1760,463,10,36
sqrt8_260,10,20,3454,1760,445,9,36
sqrt8_260,10,20,3454,1751,445,15,36
sqrt8_260,10,20,3502,1768,493,11,36
sqrt8_260,10,20,3497,1765,488,12,36
sqrt8_260,10,20,3487,1755,478,13,36
sqrt8_260,10,20,3496,1765,487,14,36
sqrt8_260,10,20,3444,1764,435,2,36
sqrt8_260,10,20,3541,1774,532,1,36
sqrt8_260,10,20,3455,1748,446,5,36
sqrt8_260,10,20,3451,1741,442,4,36
sqrt8_260,10,20,3425,1756,416,5,37
sqrt8_260,10,20,3383,1750,374,1,37
sqrt8_260,10,20,3437,1745,428,6,37
sqrt8_260,10,20,3465,1770,456,7,37
sqrt8_260,10,20,3489,1761,480,4,37
sqrt8_260,10,20,3409,1744,400,8,37
sqrt8_260,10,20,3420,1762,411,9,37
sqrt8_260,10,20,3472,1760,463,2,37
sqrt8_260,10,20,3428,1741,419,10,37
sqrt8_260,10,20,3463,1756,454,12,37
sqrt8_260,10,20,3419,1757,410,3,37
sqrt8_260,10,20,3437,1747,428,11,37
sqrt8_260,10,20,3433,1742,424,14,37
sqrt8_260,10,20,3385,1756,376,15,37
sqrt8_260,10,20,3410,1753,401,13,37
sqrt8_260,10,20,3404,1758,395,2,38
sqrt8_260,10,20,3467,1758,458,7,38
sqrt8_260,10,20,3442,1760,433,8,38
sqrt8_260,10,20,3570,1761,561,4,38
sqrt8_260,10,20,3478,1747,469,10,38
sqrt8_260,10,20,3448,1738,439,6,38
sqrt8_260,10,20,3398,1743,389,5,38
sqrt8_260,10,20,3447,1770,438,12,38
sqrt8_260,10,20,3460,1764,451,15,38
sqrt8_260,10,20,3408,1752,399,9,38
sqrt8_260,10,20,3440,1766,431,14,38
sqrt8_260,10,20,3466,1756,457,1,38
sqrt8_260,10,20,3524,1779,515,11,38
sqrt8_260,10,20,3475,1763,466,13,38
sqrt8_260,10,20,3532,1787,523,3,38
sqrt8_260,10,20,3516,1757,507,3,39
sqrt8_260,10,20,3549,1757,540,6,39
sqrt8_260,10,20,3499,1765,490,7,39
sqrt8_260,10,20,3483,1763,474,5,39
sqrt8_260,10,20,3488,1766,479,2,39
sqrt8_260,10,20,3549,1773,540,1,39
sqrt8_260,10,20,3533,1766,524,4,39
sqrt8_260,10,20,3460,1753,451,8,39
sqrt8_260,10,20,3451,1763,442,9,39
sqrt8_260,10,20,3405,1752,396,11,39
sqrt8_260,10,20,3555,1756,546,10,39
sqrt8_260,10,20,3432,1748,423,12,39
sqrt8_260,10,20,3503,1754,494,15,39
sqrt8_260,10,20,3509,1741,500,13,39
sqrt8_260,10,20,3481,1760,472,14,39
sqrt8_260,10,20,3405,1746,396,1,40
sqrt8_260,10,20,3479,1761,470,4,40
sqrt8_260,10,20,3477,1751,468,8,40
sqrt8_260,10,20,3468,1747,459,10,40
sqrt8_260,10,20,3479,1749,470,5,40
sqrt8_260,10,20,3484,1747,475,9,40
sqrt8_260,10,20,3467,1753,458,7,40
sqrt8_260,10,20,3409,1758,400,2,40
sqrt8_260,10,20,3560,1760,551,3,40
sqrt8_260,10,20,3444,1757,435,6,40
sqrt8_260,10,20,3423,1767,414,11,40
sqrt8_260,10,20,3424,1760,415,13,40
sqrt8_260,10,20,3491,1754,482,14,40
sqrt8_260,10,20,3471,1740,462,12,40
sqrt8_260,10,20,3424,1744,415,15,40
sqrt8_260,10,20,3515,1759,506,5,41
sqrt8_260,10,20,3414,1743,405,7,41
sqrt8_260,10,20,3438,1750,429,4,41
sqrt8_260,10,20,3445,1727,436,6,41
sqrt8_260,10,20,3432,1756,423,9,41
sqrt8_260,10,20,3522,1750,513,11,41
sqrt8_260,10,20,3475,1775,466,12,41
sqrt8_260,10,20,3554,1763,545,2,41
sqrt8_260,10,20,3403,1742,394,3,41
sqrt8_260,10,20,3479,1743,470,1,41
sqrt8_260,10,20,3400,1748,391,8,41
sqrt8_260,10,20,3427,1742,418,10,41
sqrt8_260,10,20,3512,1760,503,13,41
sqrt8_260,10,20,3456,1742,447,14,41
sqrt8_260,10,20,3455,1752,446,15,41
sqrt8_260,10,20,3437,1747,428,1,42
sqrt8_260,10,20,3509,1757,500,4,42
sqrt8_260,10,20,3477,1756,468,5,42
sqrt8_260,10,20,3413,1757,404,8,42
sqrt8_260,10,20,3461,1755,452,6,42
sqrt8_260,10,20,3377,1744,368,9,42
sqrt8_260,10,20,3414,1735,405,13,42
sqrt8_260,10,20,3382,1752,373,12,42
sqrt8_260,10,20,3487,1761,478,10,42
sqrt8_260,10,20,3423,1743,414,7,42
sqrt8_260,10,20,3425,1739,416,2,42
sqrt8_260,10,20,3468,1747,459,3,42
sqrt8_260,10,20,3410,1734,401,11,42
sqrt8_260,10,20,3470,1755,461,14,42
sqrt8_260,10,20,3411,1730,402,15,42
sqrt8_260,10,20,3423,1756,414,3,43
sqrt8_260,10,20,3469,1755,460,5,43
sqrt8_260,10,20,3450,1752,441,6,43
sqrt8_260,10,20,3601,1747,592,4,43
sqrt8_260,10,20,3444,1745,435,8,43
sqrt8_260,10,20,3547,1768,538,1,43
sqrt8_260,10,20,3544,1771,535,7,43
sqrt8_260,10,20,3441,1759,432,2,43
sqrt8_260,10,20,3445,1761,436,9,43
sqrt8_260,10,20,3459,1755,450,10,43
sqrt8_260,10,20,3457,1743,448,14,43
sqrt8_260,10,20,3514,1747,505,11,43
sqrt8_260,10,20,3416,1748,407,12,43
sqrt8_260,10,20,3385,1746,376,13,43
sqrt8_260,10,20,3515,1765,506,15,43
sqrt8_260,10,20,3509,1761,500,2,44
sqrt8_260,10,20,3405,1741,396,6,44
sqrt8_260,10,20,3425,1751,416,4,44
sqrt8_260,10,20,3526,1763,517,8,44
sqrt8_260,10,20,3421,1740,412,15,44
sqrt8_260,10,20,3477,1753,468,3,44
sqrt8_260,10,20,3417,1740,408,7,44
sqrt8_260,10,20,3451,1745,442,9,44
sqrt8_260,10,20,3417,1751,408,11,44
sqrt8_260,10,20,3440,1751,431,10,44
sqrt8_260,10,20,3433,1742,424,12,44
sqrt8_260,10,20,3448,1754,439,5,44
sqrt8_260,10,20,3452,1749,443,13,44
sqrt8_260,10,20,3375,1747,366,14,44
sqrt8_260,10,20,3457,1747,448,1,44
sqrt8_260,10,20,3439,1752,430,4,45
sqrt8_260,10,20,3509,1762,500,5,45
sqrt8_260,10,20,3458,1738,449,6,45
sqrt8_260,10,20,3449,1756,440,10,45
sqrt8_260,10,20,3523,1763,514,9,45
sqrt8_260,10,20,3479,1760,470,1,45
sqrt8_260,10,20,3424,1753,415,13,45
sqrt8_260,10,20,3521,1759,512,14,45
sqrt8_260,10,20,3493,1756,484,15,45
sqrt8_260,10,20,3417,1743,408,3,45
sqrt8_260,10,20,3477,1750,468,11,45
sqrt8_260,10,20,3493,1747,484,7,45
sqrt8_260,10,20,3544,1757,535,2,45
sqrt8_260,10,20,3453,1754,444,8,45
sqrt8_260,10,20,3594,1772,585,12,45
sqrt8_260,10,20,3464,1740,455,8,46
sqrt8_260,10,20,3416,1750,407,9,46
sqrt8_260,10,20,3410,1739,401,6,46
sqrt8_260,10,20,3425,1742,416,7,46
sqrt8_260,10,20,3424,1744,415,1,46
sqrt8_260,10,20,3404,1747,395,5,46
sqrt8_260,10,20,3454,1752,445,2,46
sqrt8_260,10,20,3459,1759,450,4,46
sqrt8_260,10,20,3485,1747,476,3,46
sqrt8_260,10,20,3448,1749,439,11,46
sqrt8_260,10,20,3497,1755,488,13,46
sqrt8_260,10,20,3529,1761,520,10,46
sqrt8_260,10,20,3508,1768,499,14,46
sqrt8_260,10,20,3457,1745,448,12,46
sqrt8_260,10,20,3477,1762,468,15,46
sqrt8_260,10,20,3366,1735,357,4,47
sqrt8_260,10,20,3356,1743,347,7,47
sqrt8_260,10,20,3505,1754,496,8,47
sqrt8_260,10,20,3417,1750,408,2,47
sqrt8_260,10,20,3424,1754,415,12,47
sqrt8_260,10,20,3405,1750,396,14,47
sqrt8_260,10,20,3442,1741,433,6,47
sqrt8_260,10,20,3362,1740,353,11,47
sqrt8_260,10,20,3472,1756,463,5,47
sqrt8_260,10,20,3416,1758,407,9,47
sqrt8_260,10,20,3411,1741,402,10,47
sqrt8_260,10,20,3379,1741,370,3,47
sqrt8_260,10,20,3420,1758,411,1,47
sqrt8_260,10,20,3390,1763,381,13,47
sqrt8_260,10,20,3486,1756,477,15,47
sqrt8_260,10,20,3443,1751,434,4,48
sqrt8_260,10,20,3518,1763,509,1,48
sqrt8_260,10,20,3446,1755,437,2,48
sqrt8_260,10,20,3470,1743,461,11,48
sqrt8_260,10,20,3416,1745,407,12,48
sqrt8_260,10,20,3388,1741,379,13,48
sqrt8_260,10,20,3469,1758,460,14,48
sqrt8_260,10,20,3491,1761,482,15,48
sqrt8_260,10,20,3497,1761,488,5,48
sqrt8_260,10,20,3475,1759,466,6,48
sqrt8_260,10,20,3448,1754,439,3,48
sqrt8_260,10,20,3560,1768,551,7,48
sqrt8_260,10,20,3458,1744,449,8,48
sqrt8_260,10,20,3537,1772,528,9,48
sqrt8_260,10,20,3483,1770,474,10,48
sqrt8_260,10,20,3448,1759,439,3,49
sqrt8_260,10,20,3425,1746,416,5,49
sqrt8_260,10,20,3466,1738,457,9,49
sqrt8_260,10,20,3540,1776,531,7,49
sqrt8_260,10,20,3471,1753,462,4,49
sqrt8_260,10,20,3445,1763,436,1,49
sqrt8_260,10,20,3423,1757,414,2,49
sqrt8_260,10,20,3538,1756,529,6,49
sqrt8_260,10,20,3429,1737,420,8,49
sqrt8_260,10,20,3387,1733,378,10,49
sqrt8_260,10,20,3453,1746,444,11,49
sqrt8_260,10,20,3441,1759,432,12,49
sqrt8_260,10,20,3500,1753,491,13,49
sqrt8_260,10,20,3435,1760,426,14,49
sqrt8_260,10,20,3448,1757,439,15,49
sqrt8_260,10,20,3508,1753,499,3,50
sqrt8_260,10,20,3456,1766,447,5,50
sqrt8_260,10,20,3489,1765,480,4,50
sqrt8_260,10,20,3502,1748,493,9,50
sqrt8_260,10,20,3457,1761,448,7,50
sqrt8_260,10,20,3435,1743,426,11,50
sqrt8_260,10,20,3463,1759,454,14,50
sqrt8_260,10,20,3397,1758,388,12,50
sqrt8_260,10,20,3487,1737,478,2,50
sqrt8_260,10,20,3501,1789,492,6,50
sqrt8_260,10,20,3505,1767,496,1,50
sqrt8_260,10,20,3439,1765,430,13,50
sqrt8_260,10,20,3486,1760,477,8,50
sqrt8_260,10,20,3463,1753,454,10,50
sqrt8_260,10,20,3463,1748,454,15,50
misex1_241,10,20,5163,2782,350,5,0
misex1_241,10,20,5190,2775,377,7,0
misex1_241,10,20,5196,2777,383,8,0
misex1_241,10,20,5165,2778,352,4,0
misex1_241,10,20,5205,2789,392,9,0
misex1_241,10,20,5224,2771,411,10,0
misex1_241,10,20,5256,2787,443,14,0
misex1_241,10,20,5150,2787,337,3,0
misex1_241,10,20,5185,2780,372,15,0
misex1_241,10,20,5240,2781,427,11,0
misex1_241,10,20,5213,2778,400,6,0
misex1_241,10,20,5165,2768,352,2,0
misex1_241,10,20,5171,2776,358,1,0
misex1_241,10,20,5223,2773,410,13,0
misex1_241,10,20,5190,2771,377,12,0
misex1_241,10,20,5345,2799,532,4,1
misex1_241,10,20,5341,2814,528,14,1
misex1_241,10,20,5320,2789,507,13,1
misex1_241,10,20,5317,2770,504,1,1
misex1_241,10,20,5264,2765,451,5,1
misex1_241,10,20,5268,2786,455,7,1
misex1_241,10,20,5283,2801,470,3,1
misex1_241,10,20,5416,2810,603,2,1
misex1_241,10,20,5378,2823,565,6,1
misex1_241,10,20,5340,2796,527,10,1
misex1_241,10,20,5405,2807,592,9,1
misex1_241,10,20,5296,2788,483,8,1
misex1_241,10,20,5352,2797,539,11,1
misex1_241,10,20,5389,2833,576,15,1
misex1_241,10,20,5330,2789,517,12,1
misex1_241,10,20,5328,2815,515,8,2
misex1_241,10,20,5285,2789,472,9,2
misex1_241,10,20,5264,2809,451,11,2
misex1_241,10,20,5274,2814,461,2,2
misex1_241,10,20,5229,2785,416,12,2
misex1_241,10,20,5247,2799,434,5,2
misex1_241,10,20,5250,2797,437,3,2
misex1_241,10,20,5436,2841,623,6,2
misex1_241,10,20,5283,2786,470,1,2
misex1_241,10,20,5327,2799,514,13,2
misex1_241,10,20,5360,2822,547,10,2
misex1_241,10,20,5298,2806,485,15,2
misex1_241,10,20,5313,2805,500,14,2
misex1_241,10,20,5352,2827,539,7,2
misex1_241,10,20,5322,2816,509,4,2
misex1_241,10,20,5258,2808,445,5,3
misex1_241,10,20,5290,2799,477,4,3
misex1_241,10,20,5221,2802,408,8,3
misex1_241,10,20,5164,2789,351,7,3
misex1_241,10,20,5337,2812,524,9,3
misex1_241,10,20,5324,2819,511,3,3
misex1_241,10,20,5222,2809,409,6,3
misex1_241,10,20,5269,2791,456,2,3
misex1_241,10,20,5283,2807,470,13,3
misex1_241,10,20,5273,2795,460,10,3
misex1_241,10,20,5241,2791,428,12,3
misex1_241,10,20,5268,2797,455,11,3
misex1_241,10,20,5248,2797,435,14,3
misex1_241,10,20,5196,2793,383,1,3
misex1_241,10,20,5283,2800,470,15,3
misex1_241,10,20,5167,2771,354,2,4
misex1_241,10,20,5234,2785,421,13,4
misex1_241,10,20,5334,2813,521,14,4
misex1_241,10,20,5356,2806,543,11,4
misex1_241,10,20,5334,2802,521,15,4
misex1_241,10,20,5191,2802,378,7,4
misex1_241,10,20,5333,2802,520,5,4
misex1_241,10,20,5218,2796,405,1,4
misex1_241,10,20,5265,2789,452,6,4
misex1_241,10,20,5323,2795,510,10,4
misex1_241,10,20,5291,2801,478,3,4
misex1_241,10,20,5369,2806,556,4,4
misex1_241,10,20,5194,2793,381,12,4
misex1_241,10,20,5327,2814,514,8,4
misex1_241,10,20,5241,2799,428,9,4
misex1_241,10,20,5172,2797,359,1,5
misex1_241,10,20,5166,2798,353,5,5
misex1_241,10,20,5267,2802,454,9,5
misex1_241,10,20,5244,2812,431,10,5
misex1_241,10,20,5300,2787,487,3,5
misex1_241,10,20,5346,2838,533,2,5
misex1_241,10,20,5340,2823,527,4,5
misex1_241,10,20,5199,2784,386,13,5
misex1_241,10,20,5395,2826,582,12,5
misex1_241,10,20,5220,2806,407,8,5
misex1_241,10,20,5172,2793,359,11,5
misex1_241,10,20,5310,2800,497,14,5
misex1_241,10,20,5317,2790,504,15,5
misex1_241,10,20,5242,2806,429,7,5
misex1_241,10,20,5354,2841,541,6,5
misex1_241,10,20,5256,2777,443,8,6
misex1_241,10,20,5228,2784,415,9,6
misex1_241,10,20,5346,2800,533,3,6
misex1_241,10,20,5261,2797,448,4,6
misex1_241,10,20,5297,2780,484,5,6
misex1_241,10,20,5297,2811,484,7,6
misex1_241,10,20,5245,2756,432,10,6
misex1_241,10,20,5252,2768,439,6,6
misex1_241,10,20,5257,2805,444,13,6
misex1_241,10,20,5234,2786,421,12,6
misex1_241,10,20,5443,2840,630,14,6
misex1_241,10,20,5253,2799,440,11,6
misex1_241,10,20,5164,2779,351,1,6
misex1_241,10,20,5277,2800,464,15,6
misex1_241,10,20,5404,2814,591,2,6
misex1_241,10,20,5267,2773,454,1,7
misex1_241,10,20,5294,2809,481,6,7
misex1_241,10,20,5275,2801,462,7,7
misex1_241,10,20,5306,2824,493,5,7
misex1_241,10,20,5291,2809,478,8,7
misex1_241,10,20,5295,2793,482,10,7
misex1_241,10,20,5302,2793,489,15,7
misex1_241,10,20,5363,2822,550,14,7
misex1_241,10,20,5425,2822,612,3,7
misex1_241,10,20,5266,2781,453,4,7
misex1_241,10,20,5326,2800,513,2,7
misex1_241,10,20,5280,2824,467,11,7
misex1_241,10,20,5177,2785,364,9,7
misex1_241,10,20,5341,2804,528,13,7
misex1_241,10,20,5168,2788,355,12,7
misex1_241,10,20,5237,2819,424,3,8
misex1_241,10,20,5207,2779,394,15,8
misex1_241,10,20,5218,2770,405,5,8
misex1_241,10,20,5303,2800,490,7,8
misex1_241,10,20,5285,2785,472,2,8
misex1_241,10,20,5250,2773,437,1,8
misex1_241,10,20,5302,2809,489,10,8
misex1_241,10,20,5228,2822,415,4,8
misex1_241,10,20,5283,2808,470,11,8
misex1_241,10,20,5261,2797,448,12,8
misex1_241,10,20,5228,2798,415,8,8
misex1_241,10,20,5343,2826,530,6,8
misex1_241,10,20,5269,2814,456,13,8
misex1_241,10,20,5259,2786,446,9,8
misex1_241,10,20,5203,2793,390,14,8
misex1_241,10,20,5233,2800,420,5,9
misex1_241,10,20,5360,2824,547,4,9
misex1_241,10,20,5376,2820,563,1,9
misex1_241,10,20,5262,2788,449,2,9
misex1_241,10,20,5322,2790,509,3,9
misex1_241,10,20,5274,2808,461,10,9
misex1_241,10,20,5310,2813,497,13,9
misex1_241,10,20,5312,2796,499,8,9
misex1_241,10,20,5199,2789,386,11,9
misex1_241,10,20,5387,2816,574,12,9
misex1_241,10,20,5294,2806,481,6,9
misex1_241,10,20,5184,2784,371,15,9
misex1_241,10,20,5352,2802,539,14,9
misex1_241,10,20,5425,2826,612,7,9
misex1_241,10,20,5291,2795,478,9,9
misex1_241,10,20,5417,2824,604,4,10
misex1_241,10,20,5405,2816,592,11,10
misex1_241,10,20,5320,2790,507,3,10
misex1_241,10,20,5330,2818,517,5,10
misex1_241,10,20,5385,2820,572,6,10
misex1_241,10,20,5205,2794,392,15,10
misex1_241,10,20,5307,2789,494,14,10
misex1_241,10,20,5329,2801,516,12,10
misex1_241,10,20,5391,2812,578,1,10
misex1_241,10,20,5334,2788,521,8,10
misex1_241,10,20,5322,2781,509,2,10
misex1_241,10,20,5299,2803,486,9,10
misex1_241,10,20,5345,2814,532,13,10
misex1_241,10,20,5270,2794,457,10,10
misex1_241,10,20,5348,2809,535,7,10
misex1_241,10,20,5282,2819,469,3,11
misex1_241,10,20,5282,2795,469,1,11
misex1_241,10,20,5253,2826,440,4,11
misex1_241,10,20,5282,2793,469,2,11
misex1_241,10,20,5406,2831,593,10,11
misex1_241,10,20,5416,2838,603,12,11
misex1_241,10,20,5265,2825,452,13,11
misex1_241,10,20,5347,2819,534,14,11
misex1_241,10,20,5311,2824,498,15,11
misex1_241,10,20,5320,2807,507,7,11
misex1_241,10,20,5339,2800,526,6,11
misex1_241,10,20,5413,2815,600,5,11
misex1_241,10,20,5325,2813,512,11,11
misex1_241,10,20,5378,2835,565,8,11
misex1_241,10,20,5350,2830,537,9,11
misex1_241,10,20,5275,2803,462,4,12
misex1_241,10,20,5323,2790,510,2,12
misex1_241,10,20,5248,2807,435,6,12
misex1_241,10,20,5377,2836,564,13,12
misex1_241,10,20,5438,2833,625,3,12
misex1_241,10,20,5277,2747,464,9,12
misex1_241,10,20,5257,2800,444,5,12
misex1_241,10,20,5295,2793,482,1,12
misex1_241,10,20,5185,2777,372,7,12
misex1_241,10,20,5153,2763,340,8,12
misex1_241,10,20,5288,2790,475,10,12
misex1_241,10,20,5223,2773,410,12,12
misex1_241,10,20,5202,2770,389,11,12
misex1_241,10,20,5230,2806,417,14,12
misex1_241,10,20,5290,2793,477,15,12
misex1_241,10,20,5281,2809,468,12,13
misex1_241,10,20,5226,2802,413,5,13
misex1_241,10,20,5335,2799,522,6,13
misex1_241,10,20,5262,2811,449,14,13
misex1_241,10,20,5324,2814,511,1,13
misex1_241,10,20,5255,2792,442,9,13
misex1_241,10,20,5215,2786,402,3,13
misex1_241,10,20,5177,2774,364,4,13
misex1_241,10,20,5224,2796,411,7,13
misex1_241,10,20,5190,2787,377,10,13
misex1_241,10,20,5318,2808,505,11,13
misex1_241,10,20,5247,2785,434,8,13
misex1_241,10,20,5187,2784,374,15,13
misex1_241,10,20,5280,2821,467,13,13
misex1_241,10,20,5238,2798,425,2,13
misex1_241,10,20,5258,2820,445,2,14
misex1_241,10,20,5289,2808,476,6,14
misex1_241,10,20,5354,2822,541,4,14
misex1_241,10,20,5229,2781,416,9,14
misex1_241,10,20,5322,2809,509,13,14
misex1_241,10,20,5314,2814,501,14,14
misex1_241,10,20,5252,2793,439,1,14
misex1_241,10,20,5389,2819,576,3,14
misex1_241,10,20,5277,2810,464,5,14
misex1_241,10,20,5295,2823,482,7,14
misex1_241,10,20,5306,2814,493,8,14
misex1_241,10,20,5347,2823,534,10,14
misex1_241,10,20,5301,2801,488,15,14
misex1_241,10,20,5269,2789,456,11,14
misex1_241,10,20,5263,2801,450,12,14
misex1_241,10,20,5232,2802,419,6,15
misex1_241,10,20,5353,2805,540,7,15
misex1_241,10,20,5308,2812,495,14,15
misex1_241,10,20,5343,2811,530,8,15
misex1_241,10,20,5378,2825,565,15,15
misex1_241,10,20,5335,2819,522,3,15
misex1_241,10,20,5284,2828,471,2,15
misex1_241,10,20,5390,2819,577,4,15
misex1_241,10,20,5320,2814,507,1,15
misex1_241,10,20,5364,2830,551,5,15
misex1_241,10,20,5302,2808,489,9,15
misex1_241,10,20,5335,2807,522,10,15
misex1_241,10,20,5265,2789,452,11,15
misex1_241,10,20,5357,2807,544,12,15
misex1_241,10,20,5423,2814,610,13,15
misex1_241,10,20,5337,2804,524,3,16
misex1_241,10,20,5319,2803,506,2,16
misex1_241,10,20,5319,2801,506,5,16
misex1_241,10,20,5241,2782,428,10,16
misex1_241,10,20,5339,2822,526,4,16
misex1_241,10,20,5308,2797,495,14,16
misex1_241,10,20,5379,2816,566,15,16
misex1_241,10,20,5325,2819,512,13,16
misex1_241,10,20,5302,2799,489,1,16
misex1_241,10,20,5362,2814,549,8,16
misex1_241,10,20,5379,2789,566,9,16
misex1_241,10,20,5365,2802,552,7,16
misex1_241,10,20,5277,2813,464,11,16
misex1_241,10,20,5367,2788,554,6,16
misex1_241,10,20,5297,2811,484,12,16
misex1_241,10,20,5224,2794,411,2,17
misex1_241,10,20,5440,2832,627,3,17
misex1_241,10,20,5255,2787,442,8,17
misex1_241,10,20,5379,2813,566,7,17
misex1_241,10,20,5339,2817,526,10,17
misex1_241,10,20,5309,2817,496,15,17
misex1_241,10,20,5323,2812,510,13,17
misex1_241,10,20,5316,2802,503,14,17
misex1_241,10,20,5283,2788,470,1,17
misex1_241,10,20,5340,2813,527,4,17
misex1_241,10,20,5298,2787,485,5,17
misex1_241,10,20,5355,2810,542,11,17
misex1_241,10,20,5239,2804,426,6,17
misex1_241,10,20,5334,2798,521,9,17
misex1_241,10,20,5318,2805,505,12,17
misex1_241,10,20,5346,2818,533,7,18
misex1_241,10,20,5269,2797,456,6,18
misex1_241,10,20,5323,2805,510,13,18
misex1_241,10,20,5245,2796,432,1,18
misex1_241,10,20,5223,2802,410,2,18
misex1_241,10,20,5305,2807,492,15,18
misex1_241,10,20,5329,2808,516,11,18
misex1_241,10,20,5366,2822,553,5,18
misex1_241,10,20,5304,2836,491,12,18
misex1_241,10,20,5268,2784,455,8,18
misex1_241,10,20,5319,2815,506,3,18
misex1_241,10,20,5191,2774,378,14,18
misex1_241,10,20,5367,2835,554,10,18
misex1_241,10,20,5325,2803,512,9,18
misex1_241,10,20,5246,2782,433,4,18
misex1_241,10,20,5319,2830,506,3,19
misex1_241,10,20,5238,2779,425,5,19
misex1_241,10,20,5276,2822,463,7,19
misex1_241,10,20,5288,2808,475,9,19
misex1_241,10,20,5342,2803,529,14,19
misex1_241,10,20,5273,2804,460,12,19
misex1_241,10,20,5342,2829,529,15,19
misex1_241,10,20,5295,2812,482,1,19
misex1_241,10,20,5279,2829,466,2,19
misex1_241,10,20,5378,2814,565,6,19
misex1_241,10,20,5317,2801,504,10,19
misex1_241,10,20,5260,2810,447,4,19
misex1_241,10,20,5257,2785,444,8,19
misex1_241,10,20,5258,2815,445,11,19
misex1_241,10,20,5355,2803,542,13,19
misex1_241,10,20,5200,2773,387,4,20
misex1_241,10,20,5258,2777,445,5,20
misex1_241,10,20,5232,2777,419,6,20
misex1_241,10,20,5345,2825,532,8,20
misex1_241,10,20,5211,2785,398,9,20
misex1_241,10,20,5308,2805,495,10,20
misex1_241,10,20,5239,2791,426,7,20
misex1_241,10,20,5134,2756,321,1,20
misex1_241,10,20,5244,2781,431,3,20
misex1_241,10,20,5290,2795,477,2,20
misex1_241,10,20,5233,2783,420,11,20
misex1_241,10,20,5272,2822,459,12,20
misex1_241,10,20,5237,2803,424,13,20
misex1_241,10,20,5227,2788,414,15,20
misex1_241,10,20,5167,2765,354,14,20
misex1_241,10,20,5323,2831,510,2,21
misex1_241,10,20,5395,2823,582,3,21
misex1_241,10,20,5336,2840,523,14,21
misex1_241,10,20,5294,2794,481,15,21
misex1_241,10,20,5363,2798,550,9,21
misex1_241,10,20,5263,2814,450,1,21
misex1_241,10,20,5242,2841,429,4,21
misex1_241,10,20,5225,2798,412,10,21
misex1_241,10,20,5302,2798,489,5,21
misex1_241,10,20,5364,2786,551,6,21
misex1_241,10,20,5232,2807,419,8,21
misex1_241,10,20,5235,2790,422,12,21
misex1_241,10,20,5249,2801,436,7,21
misex1_241,10,20,5203,2799,390,11,21
misex1_241,10,20,5274,2809,461,13,21
misex1_241,10,20,5299,2796,486,1,22
misex1_241,10,20,5244,2817,431,5,22
misex1_241,10,20,5332,2809,519,2,22
misex1_241,10,20,5290,2790,477,11,22
misex1_241,10,20,5235,2778,422,13,22
misex1_241,10,20,5314,2796,501,14,22
misex1_241,10,20,5199,2769,386,4,22
misex1_241,10,20,5222,2791,409,3,22
misex1_241,10,20,5370,2812,557,15,22
misex1_241,10,20,5309,2795,496,8,22
misex1_241,10,20,5286,2808,473,6,22
misex1_241,10,20,5276,2808,463,7,22
misex1_241,10,20,5215,2791,402,10,22
misex1_241,10,20,5398,2823,585,9,22
misex1_241,10,20,5374,2821,561,12,22
misex1_241,10,20,5213,2776,400,5,23
misex1_241,10,20,5295,2810,482,4,23
misex1_241,10,20,5247,2787,434,6,23
misex1_241,10,20,5233,2801,420,8,23
misex1_241,10,20,5268,2819,455,10,23
misex1_241,10,20,5392,2810,579,3,23
misex1_241,10,20,5236,2791,423,13,23
misex1_241,10,20,5274,2808,461,1,23
misex1_241,10,20,5273,2801,460,2,23
misex1_241,10,20,5377,2813,564,7,23
misex1_241,10,20,5296,2816,483,9,23
misex1_241,10,20,5340,2804,527,11,23
misex1_241,10,20,5246,2796,433,14,23
misex1_241,10,20,5258,2800,445,12,23
misex1_241,10,20,5297,2807,484,15,23
misex1_241,10,20,5338,2829,525,3,24
misex1_241,10,20,5186,2775,373,1,24
misex1_241,10,20,5257,2773,444,8,24
misex1_241,10,20,5302,2820,489,4,24
misex1_241,10,20,5297,2791,484,5,24
misex1_241,10,20,5296,2802,483,9,24
misex1_241,10,20,5356,2848,543,2,24
misex1_241,10,20,5312,2810,499,11,24
misex1_241,10,20,5257,2795,444,6,24
misex1_241,10,20,5270,2797,457,7,24
misex1_241,10,20,5184,2801,371,12,24
misex1_241,10,20,5216,2804,403,13,24
misex1_241,10,20,5143,2784,330,14,24
misex1_241,10,20,5226,2793,413,10,24
misex1_241,10,20,5217,2778,404,15,24
misex1_241,10,20,5318,2804,505,2,25
misex1_241,10,20,5219,2793,406,12,25
misex1_241,10,20,5312,2832,499,8,25
misex1_241,10,20,5277,2800,464,4,25
misex1_241,10,20,5250,2810,437,9,25
misex1_241,10,20,5230,2813,417,10,25
misex1_241,10,20,5297,2811,484,3,25
misex1_241,10,20,5229,2811,416,15,25
misex1_241,10,20,5269,2815,456,1,25
misex1_241,10,20,5145,2774,332,5,25
misex1_241,10,20,5382,2827,569,6,25
misex1_241,10,20,5406,2821,593,13,25
misex1_241,10,20,5249,2782,436,7,25
misex1_241,10,20,5276,2793,463,11,25
misex1_241,10,20,5175,2792,362,14,25
misex1_241,10,20,5248,2800,435,2,26
misex1_241,10,20,5181,2783,368,4,26
misex1_241,10,20,5307,2800,494,5,26
misex1_241,10,20,5347,2806,534,3,26
misex1_241,10,20,5326,2792,513,14,26
misex1_241,10,20,5366,2815,553,1,26
misex1_241,10,20,5247,2790,434,6,26
misex1_241,10,20,5364,2820,551,7,26
misex1_241,10,20,5422,2842,609,11,26
misex1_241,10,20,5313,2799,500,8,26
misex1_241,10,20,5276,2786,463,12,26
misex1_241,10,20,5253,2799,440,9,26
misex1_241,10,20,5266,2802,453,13,26
misex1_241,10,20,5355,2842,542,10,26
misex1_241,10,20,5255,2791,442,15,26
misex1_241,10,20,5322,2814,509,1,27
misex1_241,10,20,5198,2787,385,4,27
misex1_241,10,20,5160,2780,347,6,27
misex1_241,10,20,5325,2799,512,7,27
misex1_241,10,20,5221,2802,408,5,27
misex1_241,10,20,5325,2811,512,3,27
misex1_241,10,20,5240,2791,427,11,27
misex1_241,10,20,5299,2796,486,13,27
misex1_241,10,20,5373,2817,560,9,27
misex1_241,10,20,5379,2817,566,10,27
misex1_241,10,20,5225,2800,412,2,27
misex1_241,10,20,5329,2809,516,12,27
misex1_241,10,20,5294,2802,481,8,27
misex1_241,10,20,5208,2791,395,14,27
misex1_241,10,20,5377,2822,564,15,27
misex1_241,10,20,5310,2803,497,6,28
misex1_241,10,20,5389,2801,576,7,28
misex1_241,10,20,5377,2796,564,5,28
misex1_241,10,20,5229,2772,416,14,28
misex1_241,10,20,5305,2792,492,4,28
misex1_241,10,20,5334,2797,521,11,28
misex1_241,10,20,5402,2789,589,10,28
misex1_241,10,20,5342,2808,529,15,28
misex1_241,10,20,5437,2820,624,2,28
misex1_241,10,20,5263,2812,450,3,28
misex1_241,10,20,5290,2781,477,1,28
misex1_241,10,20,5282,2771,469,8,28
misex1_241,10,20,5349,2770,536,13,28
misex1_241,10,20,5440,2805,627,12,28
misex1_241,10,20,5323,2792,510,9,28
misex1_241,10,20,5216,2782,403,2,29
misex1_241,10,20,5254,2810,441,5,29
misex1_241,10,20,5401,2838,588,4,29
misex1_241,10,20,5302,2801,489,7,29
misex1_241,10,20,5279,2783,466,9,29
misex1_241,10,20,5370,2794,557,8,29
misex1_241,10,20,5255,2805,442,13,29
misex1_241,10,20,5248,2811,435,15,29
misex1_241,10,20,5170,2772,357,3,29
misex1_241,10,20,5162,2777,349,1,29
misex1_241,10,20,5256,2803,443,11,29
misex1_241,10,20,5306,2799,493,10,29
misex1_241,10,20,5202,2772,389,12,29
misex1_241,10,20,5284,2798,471,14,29
misex1_241,10,20,5233,2802,420,6,29
misex1_241,10,20,5307,2829,494,4,30
misex1_241,10,20,5246,2814,433,12,30
misex1_241,10,20,5194,2799,381,8,30
misex1_241,10,20,5417,2819,604,9,30
misex1_241,10,20,5477,2854,664,7,30
misex1_241,10,20,5269,2814,456,13,30
misex1_241,10,20,5305,2803,492,2,30
misex1_241,10,20,5310,2816,497,5,30
misex1_241,10,20,5267,2793,454,6,30
misex1_241,10,20,5350,2798,537,3,30
misex1_241,10,20,5290,2781,477,15,30
misex1_241,10,20,5356,2825,543,14,30
misex1_241,10,20,5375,2831,562,1,30
misex1_241,10,20,5308,2805,495,10,30
misex1_241,10,20,5121,2790,308,11,30
misex1_241,10,20,5393,2819,580,3,31
misex1_241,10,20,5242,2794,429,5,31
misex1_241,10,20,5220,2785,407,4,31
misex1_241,10,20,5272,2814,459,9,31
misex1_241,10,20,5314,2814,501,12,31
misex1_241,10,20,5161,2781,348,1,31
misex1_241,10,20,5315,2813,502,2,31
misex1_241,10,20,5224,2797,411,6,31
misex1_241,10,20,5316,2815,503,7,31
misex1_241,10,20,5205,2779,392,8,31
misex1_241,10,20,5236,2786,423,10,31
misex1_241,10,20,5154,2776,341,11,31
misex1_241,10,20,5299,2809,486,13,31
misex1_241,10,20,5212,2790,399,15,31
misex1_241,10,20,5260,2808,447,14,31
misex1_241,10,20,5299,2801,486,1,32
misex1_241,10,20,5341,2809,528,2,32
misex1_241,10,20,5315,2783,502,5,32
misex1_241,10,20,5284,2784,471,4,32
misex1_241,10,20,5321,2804,508,7,32
misex1_241,10,20,5320,2787,507,12,32
misex1_241,10,20,5287,2792,474,14,32
misex1_241,10,20,5383,2783,570,9,32
misex1_241,10,20,5319,2833,506,3,32
misex1_241,10,20,5263,2772,450,13,32
misex1_241,10,20,5307,2805,494,6,32
misex1_241,10,20,5313,2809,500,8,32
misex1_241,10,20,5165,2772,352,10,32
misex1_241,10,20,5280,2818,467,15,32
misex1_241,10,20,5306,2807,493,11,32
misex1_241,10,20,5289,2799,476,2,33
misex1_241,10,20,5310,2801,497,3,33
misex1_241,10,20,5353,2817,540,1,33
misex1_241,10,20,5226,2799,413,9,33
misex1_241,10,20,5347,2809,534,6,33
misex1_241,10,20,5353,2796,540,5,33
misex1_241,10,20,5237,2799,424,8,33
misex1_241,10,20,5311,2787,498,7,33
misex1_241,10,20,5190,2766,377,11,33
misex1_241,10,20,5234,2798,421,12,33
misex1_241,10,20,5303,2800,490,10,33
misex1_241,10,20,5302,2805,489,13,33
misex1_241,10,20,5246,2782,433,15,33
misex1_241,10,20,5245,2800,432,14,33
misex1_241,10,20,5229,2777,416,4,33
misex1_241,10,20,5211,2792,398,3,34
misex1_241,10,20,5201,2796,388,7,34
misex1_241,10,20,5237,2810,424,8,34
misex1_241,10,20,5239,2783,426,10,34
misex1_241,10,20,5405,2813,592,9,34
misex1_241,10,20,5274,2796,461,1,34
misex1_241,10,20,5224,2802,411,2,34
misex1_241,10,20,5230,2794,417,14,34
misex1_241,10,20,5394,2808,581,13,34
misex1_241,10,20,5442,2837,629,5,34
misex1_241,10,20,5257,2807,444,11,34
misex1_241,10,20,5165,2786,352,4,34
misex1_241,10,20,5246,2779,433,12,34
misex1_241,10,20,5273,2820,460,6,34
misex1_241,10,20,5407,2819,594,15,34
misex1_241,10,20,5313,2801,500,1,35
misex1_241,10,20,5336,2802,523,13,35
misex1_241,10,20,5221,2792,408,14,35
misex1_241,10,20,5312,2783,499,3,35
misex1_241,10,20,5233,2794,420,4,35
misex1_241,10,20,5163,2776,350,5,35
misex1_241,10,20,5261,2786,448,6,35
misex1_241,10,20,5389,2824,576,8,35
misex1_241,10,20,5211,2786,398,10,35
misex1_241,10,20,5377,2814,564,7,35
misex1_241,10,20,5308,2794,495,11,35
misex1_241,10,20,5293,2789,480,2,35
misex1_241,10,20,5210,2792,397,15,35
misex1_241,10,20,5172,2782,359,12,35
misex1_241,10,20,5343,2793,530,9,35
misex1_241,10,20,5287,2810,474,6,36
misex1_241,10,20,5234,2803,421,7,36
misex1_241,10,20,5309,2797,496,8,36
misex1_241,10,20,5273,2795,460,9,36
misex1_241,10,20,5222,2810,409,1,36
misex1_241,10,20,5237,2792,424,3,36
misex1_241,10,20,5186,2778,373,2,36
misex1_241,10,20,5311,2819,498,4,36
misex1_241,10,20,5272,2806,459,13,36
misex1_241,10,20,5342,2793,529,14,36
misex1_241,10,20,5282,2809,469,15,36
misex1_241,10,20,5288,2817,475,5,36
misex1_241,10,20,5366,2802,553,12,36
misex1_241,10,20,5317,2814,504,11,36
misex1_241,10,20,5216,2795,403,10,36
misex1_241,10,20,5274,2769,461,6,37
misex1_241,10,20,5259,2802,446,7,37
misex1_241,10,20,5407,2819,594,5,37
misex1_241,10,20,5293,2779,480,9,37
misex1_241,10,20,5305,2787,492,1,37
misex1_241,10,20,5296,2803,483,2,37
misex1_241,10,20,5221,2806,408,15,37
misex1_241,10,20,5334,2795,521,8,37
misex1_241,10,20,5301,2802,488,3,37
misex1_241,10,20,5338,2796,525,13,37
misex1_241,10,20,5274,2792,461,12,37
misex1_241,10,20,5339,2799,526,10,37
misex1_241,10,20,5402,2824,589,11,37
misex1_241,10,20,5367,2817,554,14,37
misex1_241,10,20,5279,2790,466,4,37
misex1_241,10,20,5318,2824,505,3,38
misex1_241,10,20,5366,2820,553,13,38
misex1_241,10,20,5273,2824,460,10,38
misex1_241,10,20,5301,2825,488,1,38
misex1_241,10,20,5250,2812,437,15,38
misex1_241,10,20,5260,2789,447,6,38
misex1_241,10,20,5315,2820,502,5,38
misex1_241,10,20,5185,2779,372,9,38
misex1_241,10,20,5169,2776,356,12,38
misex1_241,10,20,5411,2827,598,11,38
misex1_241,10,20,5218,2785,405,4,38
misex1_241,10,20,5381,2816,568,14,38
misex1_241,10,20,5156,2786,343,7,38
misex1_241,10,20,5355,2803,542,2,38
misex1_241,10,20,5278,2819,465,8,38
misex1_241,10,20,5215,2788,402,7,39
misex1_241,10,20,5218,2789,405,4,39
misex1_241,10,20,5222,2788,409,8,39
misex1_241,10,20,5424,2812,611,9,39
misex1_241,10,20,5260,2779,447,10,39
misex1_241,10,20,5275,2783,462,5,39
misex1_241,10,20,5270,2798,457,1,39
misex1_241,10,20,5367,2817,554,13,39
misex1_241,10,20,5274,2803,461,3,39
misex1_241,10,20,5329,2791,516,2,39
misex1_241,10,20,5339,2802,526,6,39
misex1_241,10,20,5303,2796,490,12,39
misex1_241,10,20,5189,2762,376,11,39
misex1_241,10,20,5306,2799,493,14,39
misex1_241,10,20,5315,2799,502,15,39
misex1_241,10,20,5306,2810,493,3,40
misex1_241,10,20,5274,2781,461,4,40
misex1_241,10,20,5326,2811,513,8,40
misex1_241,10,20,5297,2784,484,10,40
misex1_241,10,20,5392,2831,579,5,40
misex1_241,10,20,5353,2813,540,13,40
misex1_241,10,20,5332,2815,519,14,40
misex1_241,10,20,5270,2785,457,15,40
misex1_241,10,20,5259,2782,446,9,40
misex1_241,10,20,5345,2786,532,12,40
misex1_241,10,20,5239,2797,426,6,40
misex1_241,10,20,5332,2806,519,7,40
misex1_241,10,20,5366,2821,553,2,40
misex1_241,10,20,5356,2808,543,11,40
misex1_241,10,20,5294,2801,481,1,40
misex1_241,10,20,5223,2788,410,4,41
misex1_241,10,20,5417,2838,604,7,41
misex1_241,10,20,5267,2820,454,6,41
misex1_241,10,20,5293,2812,480,8,41
misex1_241,10,20,5298,2817,485,10,41
misex1_241,10,20,5311,2797,498,14,41
misex1_241,10,20,5204,2792,391,13,41
misex1_241,10,20,5278,2791,465,3,41
misex1_241,10,20,5265,2811,452,11,41
misex1_241,10,20,5163,2777,350,2,41
misex1_241,10,20,5248,2793,435,9,41
misex1_241,10,20,5298,2797,485,5,41
misex1_241,10,20,5278,2803,465,15,41
misex1_241,10,20,5244,2798,431,12,41
misex1_241,10,20,5302,2808,489,1,41
misex1_241,10,20,5298,2814,485,6,42
misex1_241,10,20,5303,2816,490,5,42
misex1_241,10,20,5356,2807,543,3,42
misex1_241,10,20,5327,2821,514,7,42
misex1_241,10,20,5474,2804,661,9,42
misex1_241,10,20,5375,2814,562,10,42
misex1_241,10,20,5380,2809,567,2,42
misex1_241,10,20,5316,2808,503,14,42
misex1_241,10,20,5354,2803,541,15,42
misex1_241,10,20,5286,2777,473,8,42
misex1_241,10,20,5374,2805,561,11,42
misex1_241,10,20,5295,2790,482,13,42
misex1_241,10,20,5301,2803,488,1,42
misex1_241,10,20,5386,2809,573,4,42
misex1_241,10,20,5300,2792,487,12,42
misex1_241,10,20,5332,2807,519,2,43
misex1_241,10,20,5188,2790,375,3,43
misex1_241,10,20,5267,2795,454,6,43
misex1_241,10,20,5329,2821,516,11,43
misex1_241,10,20,5259,2776,446,12,43
misex1_241,10,20,5272,2801,459,4,43
misex1_241,10,20,5238,2812,425,1,43
misex1_241,10,20,5226,2802,413,8,43
misex1_241,10,20,5271,2811,458,7,43
misex1_241,10,20,5373,2804,560,13,43
misex1_241,10,20,5231,2779,418,5,43
misex1_241,10,20,5340,2808,527,9,43
misex1_241,10,20,5320,2799,507,15,43
misex1_241,10,20,5271,2816,458,14,43
misex1_241,10,20,5376,2807,563,10,43
misex1_241,10,20,5269,2806,456,7,44
misex1_241,10,20,5237,2774,424,15,44
misex1_241,10,20,5328,2808,515,8,44
misex1_241,10,20,5339,2796,526,12,44
misex1_241,10,20,5231,2797,418,10,44
misex1_241,10,20,5275,2809,462,14,44
misex1_241,10,20,5305,2791,492,4,44
misex1_241,10,20,5210,2773,397,13,44
misex1_241,10,20,5281,2789,468,11,44
misex1_241,10,20,5285,2779,472,1,44
misex1_241,10,20,5350,2830,537,5,44
misex1_241,10,20,5344,2799,531,2,44
misex1_241,10,20,5175,2765,362,6,44
misex1_241,10,20,5200,2773,387,9,44
misex1_241,10,20,5352,2798,539,3,44
misex1_241,10,20,5411,2834,598,2,45
misex1_241,10,20,5185,2772,372,5,45
misex1_241,10,20,5320,2816,507,4,45
misex1_241,10,20,5148,2776,335,6,45
misex1_241,10,20,5292,2778,479,1,45
misex1_241,10,20,5278,2801,465,11,45
misex1_241,10,20,5196,2769,383,3,45
misex1_241,10,20,5180,2788,367,7,45
misex1_241,10,20,5225,2791,412,12,45
misex1_241,10,20,5274,2792,461,13,45
misex1_241,10,20,5344,2806,531,8,45
misex1_241,10,20,5232,2772,419,15,45
misex1_241,10,20,5249,2776,436,14,45
misex1_241,10,20,5296,2805,483,10,45
misex1_241,10,20,5235,2810,422,9,45
misex1_241,10,20,5261,2784,448,1,46
misex1_241,10,20,5292,2801,479,4,46
misex1_241,10,20,5223,2809,410,2,46
misex1_241,10,20,5280,2803,467,10,46
misex1_241,10,20,5267,2796,454,6,46
misex1_241,10,20,5319,2784,506,7,46
misex1_241,10,20,5188,2779,375,3,46
misex1_241,10,20,5342,2803,529,12,46
misex1_241,10,20,5384,2804,571,11,46
misex1_241,10,20,5136,2771,323,13,46
misex1_241,10,20,5263,2791,450,5,46
misex1_241,10,20,5306,2821,493,8,46
misex1_241,10,20,5293,2798,480,14,46
misex1_241,10,20,5317,2806,504,15,46
misex1_241,10,20,5349,2825,536,9,46
misex1_241,10,20,5278,2783,465,1,47
misex1_241,10,20,5159,2795,346,12,47
misex1_241,10,20,5308,2831,495,10,47
misex1_241,10,20,5310,2810,497,14,47
misex1_241,10,20,5303,2796,490,3,47
misex1_241,10,20,5309,2799,496,6,47
misex1_241,10,20,5338,2822,525,2,47
misex1_241,10,20,5216,2796,403,11,47
misex1_241,10,20,5351,2793,538,8,47
misex1_241,10,20,5328,2800,515,7,47
misex1_241,10,20,5292,2796,479,9,47
misex1_241,10,20,5326,2821,513,5,47
misex1_241,10,20,5378,2798,565,15,47
misex1_241,10,20,5356,2809,543,13,47
misex1_241,10,20,5226,2790,413,4,47
misex1_241,10,20,5319,2804,506,2,48
misex1_241,10,20,5300,2798,487,7,48
misex1_241,10,20,5345,2818,532,4,48
misex1_241,10,20,5317,2797,504,3,48
misex1_241,10,20,5365,2796,552,5,48
misex1_241,10,20,5226,2793,413,1,48
misex1_241,10,20,5293,2786,480,6,48
misex1_241,10,20,5260,2780,447,13,48
misex1_241,10,20,5300,2807,487,8,48
misex1_241,10,20,5182,2778,369,10,48
misex1_241,10,20,5347,2797,534,9,48
misex1_241,10,20,5205,2774,392,11,48
misex1_241,10,20,5308,2805,495,12,48
misex1_241,10,20,5356,2798,543,14,48
misex1_241,10,20,5267,2808,454,15,48
misex1_241,10,20,5320,2812,507,1,49
misex1_241,10,20,5290,2779,477,7,49
misex1_241,10,20,5279,2794,466,5,49
misex1_241,10,20,5366,2826,553,2,49
misex1_241,10,20,5262,2791,449,8,49
misex1_241,10,20,5348,2792,535,9,49
misex1_241,10,20,5343,2814,530,10,49
misex1_241,10,20,5305,2806,492,11,49
misex1_241,10,20,5260,2803,447,13,49
misex1_241,10,20,5321,2801,508,3,49
misex1_241,10,20,5341,2817,528,4,49
misex1_241,10,20,5268,2814,455,12,49
misex1_241,10,20,5193,2787,380,15,49
misex1_241,10,20,5288,2790,475,14,49
misex1_241,10,20,5359,2808,546,6,49
misex1_241,10,20,5350,2788,537,3,50
misex1_241,10,20,5270,2798,457,5,50
misex1_241,10,20,5284,2803,471,1,50
misex1_241,10,20,5242,2752,429,4,50
misex1_241,10,20,5401,2807,588,7,50
misex1_241,10,20,5234,2783,421,13,50
misex1_241,10,20,5329,2785,516,12,50
misex1_241,10,20,5286,2799,473,11,50
misex1_241,10,20,5279,2796,466,15,50
misex1_241,10,20,5288,2786,475,10,50
misex1_241,10,20,5303,2808,490,14,50
misex1_241,10,20,5342,2786,529,2,50
misex1_241,10,20,5424,2815,611,8,50
misex1_241,10,20,5381,2807,568,9,50
misex1_241,10,20,5312,2808,499,6,50
